index,card_provider,cardholder,card_number,cvv,expiry
0,American Express,Andrew Reid,4917670058364021,4769,04/27
1,JCB 15 digit,Melissa Jacobs,3593860535820595,630,07/28
2,JCB 16 digit,Sarah Williams,562248044900,037,10/34
3,Maestro,Stephen Johnson,374576805958052,345,11/27
4,American Express,Christina Coleman,2290792086516108,652,02/35
5,JCB 16 digit,Justin Benson,6011146359451379,0859,10/32
6,VISA 13 digit,Wayne Harper,3537836028694175,834,05/29
7,VISA 13 digit,James Rasmussen,4065997087724077,070,08/28
8,Maestro,Kathryn Simon,345096164076939,610,12/32
9,JCB 16 digit,Brandon Medina,4187512758422670,803,03/33
10,VISA 16 digit,Christina Fernandez,5588507459096841,651,03/34
11,Mastercard,Rebecca Newton,4537792984670154,501,11/34
12,Maestro,William Gilmore,3551291427173705,056,06/30
13,Mastercard,Ethan Johnston,4835862729485686,168,07/28
14,American Express,Daniel Rose,4900862645341292932,318,01/34
15,American Express,Heather Webb,4615317623818,217,08/31
16,Discover,Frank Price,4724869865533157,692,03/27
17,JCB 15 digit,Steven Griffin MD,2710244391178200,830,03/28
18,JCB 16 digit,Robin George,4891515606554,774,12/29
19,Discover,Jason Edwards,3513180016513792,3901,11/28
20,JCB 16 digit,Jessica Johnson,38871503111411,059,07/34
21,JCB 16 digit,Brian Pierce,4894962443009023227,6261,04/31
22,Mastercard,Tina Jones,2590659559387217,753,07/32
23,JCB 15 digit,Joshua Black,2241966951080974,220,10/27
24,JCB 16 digit,Kenneth Diaz,4500895662058460,972,08/33
25,VISA 16 digit,Lindsay Lyons,180087886498186,020,08/28
26,VISA 16 digit,Jose Buck MD,30155755770126,7405,05/29
27,JCB 15 digit,James Williams,343531025746926,4170,06/28
28,VISA 16 digit,Micheal Miller,582928742854,749,11/31
29,Diners Club / Carte Blanche,James Gray,2282215473465317,718,08/33
30,JCB 16 digit,Robert Wilson,5471525379765972,940,12/27
31,VISA 13 digit,Cheyenne Jordan,4576130703285339,569,07/32
32,JCB 15 digit,Leslie Carr,6597491277061211,220,12/31
33,Discover,Roger Duncan,213174929905756,957,05/26
34,American Express,Heather Jones,3558003160164251,456,07/33
35,JCB 16 digit,Brian Ford,4433839840369,137,06/35
36,JCB 16 digit,Nicole Rhodes,342460397583926,955,03/29
37,VISA 16 digit,Gary Krueger,374301320677446,926,09/29
38,Maestro,Stephanie Booth,568783944321,778,01/32
39,JCB 16 digit,Brittany Payne,4939651018308138,745,02/31
40,Mastercard,Leslie Carter,6011043925418190,148,06/31
41,American Express,Nathan Gilmore,341009470563882,668,01/29
42,VISA 16 digit,Alec Crawford,3544384998484245,992,05/30
43,VISA 16 digit,Donald Oneill,5229251078824151,589,01/29
44,VISA 16 digit,Stephanie Larsen,3512787968320363,016,11/27
45,JCB 16 digit,Aaron Cross,4295266994202722,852,05/28
46,Maestro,Jeremy Williams,3529320242691796,441,12/31
47,VISA 13 digit,Tammy Tucker,4733781645785,386,06/29
48,VISA 13 digit,Sheryl Jackson,2566192723037294,621,09/30
49,Discover,Helen Taylor,3507688965813565,903,04/27
50,VISA 16 digit,Donald Gonzalez,6011173586411547,664,12/30
51,JCB 16 digit,Sara Gilmore,30352886501203,591,08/34
52,American Express,Sharon Kelly,377625070244529,831,11/33
53,VISA 19 digit,Kimberly Walker,580468721114,511,02/28
54,VISA 13 digit,Judy Weiss,4883521372664705,436,04/27
55,VISA 16 digit,Adam Munoz,630458447665,3554,09/35
56,Discover,Erika Perkins,4506909733918869,944,10/26
57,Mastercard,Crystal Jones,4833891959868,045,03/34
58,VISA 13 digit,Taylor Mcpherson,4895573988617375,438,06/28
59,Maestro,Cassidy Alvarado,6011085552783495,820,02/31
60,American Express,Jennifer Brown,4392861456060278586,852,09/27
61,VISA 19 digit,Jennifer Kennedy,2652998932700927,807,05/32
62,VISA 16 digit,Richard Golden,4756011528773864871,736,08/31
63,JCB 15 digit,Matthew Cordova,4590589627948,147,03/28
64,JCB 16 digit,Mr. David Cross,345784158310535,394,08/29
65,VISA 13 digit,Sarah Boyle,2277979180694397,038,03/30
66,Discover,Samuel Duffy,6582773324657506,139,12/27
67,Mastercard,Robert Mcdonald,379542366940116,482,01/28
68,VISA 16 digit,Tiffany Livingston,6011461442884340,189,12/30
69,VISA 13 digit,Mrs. Margaret Bryant,3525454477035736,616,01/30
70,JCB 15 digit,Marc Acevedo,4363882423061401,858,11/29
71,Discover,David Trujillo,213186834823387,2467,04/27
72,VISA 16 digit,Leslie Garcia,3529020437976651,9270,04/35
73,VISA 16 digit,Tanner Gibbs,4414415082499213,025,03/26
74,VISA 16 digit,Brett Collins,180022120501297,519,07/27
75,JCB 15 digit,Kathryn Velazquez,3543092620282173,080,07/26
76,JCB 16 digit,Renee Dodson,4585801662937011082,185,08/30
77,JCB 16 digit,Nancy Payne,180026032707918,139,11/30
78,Mastercard,Amy Williams,3559789363036184,868,07/34
79,Diners Club / Carte Blanche,Amy Parrish,180003668000728,522,07/27
80,JCB 16 digit,Albert Carson,3530082776872401,296,02/34
81,Diners Club / Carte Blanche,Stephanie Hickman,346005315416141,187,11/35
82,VISA 16 digit,Allison Wilson,4440629968715447,752,09/34
83,VISA 16 digit,Kristie Hunter,30561686133922,693,05/27
84,Mastercard,Nicole Castro,4628632708041572502,019,05/34
85,Diners Club / Carte Blanche,Thomas Reese,30095813677196,210,03/34
86,VISA 13 digit,Alexander Williams,3592855954853532,920,01/31
87,VISA 19 digit,Toni Morgan,30560077149224,361,12/33
88,VISA 16 digit,Mary Franco,6011154527606627,963,06/29
89,JCB 16 digit,Melanie Moore,4308961113118,702,03/30
90,VISA 16 digit,Joshua Fletcher,3514625152322589,672,09/35
91,American Express,Michelle Martinez,3553593849760318,681,01/32
92,Maestro,David Bond,4366067239294,7389,01/33
93,VISA 13 digit,Paul Smith,4635496012641,887,03/35
94,Diners Club / Carte Blanche,Russell Hoffman,4886318683656182,433,03/29
95,Diners Club / Carte Blanche,Gloria Robinson,675971612360,453,01/28
96,JCB 15 digit,Deborah Vincent,4046643746065122,126,02/31
97,VISA 19 digit,Patricia Orr,4224431147758790,166,06/29
98,Mastercard,Caroline Mckinney,3504441494885602,575,04/33
99,Discover,Shawn Harris,2240771653164170,898,09/32
100,Mastercard,Rhonda Smith,4658115349954035,408,07/35
101,JCB 16 digit,Jennifer Boone,4558727096980204740,261,01/33
102,JCB 15 digit,Leslie Craig,4390038948924,1032,07/29
103,VISA 16 digit,Paula Bishop,4867697796848254,959,05/30
104,Diners Club / Carte Blanche,Mr. Joshua Figueroa,4415609975521849,234,07/29
105,Discover,William Russell,3553878848304501,865,02/28
106,Discover,Jerry Leach,3594893028468399,604,08/35
107,JCB 15 digit,Jill Smith,4480337138867659684,429,04/29
108,VISA 13 digit,Jerome Ellis,4784007695471077,910,03/35
109,American Express,Brooke Taylor,4319637017248680,790,01/31
110,VISA 16 digit,Christine Miller,676394439928,163,09/32
111,Mastercard,David Graham,4971960243940782,853,12/29
112,VISA 19 digit,Dr. Melanie Parker,347480566698144,480,10/27
113,Diners Club / Carte Blanche,Jaclyn Ryan,4078251960439816,763,06/32
114,JCB 15 digit,Ross Robinson DDS,4331160995784323,795,04/27
115,Maestro,Ashley Wright,503886254260,175,09/32
116,VISA 13 digit,Christopher Brown,3572838543622943,361,10/29
117,Diners Club / Carte Blanche,Becky Roman,2285710247506732,2504,09/28
118,JCB 16 digit,Jennifer Brown,180054105775711,338,12/33
119,VISA 16 digit,Crystal Williams,213116747175682,661,05/35
120,JCB 16 digit,Shannon Johnson,3546135021097604,377,01/33
121,Diners Club / Carte Blanche,Philip Palmer,4914804292526052,391,10/34
122,JCB 16 digit,Samantha Chan,378050255271115,535,07/28
123,Mastercard,Madeline Burton,213146696900772,661,10/33
124,VISA 16 digit,Joseph Castro,502000202395,624,12/34
125,JCB 16 digit,Patricia Johnson,379846918813030,251,10/30
126,Maestro,Paul Cochran,4495513400198681,764,05/27
127,VISA 19 digit,Brenda Mitchell,2720061743065366,972,10/34
128,VISA 16 digit,Brian Hicks,342393138034646,606,08/32
129,VISA 16 digit,Marco Martinez,4427038197638411,319,02/32
130,Mastercard,Pamela Crawford,4935055627411,818,10/33
131,VISA 16 digit,Taylor West,2557526726164327,583,07/30
132,JCB 16 digit,Lindsey Rodriguez,4784226349933692,879,12/29
133,Discover,Christopher Clark MD,4077628768379701,464,03/31
134,VISA 16 digit,Gregory Cole,2256124995318487,106,12/32
135,American Express,Robert Johnson,676395967869,081,03/34
136,JCB 15 digit,Dawn Griffin,4944685568284417,658,07/33
137,Maestro,Jacob Robinson,3532874601443152,997,02/26
138,Maestro,Melissa Woods,4205223065849,4119,05/31
139,Maestro,Aaron Colon,4018098012062804,781,08/28
140,Maestro,Alex Fischer,4376595227489869883,936,12/30
141,VISA 19 digit,Thomas Schmidt,30578318055620,905,09/34
142,JCB 16 digit,Amber Swanson,6548344241585874,810,11/32
143,VISA 16 digit,Emily Gomez,4516323269291,090,07/35
144,Discover,Tyrone Phelps,3522758807023615,358,06/27
145,VISA 13 digit,Laura Briggs,6011809978841854,643,06/32
146,Discover,Sherry Mendez,378284409259300,876,06/33
147,JCB 15 digit,Mark Butler,36611119969220,446,09/26
148,JCB 16 digit,Angela Steele,4264905714623371408,687,08/27
149,VISA 13 digit,Scott Russo,4142599619232,092,02/27
150,Discover,Debbie Oliver,213133837162470,573,05/34
151,JCB 16 digit,Daniel Green,060414017073,041,11/27
152,Mastercard,Michael Wood,3598029717439674,235,01/34
153,JCB 16 digit,Gary Shaw,4776575174890900,7771,04/32
154,VISA 13 digit,Edward Carter,3592920749953565,370,08/32
155,VISA 16 digit,Amanda Ortiz,4714040880491027,394,11/26
156,Discover,Tyler Coleman,4895079803929,083,06/27
157,Discover,Richard Warner,4900591325392836,185,10/35
158,American Express,Tina Diaz,3512853591330102,165,04/29
159,Diners Club / Carte Blanche,Brandon Phillips,30082918727381,610,10/32
160,American Express,Deborah Marquez,565915279725,993,01/30
161,JCB 15 digit,Dr. Jackson Huang,2288266873811927,310,06/28
162,Maestro,Margaret Jenkins,6521787355597294,428,02/34
163,JCB 16 digit,Donald Hamilton,675973155418,218,01/29
164,Diners Club / Carte Blanche,Mr. Louis Thomas,6011235372115408,363,04/27
165,JCB 15 digit,Kimberly Foster,4764424834456048,954,05/29
166,Mastercard,Travis Mcknight,4670591165717223,837,05/32
167,JCB 16 digit,Yvonne Hooper,3582534232995934,684,04/28
168,VISA 16 digit,Robert Morris,180003044346175,793,12/29
169,Discover,Yolanda Kaiser,3588896958161239,876,02/29
170,Mastercard,Melanie Silva,213117229641381,7128,11/26
171,VISA 16 digit,Anthony Hill,372628301694848,580,01/31
172,Mastercard,Mrs. Carrie Ross,3554010167525834,785,03/29
173,VISA 13 digit,Sarah Cortez,3578743265068156,811,03/32
174,Maestro,Joshua Hill,4334804769361,753,11/31
175,Discover,Joshua Bowman,343179226345427,166,06/34
176,VISA 16 digit,Michael Paul,213185780340362,472,07/32
177,Diners Club / Carte Blanche,Michelle Wilson,346594365642284,600,10/33
178,Diners Club / Carte Blanche,Edward Ballard,6011846438296261,044,08/26
179,Diners Club / Carte Blanche,Brittany West,340444687273051,585,08/31
180,American Express,Tina Baker,2254275329341843,887,04/32
181,Discover,Savannah Hill,3581921337984197,115,01/36
182,VISA 16 digit,David Valdez,345094734707646,934,08/28
183,Mastercard,Sean Frey,6550072573640158,984,08/28
184,Diners Club / Carte Blanche,Sean Davis,4793856069085262687,630,03/26
185,Diners Club / Carte Blanche,Kathy Silva,2592263040821328,609,04/33
186,American Express,Nicholas Clark,343160567052962,804,04/33
187,American Express,David Bryan,6011791160887293,636,07/30
188,VISA 19 digit,Andre Maxwell,2264875927998148,145,03/29
189,Discover,Taylor Buchanan,3506676971286620,903,12/33
190,Mastercard,Alyssa Smith,3534412182508214,425,10/30
191,JCB 16 digit,William Perez,30290374643436,975,07/28
192,VISA 16 digit,David Ruiz,6590762778942647,449,06/31
193,JCB 16 digit,Dominique Bass,4453739075676,479,08/35
194,Diners Club / Carte Blanche,Gregory Burke,3596587370919680,205,07/30
195,American Express,Richard Nelson,630401712314,780,09/31
196,VISA 13 digit,Judy Walsh,4496591605521869047,288,12/32
197,JCB 16 digit,Jason Green,30243447004557,114,09/35
198,Maestro,Mr. Henry Castro,639020779794,193,05/32
199,American Express,William Wood,3565248257625323,413,06/27
200,JCB 16 digit,Eugene Lindsey,3593634383457549,051,11/29
201,JCB 16 digit,Michelle Walter,30285331419102,097,03/33
202,JCB 16 digit,Kyle Miller,3580742965380826,676,09/31
203,Maestro,Louis Scott,4641988670219,101,07/34
204,VISA 13 digit,Vanessa Wright,6508737081752694,165,03/35
205,VISA 13 digit,Robin Nichols,630442418350,864,11/26
206,Maestro,Lisa Moore,370731637938897,392,09/29
207,VISA 19 digit,Jennifer Ewing,378605004414793,051,11/35
208,VISA 19 digit,Anthony Lewis,370887648407734,035,11/26
209,American Express,James Weaver,4032956578084714,689,09/27
210,JCB 16 digit,Crystal Brown,6011784066309728,096,05/32
211,Mastercard,Shannon Potter,4986121835504,506,06/28
212,Discover,Eric Mccarthy,213140216532504,155,09/27
213,VISA 16 digit,Jenna Miller,676334567937,533,01/36
214,VISA 19 digit,Omar Pitts,2719514357759974,147,02/30
215,JCB 16 digit,Kristopher Morris,4249843534853888,798,11/30
216,Maestro,Paul Keller,6539370586779716,427,10/35
217,JCB 16 digit,Richard Daniels,3534055055221991,024,02/26
218,American Express,Suzanne Kelly,583829278923,757,09/29
219,American Express,Stephanie Flores,4655382984284248333,446,11/28
220,VISA 16 digit,Scott Dunn,3520884977353152,940,02/31
221,Mastercard,Kimberly Morris,4037753372133,5308,08/34
222,JCB 16 digit,Victoria Kramer,579564560764,968,04/30
223,JCB 16 digit,Steven Graham,180082227750874,6676,09/30
224,American Express,Christian Santiago,2430629966443451,9768,05/34
225,Mastercard,Mark Weaver,2233843681361620,019,01/30
226,JCB 16 digit,Sheila George,3525583912035040,500,02/26
227,VISA 13 digit,Julia Vaughan,3568497477122135,967,10/33
228,VISA 16 digit,Elizabeth Smith,180058597496918,402,07/34
229,Maestro,Kathleen Hogan,3560368342420244,893,05/35
230,VISA 16 digit,Joshua Carpenter,180024482818129,683,11/34
231,Diners Club / Carte Blanche,Devin Lewis,30457431299060,311,04/32
232,JCB 16 digit,Brianna Riggs,38861298132698,279,05/35
233,Maestro,Lisa Snyder,2596654305472573,471,11/35
234,VISA 13 digit,Amy Howe,6011779107970132,550,12/31
235,JCB 16 digit,Joe Matthews,4365957828640768453,062,06/29
236,JCB 16 digit,Denise Kidd,639038076639,417,07/29
237,JCB 16 digit,Mr. Richard Patel,4722643837562976137,605,05/27
238,JCB 16 digit,Nina Joseph,5269402036230137,260,05/28
239,VISA 16 digit,Greg Jenkins,213163667202104,800,03/35
240,Mastercard,Cindy Smith,4192858635445,291,09/30
241,JCB 15 digit,Anthony Murray,4856078707924518473,845,02/27
242,American Express,Jennifer Hahn,4572059647291,390,04/32
243,VISA 16 digit,Barbara Flores,3585955465579276,297,08/33
244,Mastercard,David Robinson,3567075499827575,344,05/26
245,JCB 15 digit,Michelle Hayes,2703019987242175,866,02/34
246,Diners Club / Carte Blanche,Steven Dyer,342222360036252,864,09/28
247,Mastercard,Brian Coffey,4631974149986676,269,07/34
248,Maestro,Fernando Campos,3598769841498548,057,03/29
249,Discover,Scott Casey,676123693738,0555,02/31
250,JCB 16 digit,Kathleen Nelson,4625841074056189,212,01/33
251,VISA 13 digit,Earl Brown,5210197926149823,744,01/33
252,Maestro,Amy Sims,4653999630360652365,389,11/28
253,Mastercard,Melissa Glenn,4175190191708601,155,01/30
254,JCB 16 digit,Mr. Gregory Reynolds II,570511332894,510,04/34
255,JCB 16 digit,Emily Ashley,377148098273545,551,04/35
256,Mastercard,Angela Mann,502072355733,824,11/31
257,VISA 16 digit,Erika Harmon,3533043330250465,225,09/26
258,JCB 16 digit,Kim Monroe,4500508249492,799,12/32
259,JCB 16 digit,Shannon Howard,5250503896325866,493,02/29
260,Mastercard,Ryan Shaw,3506975245086489,964,10/35
261,JCB 16 digit,Parker Pittman,6568472791505912,546,01/29
262,JCB 15 digit,Caroline Martin,4180894483770917121,250,10/35
263,JCB 16 digit,Patricia Chambers,30010191756330,8417,08/35
264,VISA 16 digit,Alexis Bryant,503830203017,321,11/27
265,Maestro,Dr. Ronald Roberts DDS,4757350343171696,386,04/30
266,American Express,Steven Clark,30560181076230,994,01/35
267,JCB 16 digit,Paige Moore,3518125288714847,9474,08/34
268,Diners Club / Carte Blanche,Barbara Pena,4479063033395,411,07/29
269,Mastercard,Anna Ayala DVM,4797434970905832249,943,11/31
270,VISA 13 digit,Jeremiah Hughes,6011038597527047,861,07/30
271,Mastercard,Elizabeth Smith,6011079462686146,350,10/33
272,Diners Club / Carte Blanche,Adam Long,2271745420015578,517,09/28
273,JCB 16 digit,Michelle Gordon,4744366832078,8311,07/33
274,VISA 16 digit,Kathleen Perez,4867775402215306,297,12/35
275,Mastercard,Mark Novak,376741884502795,180,01/30
276,JCB 16 digit,Gary Hunt,30314473029048,4416,02/26
277,VISA 16 digit,Mary Hart,4627171895286269651,773,11/34
278,JCB 15 digit,Angela Osborn,6539619570819155,6823,07/33
279,Discover,Lee Hess,374322455327334,372,04/28
280,Discover,Laura Robinson,4162793458467129,914,03/26
281,VISA 19 digit,Tina Ochoa,5278856325452687,791,10/31
282,Diners Club / Carte Blanche,Sean Navarro,3552790412507420,047,12/26
283,VISA 13 digit,Tanner Suarez,2259527886936406,584,05/33
284,VISA 16 digit,Patrick Williams,3561605337174644,478,12/26
285,Diners Club / Carte Blanche,Jesse Taylor,4617876834192916,5680,07/27
286,Maestro,Shawn Walsh,5435706895687545,514,02/33
287,Maestro,Ralph Stevenson,630454934203,421,12/29
288,American Express,Robert Johnson,3553831806598614,030,10/31
289,Discover,Nicholas Gonzalez,38906417608456,144,05/33
290,VISA 16 digit,James Keith,3565169587386545,6999,08/33
291,Discover,Mary Nelson,372625820808578,779,05/29
292,JCB 16 digit,Andrew Gomez,371204562268788,903,06/35
293,Diners Club / Carte Blanche,Melinda Morgan,4870528519498702,413,07/33
294,JCB 16 digit,Cheryl Bailey,4724575978579959,808,08/32
295,VISA 16 digit,Rebecca Rich,3542000179652572,455,02/33
296,JCB 15 digit,Philip Key,4258375547403,867,05/27
297,JCB 16 digit,Thomas Medina,4782448526647463,329,05/32
298,VISA 16 digit,David Yu,4082873655594305681,394,12/33
299,Mastercard,Luis Johnson,4323167693507096,079,11/28
300,VISA 16 digit,Alison Mclean,3516638845376506,542,01/34
301,VISA 19 digit,Isaac Gross,4176989259649585552,537,02/28
302,VISA 13 digit,Jeffrey Moore,676311670670,882,10/35
303,Mastercard,Mary Wood,6558792940682243,376,10/32
304,JCB 15 digit,Stephen Miller,3553296009597237,224,01/29
305,JCB 15 digit,Luis Flowers,213155414557194,922,11/32
306,Mastercard,Lauren Williams,4712228156362186,999,02/28
307,Diners Club / Carte Blanche,Jonathan Fitzpatrick,3591774110917472,336,10/33
308,Diners Club / Carte Blanche,David Mathews,3583649633404747,918,11/34
309,JCB 16 digit,Michelle Novak,349912900898848,708,01/33
310,JCB 16 digit,Darrell Hartman,180069730548853,392,02/31
311,JCB 16 digit,Charlotte Oneill,4048236465935560017,731,12/27
312,JCB 16 digit,Stacy Harris,30387760250253,0979,01/32
313,VISA 16 digit,Felicia Perez,3502901373848247,130,06/35
314,American Express,Jeremy Martinez,4653939857116942,335,04/26
315,JCB 15 digit,John Summers,6011382863578262,214,10/35
316,JCB 16 digit,Ryan Lopez,4993847233881288,962,09/32
317,JCB 15 digit,Katherine Williams,4056830554278838297,997,09/32
318,JCB 16 digit,Donna Kline,2229471009133566,234,01/31
319,JCB 16 digit,Kenneth Tucker,4578588078790303538,705,03/27
320,JCB 15 digit,Ronald Melendez,345791792589200,386,03/29
321,VISA 19 digit,Caroline Kramer,30195219184027,9450,02/32
322,American Express,Roy Martinez,349591002187233,3387,09/34
323,VISA 16 digit,Megan Richard,4167876894933088,481,04/33
324,VISA 16 digit,Sergio Johnson,3519425438584085,754,07/27
325,Diners Club / Carte Blanche,Kathryn Butler MD,6511847069407750,266,12/34
326,JCB 16 digit,Ryan Ramirez,375093550461950,721,06/33
327,VISA 16 digit,Larry Gonzalez,4369305491764213,1003,12/33
328,JCB 16 digit,Jason Nelson,342989796159813,581,11/32
329,VISA 16 digit,Dr. Jeffrey Fischer,379843288687144,075,08/35
330,VISA 16 digit,Patricia Eaton,4425050526606512141,967,04/27
331,Maestro,Sheryl Warner,375447706845609,577,08/31
332,VISA 16 digit,Patrick Hernandez,4949588038365250,683,06/29
333,Maestro,Steven Nunez,30438962150450,5802,01/35
334,Mastercard,Amanda Navarro,213170134329840,544,04/31
335,VISA 19 digit,Paul Watson,4037254290673138,419,09/27
336,VISA 16 digit,Bradley Valdez,341962809407884,613,11/32
337,Mastercard,Julie Morris,6011496032678165,735,07/31
338,American Express,Alexis Mccall,3513590151987579,5206,03/34
339,VISA 19 digit,Michael Saunders,30351467613346,513,08/34
340,Mastercard,Richard Carney,2248969260388974,797,01/31
341,JCB 16 digit,Matthew Mitchell,4836582358337060,813,11/33
342,JCB 16 digit,Patricia Turner,3532171332651363,199,08/34
343,VISA 16 digit,David Cox,343169342406260,721,04/34
344,VISA 16 digit,Michelle Wade,630481623522,132,05/35
345,Diners Club / Carte Blanche,Destiny Ramirez,3519765308632740,432,01/27
346,JCB 16 digit,Jason Barnes,4210814531509908605,465,03/32
347,VISA 19 digit,Steven Tapia,4722290398634655,204,06/34
348,VISA 19 digit,Dawn Holland,4921920986760,395,12/31
349,American Express,Sabrina Jackson,180097022608952,279,12/31
350,VISA 13 digit,Valerie Spears,3540499145491093,796,04/29
351,JCB 16 digit,David Smith,2288547581547816,267,11/28
352,VISA 19 digit,Alison Perry,213194965085842,966,07/26
353,VISA 19 digit,Allison Pratt,343464909459574,861,04/34
354,JCB 15 digit,Katelyn Cox,3540737723707731,199,04/29
355,JCB 16 digit,Robert Meyers,4466484111314,225,12/33
356,Discover,Jessica Young,4682004531619901136,253,04/30
357,Diners Club / Carte Blanche,Julie Berry,349328785291589,402,01/35
358,VISA 16 digit,Carol Edwards,4512384126305615,898,11/26
359,VISA 16 digit,Christopher Parker,584425730085,059,05/29
360,Maestro,Kayla Pierce,588837806052,352,11/30
361,VISA 13 digit,Nicole Reyes,3580920078349611,246,08/31
362,Discover,Matthew Hill,4837501317730,238,09/27
363,VISA 16 digit,Sean Ray,6532943946167850,470,09/27
364,Mastercard,Stephen Woods,4718171849402,668,08/28
365,American Express,Joseph Scott,4152370300533390,350,04/30
366,JCB 15 digit,Elizabeth Ryan,213152735498786,781,09/27
367,VISA 16 digit,Chad Mason,3582187928625933,496,06/34
368,VISA 16 digit,Lisa Miller,503860362881,487,09/27
369,VISA 16 digit,Sonya Garcia,4413276512764514,222,07/32
370,Diners Club / Carte Blanche,Melissa Griffith,38072590690975,213,05/33
371,VISA 19 digit,Heather Johnson,4745791684174,127,10/26
372,VISA 13 digit,Jo Richardson,2251798959016743,794,12/28
373,VISA 13 digit,Samuel Anderson,213192980894248,326,06/28
374,JCB 16 digit,Andre Moore,372138201079926,010,05/26
375,American Express,Ana Rodriguez,180034025780660,220,12/33
376,Discover,Philip Lang,377759139039040,469,08/31
377,Diners Club / Carte Blanche,Jennifer Bolton,4587211025516408,577,03/27
378,American Express,Jessica Brown,4088118312837096,680,04/31
379,VISA 16 digit,Anthony Lopez,4110339871750255399,614,09/29
380,VISA 16 digit,John Monroe,4992734697380,513,07/26
381,VISA 16 digit,Richard Wagner,2235672825920068,272,09/28
382,VISA 16 digit,Andrea Buchanan,4338985462622785,158,04/33
383,JCB 15 digit,Jeffrey Pena,341825485233900,232,02/31
384,JCB 16 digit,Keith Gray,3511343497643189,258,08/28
385,VISA 19 digit,Katherine Wise,3593368185691266,477,12/29
386,JCB 16 digit,Raymond Fry,4608882914580708,145,08/33
387,Discover,Alisha Anderson,30548488792146,783,06/31
388,VISA 13 digit,Andrea Fleming,4991763105032284,903,03/26
389,VISA 16 digit,Jeffrey Hull,3594584602288267,103,05/35
390,American Express,Linda Nelson,3580902377833487,6652,06/29
391,Maestro,Bryan Matthews,38242291035875,982,04/34
392,Diners Club / Carte Blanche,Karen Gray,180020868276908,962,09/27
393,Discover,Nicholas Johnson MD,3525262915699132,644,03/26
394,American Express,Andrea Jackson,3552123876748076,3519,10/27
395,VISA 19 digit,Roy Calhoun,3505907367335973,844,10/27
396,VISA 16 digit,Patrick Rhodes,4401010958731810563,989,05/29
397,VISA 16 digit,Kevin Castro,3591914152752185,302,07/31
398,American Express,Jessica Alexander,30226714617664,735,11/35
399,Diners Club / Carte Blanche,Keith Crawford,3565400746894701,393,06/26
400,VISA 16 digit,Donald Johnson,3503993644311179,276,03/30
401,VISA 13 digit,Frederick Summers,36058006863811,151,11/31
402,JCB 16 digit,Jamie George,502049328466,355,09/27
403,American Express,Alyssa Baker,3500139965450971,704,06/32
404,Diners Club / Carte Blanche,Caitlyn Esparza,2223162331536511,310,01/28
405,VISA 13 digit,Theresa Davis,3551733238968914,981,12/33
406,Mastercard,Shannon Hendricks,2289733591540871,869,06/29
407,Mastercard,Charles Alvarez,4964682518087748,918,06/35
408,VISA 13 digit,Miss Lauren Tucker,180038401882883,925,07/35
409,Maestro,Mr. Harold Drake,379982306391576,786,06/26
410,Discover,Alicia Kline,38307104789115,817,03/27
411,VISA 19 digit,Donna Li,060450467471,426,10/27
412,Maestro,Aaron Reyes,3560441026110959,330,11/32
413,VISA 13 digit,Billy Moreno,180071982423470,128,01/32
414,Maestro,John Anderson,3563946975485639,360,01/33
415,VISA 16 digit,Maurice Tran,375253202278315,163,05/26
416,Mastercard,Madison Wilson,4564241844928,340,09/30
417,VISA 13 digit,Russell Luna,3518726225396737,567,12/29
418,VISA 19 digit,Larry Delgado,3538586011310482,294,02/28
419,VISA 13 digit,Joshua Gonzalez,3512531130013468,997,07/27
420,American Express,Melissa Schmidt,4086732258720751,250,08/35
421,American Express,Nathaniel Juarez,3584644372021413,011,03/29
422,JCB 16 digit,Tiffany Haley,4538609232865254,418,02/26
423,JCB 16 digit,Kenneth Lopez,180042477838068,7616,02/31
424,Maestro,Mason Owens,3588303502527460,428,02/29
425,JCB 16 digit,Sandra Hernandez,3577325222930461,134,01/36
426,JCB 16 digit,Connie Evans,676294850505,070,02/34
427,Discover,Brandy Johnson DDS,4187391487496763159,0596,02/28
428,American Express,Debbie Peterson,4266287946873829,0460,05/29
429,JCB 15 digit,Martin Bennett,6534673762045314,7166,10/30
430,Mastercard,Mr. Anthony Miranda DVM,4372044736354970606,759,11/33
431,JCB 16 digit,Tammy Powell,213133979417104,674,04/35
432,Mastercard,Tim Hodge,4960941593547438553,762,08/29
433,VISA 16 digit,Gary Parker,4479831123822092,183,07/35
434,VISA 16 digit,James Anderson,4678490353819,997,09/35
435,VISA 16 digit,Susan Tate,060438166013,286,02/30
436,Maestro,Dustin Pierce,3582643712641593,493,08/35
437,American Express,Austin Miller,38695643835187,220,12/30
438,VISA 19 digit,Paul Diaz,30112925543412,040,12/29
439,JCB 15 digit,Dr. Bruce Garcia,6011311041262192,768,04/29
440,Maestro,Amy Hayes,4564023804003095,977,11/32
441,VISA 16 digit,Arthur Moreno,30477637617964,226,06/26
442,Diners Club / Carte Blanche,Elizabeth Mccoy,4036236780527940996,045,01/30
443,Discover,Rebekah Bautista,4926623090507139095,748,12/35
444,VISA 13 digit,David Barnes,4898103269804364,983,03/29
445,Maestro,Trevor Watson,060477512911,685,11/29
446,JCB 16 digit,Darren Mckay,4279486415683215,211,06/27
447,JCB 15 digit,William Baker,4157036463373800,227,07/27
448,VISA 16 digit,Michael Hickman,5198091307227751,352,05/32
449,JCB 16 digit,Eric Woods,4149806837739,073,03/27
450,Discover,Jessica King,3598721889393800,021,02/29
451,Maestro,Kelly Lara,4253636100530,028,04/34
452,VISA 16 digit,Brandi Stewart,4938876907264818,886,03/29
453,JCB 16 digit,Tracy Kelley,6011109412239991,789,09/35
454,JCB 16 digit,Roger Williams,341315558581898,019,12/26
455,VISA 16 digit,Christopher Wilson,562675320823,119,09/33
456,VISA 16 digit,Derek Levy,2719113852715696,601,11/33
457,Discover,Bradley Werner,4022098905839,906,12/33
458,VISA 16 digit,John Moreno,2720017815974067,286,11/27
459,American Express,Robert Price,4238875947253,0523,07/27
460,VISA 16 digit,Mark Bass,30074013534655,754,02/29
461,VISA 19 digit,Melissa Jackson,30201647894615,089,07/32
462,JCB 15 digit,William White,4521458782738,513,01/34
463,JCB 16 digit,Jason Patterson,3587783508723208,102,08/34
464,JCB 16 digit,Christie White,341614785133808,325,04/26
465,American Express,Amanda Bowers,6539771845365959,435,08/29
466,Discover,Jose Aguilar,2268847046264195,607,11/29
467,Mastercard,Jeffrey Alexander,349739465234501,231,04/29
468,VISA 19 digit,Dylan Walsh,4072261636662911,659,07/26
469,JCB 16 digit,Thomas Davis,6011219999110208,213,06/27
470,VISA 16 digit,Lauren Moore,4630167586851245,947,08/33
471,Discover,Andrew Hall,4353762961187465,436,04/31
472,JCB 16 digit,Joseph Carson,3531215512577822,258,01/33
473,Maestro,Phyllis Wiggins,3581158937807185,736,07/29
474,JCB 16 digit,Richard Martinez,30289633414506,5706,11/28
475,JCB 15 digit,Melinda Taylor,639071859230,8749,02/34
476,VISA 16 digit,Stacey Phillips,2297757660945125,015,09/29
477,VISA 16 digit,Joshua Barajas,180084113922435,299,02/33
478,Discover,Virginia Gonzalez,180014084823965,938,08/29
479,VISA 16 digit,Debra Pope,379276964764723,909,12/34
480,Maestro,Danny Webb,4888155093739,685,08/28
481,Mastercard,Matthew Palmer,4610188167789,365,10/26
482,JCB 16 digit,Yolanda Coleman,30363510765817,274,06/35
483,JCB 15 digit,Karina Hart,30106445724692,840,06/33
484,Mastercard,Alan Avery,345014905548496,901,12/31
485,VISA 19 digit,Brandon Garcia,213154478192444,7574,02/35
486,Diners Club / Carte Blanche,Eric King,4736848162233444,031,05/32
487,Maestro,Emily Kirk,6557118584035798,826,05/31
488,JCB 15 digit,Virginia Gutierrez,4279076467410,181,04/31
489,VISA 13 digit,Paul Proctor,501848048978,534,03/35
490,VISA 13 digit,John Jackson,6572316938366593,925,10/29
491,Mastercard,Mark Meyer,2246467087219821,550,10/31
492,VISA 19 digit,Elaine Carter,213104981783718,977,04/27
493,VISA 19 digit,Thomas Lewis,30410354466091,204,04/34
494,Maestro,Robert Gonzalez,372812195548258,134,11/28
495,Maestro,Jason Young,676221543579,769,11/32
496,Discover,Kevin Perry,4545122239290119822,601,03/34
497,JCB 15 digit,Timothy Willis,4820796602271,382,10/30
498,Maestro,William Turner,4353060381405793,559,04/29
499,VISA 19 digit,Rodney Bowman,4532058797952519,616,03/28
500,Mastercard,Mrs. Kristen Miller,4285802249103629701,534,10/28
501,JCB 15 digit,Mary Buchanan,370067569814677,5684,06/31
502,Mastercard,Brianna Moore,30005780796507,226,02/34
503,Discover,Jennifer Rodriguez,675949535495,051,03/30
504,JCB 15 digit,Rachael Nichols,213140042051000,727,03/34
505,Maestro,David Bush,3593729461061369,722,02/32
506,Discover,Rose Garcia,30072773074771,021,09/31
507,Diners Club / Carte Blanche,Brenda Byrd,2276103270396448,135,11/26
508,JCB 16 digit,Christopher Taylor,676304969428,870,01/28
509,American Express,Bradley Smith,502021081927,028,11/33
510,Discover,Jennifer Dyer,213198106014074,709,02/32
511,VISA 13 digit,Michael York,4013726525319882,133,10/34
512,Maestro,Matthew Horne,3513822574435567,116,05/34
513,VISA 13 digit,Katrina Hoffman,676216126380,210,11/27
514,VISA 16 digit,Natasha Jenkins,4230025769084981059,422,07/26
515,VISA 16 digit,Joshua Garcia,6576486089289864,7429,06/27
516,VISA 13 digit,Calvin Lopez,6011585463912471,058,12/29
517,Diners Club / Carte Blanche,Karen Vasquez,30476899066050,931,12/35
518,VISA 16 digit,Stephanie Owens,4875222955750,337,10/28
519,VISA 13 digit,Michael Harrison,4411494708181902046,063,05/32
520,VISA 16 digit,Jeremy West,3536502410142220,216,03/31
521,JCB 16 digit,Joseph Wells,374930610364693,546,10/28
522,VISA 16 digit,Gabriel Matthews,2552427127698622,618,11/31
523,Diners Club / Carte Blanche,Lisa Thompson,4498224965360,7385,10/29
524,Diners Club / Carte Blanche,Stephanie Benton,4666933602496615849,876,02/26
525,VISA 19 digit,David Estrada,30512018626844,871,10/29
526,VISA 16 digit,James Nguyen,4102464986273107,480,01/35
527,VISA 13 digit,Michael Williams,4747213952569,872,01/27
528,Maestro,Jesus Stevens,4113447287761,602,08/35
529,American Express,Teresa Williams,2242698681363938,921,01/31
530,VISA 13 digit,Mathew Holland,675958293762,546,12/35
531,VISA 13 digit,Michael Roberts,580506030544,447,05/34
532,JCB 16 digit,Joshua Acosta,4136665664945853,405,06/26
533,Diners Club / Carte Blanche,Eric Adams,5449481780227864,945,04/29
534,Diners Club / Carte Blanche,Sarah Hamilton,4104036487243116,223,12/26
535,VISA 13 digit,Donna Pace,4422599920692981457,303,02/28
536,American Express,Michael Lester,4132689079541770,2681,09/30
537,Diners Club / Carte Blanche,Theresa Guzman,4557647465471093970,116,05/29
538,Discover,Jacob Rogers,30445372936717,570,03/28
539,Discover,Dustin Howe,3537161840439794,027,10/31
540,VISA 13 digit,Brenda Williams,180003442594731,298,05/34
541,VISA 13 digit,Jay Higgins,4331169245835576342,767,12/34
542,VISA 13 digit,Jose Burns,375089779964048,057,03/28
543,JCB 16 digit,Tom Jenkins,4137935326544256,698,11/26
544,JCB 15 digit,Michael Collier,4465057111966,319,07/32
545,VISA 16 digit,Heidi Porter,36280078209059,829,02/32
546,Diners Club / Carte Blanche,Terry Martin,3507066628050703,716,05/28
547,Diners Club / Carte Blanche,Todd Evans,4971483817547978230,131,12/26
548,Discover,Summer Harris,4193682574263236,421,06/26
549,JCB 16 digit,Erin Baker,4579400073501040804,187,08/26
550,Maestro,Sally Miller,675928262079,282,12/30
551,JCB 16 digit,Ryan Sanchez,4118627422898,745,09/31
552,VISA 16 digit,Victoria Warren,4670699356578,4455,08/26
553,Diners Club / Carte Blanche,Dr. Robert Wilson,341188795059261,469,04/30
554,Discover,Mr. Thomas Jones,501817766824,429,01/33
555,JCB 15 digit,Angela Beasley,6521953640773740,668,09/35
556,VISA 13 digit,Denise Jones,36808100927361,947,03/29
557,American Express,Adrian Long,4419249628098,652,06/33
558,JCB 16 digit,Edward Hughes,3591235703281916,339,09/26
559,Maestro,William Sosa,30004691600148,8795,01/35
560,Diners Club / Carte Blanche,Jeffrey Bell,4954574562337121395,5259,05/32
561,American Express,Tonya Henderson,36981389640623,637,03/28
562,VISA 16 digit,Jason Walker,4022311711144136096,784,04/27
563,VISA 13 digit,Leah Hernandez,30031471713031,257,10/33
564,Maestro,Jeremy Hayden,3553923389310960,638,12/27
565,VISA 19 digit,Dana Stuart,3556709415732047,685,04/34
566,JCB 15 digit,William Bradshaw,342503292880044,2714,07/33
567,VISA 13 digit,Madeline Simmons,4905092022090,901,05/28
568,VISA 19 digit,Francisco Gill,342403171598330,139,07/33
569,Discover,Wesley Schwartz,3508112087222703,404,08/26
570,Discover,Anita Flores,4579075555010,113,11/31
571,American Express,Robin Sloan,4412612833676,1604,09/31
572,Mastercard,Jessica Ford,38610938400977,453,03/27
573,VISA 16 digit,Bruce Cohen,3570359617890326,922,03/31
574,Mastercard,Jeffrey Brennan,3588166260103315,836,08/29
575,JCB 16 digit,Timothy Gonzalez,4436974420483,143,09/29
576,VISA 16 digit,Amanda Osborne,4243176791954099,084,08/27
577,Discover,Dominique Nelson MD,2269107940032985,308,12/32
578,JCB 15 digit,Lance Mcdowell,4204508653544,805,09/34
579,JCB 16 digit,Timothy Caldwell,180047511218292,514,03/29
580,Discover,Bruce Price,3555639268718473,5488,12/26
581,VISA 13 digit,Nicole Gilbert,341755164081678,520,08/33
582,Diners Club / Carte Blanche,Tyler Lawson,4879127992066,077,08/26
583,JCB 16 digit,Teresa Edwards,4561923243213,209,11/31
584,VISA 13 digit,Sarah Andrews,2276287731345761,6254,05/31
585,VISA 13 digit,Anthony Thomas,4309794971984312978,148,06/29
586,Maestro,Christian Baker,6011380438349581,484,08/30
587,VISA 16 digit,Nicole Harris,2709181010809166,474,06/35
588,Mastercard,Michelle Ware,566098405095,422,05/34
589,American Express,Sergio Bailey,3530038724289148,092,05/32
590,VISA 16 digit,Bruce Roberts,4060079312822532,386,01/33
591,American Express,Lindsay Oliver,213123900955702,3949,03/31
592,VISA 13 digit,Christopher Parrish,4710859222391264266,071,06/26
593,American Express,Kimberly Koch,4297349653983689,613,06/33
594,Discover,Aaron Donovan,4639291934454,667,01/36
595,JCB 15 digit,Jason Dean,3512644449524016,055,05/33
596,VISA 16 digit,Leslie Armstrong,4846685294314905376,190,11/32
597,VISA 16 digit,Christopher Evans,4335175455555,612,04/29
598,Discover,James Rogers,6011978499427889,214,06/27
599,JCB 15 digit,Aaron Murphy,38815991874626,692,04/28
600,VISA 16 digit,Lisa Fox,4475571925605758,078,05/29
601,JCB 16 digit,Monica Smith,581503472259,3301,01/36
602,Maestro,Christina Murphy,6011340693241154,605,12/26
603,Discover,Audrey Roman,30271992857947,964,11/26
604,Maestro,Clayton Brooks,180015272417718,221,09/32
605,Mastercard,Erika Huff,4939778562056373,618,06/27
606,Discover,Amy Allen,6546838417165868,902,12/30
607,VISA 19 digit,John Smith,6011267900368068,832,01/32
608,American Express,Justin Jensen,377985210574213,209,01/33
609,VISA 19 digit,Brenda Scott,3510080398687581,510,08/35
610,Maestro,Kimberly Orr,379804326659313,147,02/31
611,JCB 16 digit,Leslie Howard,30274016667375,696,11/27
612,Maestro,Karen Montes,3539797438252251,665,07/31
613,Maestro,James Shaw,501827795342,428,04/27
614,VISA 16 digit,Monica Carter,4496608647964967905,036,06/33
615,JCB 15 digit,Gary Campbell,36693271554628,8006,09/31
616,JCB 16 digit,Duane Holmes,180066516052415,371,10/30
617,Maestro,Shari Garza,180007342146542,302,02/33
618,Discover,Steven Yang,3540964036915062,758,03/35
619,VISA 19 digit,William Walker,4366911531169454,611,12/26
620,VISA 16 digit,Denise Perry,5527521249469550,735,01/34
621,JCB 16 digit,Jessica Foster,3596258824323107,893,08/33
622,JCB 15 digit,Deborah Hartman,3545736687077029,0260,07/26
623,Diners Club / Carte Blanche,Cassie Carey,4960581196566,600,12/28
624,JCB 15 digit,Andrew Leonard,3563052021611979,092,09/33
625,VISA 16 digit,Selena Cisneros,2229375939778426,295,11/35
626,JCB 15 digit,Douglas Edwards,4038482804157368,054,08/28
627,Maestro,Paul Taylor,213162529086648,633,12/35
628,JCB 16 digit,David Jackson,36971525047221,311,12/27
629,JCB 16 digit,Angela Brock,675945759859,226,01/27
630,VISA 19 digit,Johnny Robinson,377007120605589,245,12/30
631,VISA 16 digit,Carol Dickson,4266523493768,148,09/30
632,VISA 16 digit,Jessica Obrien,2700742530413125,720,04/32
633,American Express,Jessica Martin,379239294810517,367,11/30
634,Diners Club / Carte Blanche,Brianna Reed,502015993129,173,09/34
635,American Express,Joseph Daniels,4763943753789,050,10/30
636,Discover,Amanda Flores,4426523469738750,7285,06/32
637,Discover,Adam Mendoza,4447012791116,565,11/35
638,Mastercard,Sherry Perkins,370537628200134,720,11/26
639,Diners Club / Carte Blanche,Charles Freeman,4456358721140,732,05/27
640,American Express,Allen Peterson,2359273156112381,889,03/29
641,VISA 19 digit,Jamie Finley,374216473048320,657,04/32
642,Diners Club / Carte Blanche,Kelly Ward,639061731175,716,10/30
643,Mastercard,Kristen Clark,373989979832501,611,07/27
644,VISA 19 digit,Dr. Luke Lopez,213101446639030,005,05/28
645,VISA 16 digit,Nicole Cervantes,6011458741153161,059,05/34
646,Mastercard,Julia Paul,180028488944748,917,12/32
647,Mastercard,Theresa Gutierrez,6011080738983838,152,01/30
648,Diners Club / Carte Blanche,Maria Barker,6599767378684193,127,10/32
649,VISA 19 digit,Eric Pierce,503840816220,672,11/30
650,JCB 15 digit,Larry Holt,4229924885608438,610,09/32
651,VISA 19 digit,Joanna Williams,4428115156841704472,346,11/30
652,VISA 16 digit,Brian Willis,3506499987758502,441,06/26
653,JCB 16 digit,Kimberly Williams,2240775542792521,162,08/32
654,Mastercard,Teresa Martin,3565013002122863,434,07/29
655,JCB 15 digit,Michael Wolfe,3596209740366985,541,08/30
656,American Express,Ashley Blackburn,5297072293863056,739,12/32
657,VISA 16 digit,Dana Jones,2596225885104009,384,11/29
658,VISA 13 digit,Keith Hawkins,4173597465658,451,12/27
659,Maestro,Adam Gross,4094297311788,241,07/33
660,VISA 13 digit,Jeffery Weaver,346516735214379,480,10/26
661,VISA 19 digit,Sarah Wright,180013650335966,8521,10/26
662,Discover,Jennifer Schroeder,4196668686050,677,10/28
663,JCB 15 digit,Melanie Webb,4658387634786428,304,01/31
664,Maestro,Hunter Collins,3581122370788021,543,01/31
665,Discover,Vanessa Johnson,30506190473041,1920,05/28
666,Mastercard,Ronald Miller,6011642821815076,555,02/33
667,Discover,Daniel Hicks,30515908485684,875,11/26
668,JCB 16 digit,Amanda Payne,373660100448091,786,03/33
669,JCB 16 digit,Tamara Doyle,3586417753899352,8327,01/35
670,JCB 16 digit,Morgan Spencer,3509426830372154,900,09/33
671,JCB 15 digit,Michele Mason,3578600439180574,896,08/28
672,VISA 16 digit,Steven Mercado,213126382504641,0911,08/26
673,VISA 13 digit,Maxwell Phillips,2256361638111552,098,09/26
674,Diners Club / Carte Blanche,Theresa Nelson,4489960344095283,9178,03/34
675,Diners Club / Carte Blanche,Joseph Lee,3526175531432226,829,05/26
676,JCB 16 digit,Alexandra Hamilton,4985188926046685,470,01/30
677,American Express,Paul Conrad,341615598277856,295,10/29
678,Discover,Joshua Patton,341591370871432,350,12/32
679,VISA 13 digit,Martin Mcmahon,3545521310657888,749,08/26
680,JCB 16 digit,Marc Harvey,373891570307745,661,02/32
681,JCB 15 digit,Steven Soto,36416884036530,798,06/32
682,Discover,Renee Smith,4456490681368,280,08/26
683,JCB 15 digit,Megan Weber,4322945904393,568,05/28
684,JCB 15 digit,Chris Baker,4118566227451409,178,11/33
685,Maestro,James Smith,4230700439290866,895,04/27
686,Diners Club / Carte Blanche,Jennifer Hansen,213181046736626,518,01/34
687,VISA 16 digit,Brandon Mendoza,4588338133952,013,10/27
688,VISA 16 digit,Lori Jordan,4128353427888,265,09/30
689,Mastercard,Steven Wells,4912618311924524,647,12/26
690,Diners Club / Carte Blanche,Jasmine Horn,503881297660,871,10/31
691,VISA 16 digit,Kyle Martin,2250559101116943,021,12/28
692,Discover,Nicole Hayes,3561693167833430,223,12/27
693,Mastercard,Glenn Bailey,36298671753307,607,06/32
694,JCB 15 digit,Nancy Moody,4984211183789739,905,08/31
695,American Express,Elizabeth Pearson,30480933035816,247,10/33
696,JCB 15 digit,Pamela Rios,30313689513340,378,07/30
697,VISA 16 digit,Andrew Cooper,3558438576223632,506,11/29
698,Discover,Walter Howard,5209602742824403,387,06/31
699,JCB 16 digit,Kelly Lara,501846429030,709,06/27
700,American Express,Kim Robinson,4389188057726,393,09/30
701,Mastercard,Micheal Armstrong,345532266406616,874,06/30
702,Maestro,Mallory Joseph,4949747408255216,842,01/35
703,Discover,James Whitehead,586109644276,5334,10/30
704,Maestro,John Hanson,3575165033092560,119,10/33
705,Maestro,Rachel Martinez,5418745670242382,449,01/27
706,VISA 16 digit,Erin Gallegos,6593999449395006,967,01/29
707,VISA 13 digit,Bobby Turner,4429476487609481131,890,07/26
708,VISA 16 digit,Dwayne Davis,3527625036217026,823,04/26
709,Maestro,Jessica Hernandez,4734073038094662,081,11/31
710,JCB 16 digit,Elizabeth West,30288961235095,686,04/33
711,JCB 16 digit,Rachel Mendez,4085268673495074203,600,11/27
712,Mastercard,Taylor Arellano,2257247645436026,930,10/35
713,JCB 16 digit,Jessica Caldwell,370269000210479,322,10/35
714,Discover,Mary Reynolds,4577143878547,643,01/33
715,JCB 16 digit,Shawn Acevedo,3572899350935448,930,01/34
716,JCB 15 digit,Haley Howell,30150713918438,832,05/27
717,Discover,Leah Cross,3563672118487791,481,01/33
718,VISA 19 digit,Mark Perez,4815331670617550,968,02/28
719,VISA 19 digit,Ryan Phillips,4616222256736,386,03/35
720,VISA 16 digit,Anthony Floyd,4763603582124200988,517,04/26
721,American Express,Corey Anderson,36944029504773,136,11/29
722,VISA 13 digit,Donna Lopez,376804574394053,607,11/30
723,JCB 16 digit,Misty Adkins,503804928151,581,04/29
724,JCB 16 digit,Craig Nguyen,213149642064917,600,05/27
725,JCB 16 digit,Neil Martinez,6513251570419933,225,09/30
726,VISA 16 digit,Jason Poole,377567757582732,668,08/28
727,Maestro,Rebecca Jackson,38935325792904,933,04/34
728,VISA 19 digit,Lisa Taylor,4239770893162,125,04/35
729,Discover,John Marks,3532124305748492,033,02/33
730,VISA 16 digit,Katie Ramos,4774202962151195206,053,09/32
731,VISA 16 digit,Tyrone Sheppard,4450800144981495,879,07/27
732,Discover,Todd Brown,060466602855,649,12/34
733,Mastercard,Jason Malone,3549755648325489,403,09/32
734,American Express,Stephanie Harris,4441162459970528,490,07/28
735,American Express,Alan Myers,565180209274,525,07/31
736,Diners Club / Carte Blanche,Antonio Padilla,6575045026135332,944,07/27
737,Mastercard,Christine Hall,6547566129029671,439,07/30
738,VISA 19 digit,Sandra Doyle,4279753980760730,389,02/34
739,Discover,Andrea Erickson,343233966233572,116,10/27
740,JCB 16 digit,Courtney Johnson,3517775727749993,209,12/27
741,Mastercard,Darlene Black,6521892000895307,636,12/26
742,VISA 13 digit,Austin Baker,4314923908495803,8293,10/29
743,VISA 19 digit,Emily Morrison,4499348646084,392,10/33
744,VISA 16 digit,Riley Kim,3537998384527843,372,01/29
745,VISA 16 digit,Lisa Weaver,4974639279019,386,10/29
746,Maestro,Paul Gray,4047198718446965,133,10/34
747,JCB 16 digit,Jeffrey Mcintosh,372898486782003,916,05/26
748,JCB 16 digit,Brittany Boone,30564074749242,649,07/29
749,American Express,Jason Smith,378841629160269,953,05/34
750,Discover,Frederick Morales,3577806790888124,511,10/29
751,VISA 16 digit,Lisa Gibson,372898691910217,197,08/33
752,JCB 16 digit,Jacob Stewart,4385656982901908,263,07/32
753,JCB 16 digit,Nancy Smith,586625365810,766,01/31
754,JCB 16 digit,Wyatt Porter,501850249050,699,08/29
755,Diners Club / Carte Blanche,Jessica Mendoza,503833868253,636,03/34
756,VISA 16 digit,Thomas Oliver,3501775156944808,129,02/32
757,JCB 16 digit,Sarah Sanders,3595917301901781,591,03/31
758,JCB 15 digit,Gregory Gomez,4310634480316267,377,04/32
759,Mastercard,Melissa Phillips,3549071973068003,263,05/27
760,JCB 16 digit,Sarah Brooks,2298320848690912,659,06/27
761,American Express,Diana Martinez,2224819582225164,193,01/29
762,VISA 16 digit,Bianca Perez,3547328205434441,668,06/34
763,VISA 19 digit,David Wilkerson,4475619026845256013,8323,05/28
764,JCB 16 digit,Jeffrey Russo,3533728322695087,210,02/26
765,Discover,Paul Hunter,6505543641603549,760,01/35
766,American Express,Matthew Gomez,2704688793475127,538,01/27
767,VISA 16 digit,Christopher Ross,4888095091827,018,04/29
768,Diners Club / Carte Blanche,Jennifer Bell,4227188815885,291,05/33
769,VISA 19 digit,Amy Garcia,30222690338680,136,10/34
770,American Express,Teresa Nixon,4499738983992061,404,07/27
771,JCB 15 digit,Emily Peterson,4814402311720163661,383,09/32
772,VISA 13 digit,Beth Mcdonald,6510266517788086,111,05/33
773,VISA 16 digit,Jasmin Mcconnell,2288140615791129,161,05/30
774,VISA 19 digit,Jennifer Bernard,3578575385024515,199,01/32
775,Discover,Gavin Graves,4683944493283860,800,11/34
776,JCB 16 digit,Erica Dunn,375570921829593,904,04/34
777,JCB 16 digit,Denise Johnson,6011520846355734,241,05/28
778,Mastercard,Mr. Robert Guerrero,2281076684005065,845,05/32
779,JCB 16 digit,Colin Johnson,4184056264274483,449,11/26
780,JCB 16 digit,Nicole Lee,4701606530532,599,07/34
781,VISA 19 digit,Glen Gaines,4579542871425876,812,12/28
782,JCB 16 digit,Ryan Rivera,2284628322655169,410,06/34
783,American Express,Crystal Molina,30588684486440,567,03/33
784,JCB 15 digit,Devon Mitchell,2709520940383679,034,02/34
785,VISA 16 digit,Mark Webb,4383888382134135,619,02/28
786,American Express,Anita Robinson,180094207992376,412,05/30
787,JCB 15 digit,Sheena Cross,4965522872605165,766,12/27
788,VISA 16 digit,Yvonne Robinson,3527625436252300,1259,11/28
789,JCB 15 digit,Jennifer Hunt,4369157660713533,592,12/32
790,Diners Club / Carte Blanche,Debbie Malone,4097642855529504,149,07/30
791,VISA 13 digit,James Nichols,4480779183236249,269,08/34
792,JCB 15 digit,Peter Bailey,3584726981803222,489,02/28
793,VISA 19 digit,Michael Mckenzie,349965830310995,881,03/34
794,Maestro,Mark Cook,4963386227626044505,972,11/27
795,American Express,David Jackson,4885633122281177581,236,01/28
796,JCB 16 digit,Tammy Meyer,630494861499,069,01/29
797,Mastercard,Stephen Romero,3598186534599781,604,08/35
798,Discover,Nicholas Nixon,3527759388098088,253,10/27
799,VISA 16 digit,Cheryl Barnes,4201424920569,904,04/29
800,VISA 13 digit,Sheena Solis,3584660248957317,749,11/28
801,JCB 16 digit,Devin Moore,4154115417009919,431,07/33
802,VISA 13 digit,Dana Lucas,213162457250042,982,11/29
803,JCB 15 digit,Bridget Alvarez,3511129163024964,975,05/35
804,Diners Club / Carte Blanche,Michael Wilkins,5186783733801019,301,01/35
805,VISA 16 digit,Robert Arnold,371054595307271,964,07/27
806,VISA 13 digit,Kyle Garcia,343875320862221,0635,03/33
807,VISA 16 digit,Stephanie Bauer,4547829335143511,559,10/26
808,VISA 16 digit,Isaiah Larson,3590903479041241,3506,09/33
809,VISA 13 digit,Diana Barnes,6508053979058255,563,07/29
810,JCB 16 digit,James Wilkerson,4120238594506076,684,08/28
811,American Express,Melissa Nelson,639011232118,337,12/31
812,VISA 16 digit,Michelle Valenzuela,213165708909803,511,12/30
813,American Express,Lydia Osborn,180037080410388,520,09/30
814,VISA 16 digit,Susan Smith,4562658865356417945,854,09/33
815,Discover,Karen Cunningham,4069448205877138,361,11/26
816,JCB 16 digit,Justin Flores,2347166149686948,904,05/26
817,Discover,Sabrina Howard,4255529430205246157,068,09/35
818,JCB 16 digit,Sean Navarro,3571689138922490,205,08/26
819,VISA 19 digit,Scott Lewis,3515319821040983,4933,01/36
820,JCB 16 digit,Garrett Green,4590011193801250,200,02/31
821,VISA 19 digit,Stephen Harris,30568088905674,714,10/26
822,American Express,Jennifer Miller,3501424957620289,2418,06/29
823,VISA 13 digit,Sean Wells,343700819656423,233,04/29
824,Discover,Amy Clark,4641217897646094,145,10/35
825,VISA 16 digit,Jason Jones,4275703636856,918,12/26
826,Diners Club / Carte Blanche,Leonard Villanueva,639076116222,853,03/32
827,American Express,James Liu,4160237510636851,923,09/27
828,VISA 19 digit,Shawn Sampson,6587016076135825,649,06/33
829,JCB 15 digit,Shirley Rowland,379641811669195,392,01/32
830,VISA 19 digit,Tracy Smith,4773602084112051,674,08/29
831,VISA 16 digit,Clayton Jackson,676181860476,231,08/33
832,Mastercard,Curtis Lee,630462141635,514,08/33
833,VISA 13 digit,Samuel White,4491238373978,946,10/31
834,Mastercard,Jesse Lane,501872239741,817,09/27
835,JCB 16 digit,Erica Nguyen,4160472838814407,505,10/33
836,Mastercard,Kari Clayton,3550929161832389,091,11/27
837,Discover,Laura Caldwell,4379837061130273373,959,12/30
838,JCB 15 digit,John Lawrence,4619307227278940681,473,04/34
839,VISA 16 digit,Stacey Herman,6599368701644523,571,12/32
840,JCB 16 digit,Cynthia Miller,4259564973587814,330,01/29
841,Diners Club / Carte Blanche,Vanessa Hogan,2271530202136333,9629,08/35
842,Discover,Michelle Baxter,3533577554049228,260,12/33
843,VISA 16 digit,Veronica Turner,3598298170749768,204,03/35
844,VISA 19 digit,Christopher Conley,4221283803368638253,054,05/35
845,Diners Club / Carte Blanche,Jordan Brown,3578949266056534,849,03/26
846,JCB 16 digit,Gregory Keller,30238751902628,736,06/35
847,Mastercard,Nancy Mays,4999096028366931,060,05/26
848,VISA 13 digit,Shawn Williams,675974017989,362,05/33
849,JCB 16 digit,Nathaniel Hendricks,6521660099714931,866,08/35
850,JCB 16 digit,Michael English II,6011084124071307,578,09/30
851,VISA 19 digit,Stephen Wallace,6515355222866108,419,09/26
852,JCB 15 digit,William Baldwin,3552902241745333,280,09/26
853,VISA 19 digit,Mrs. Deanna Martinez,4755852889251891,062,06/31
854,JCB 16 digit,Bethany Castro,340075335155918,451,05/35
855,Mastercard,Wendy Hamilton,3570679972170745,828,05/35
856,JCB 16 digit,Justin Bray DDS,4075140091236683,349,03/29
857,VISA 16 digit,Russell Torres,3518983574103236,3993,03/34
858,VISA 16 digit,Rebekah Lee,502001939961,840,05/29
859,American Express,Stephanie Barton MD,639041186268,137,01/33
860,JCB 15 digit,Kyle Underwood,4024366225154359,124,01/27
861,Maestro,Daniel Torres,4827998664072806,890,04/32
862,Diners Club / Carte Blanche,Dylan Crawford,4458124273791795,8742,11/32
863,VISA 19 digit,Michael Schmidt,30258512258557,468,12/34
864,VISA 13 digit,Alexander Summers,3510593395411599,927,02/29
865,Mastercard,John Smith,4780385082719546,536,04/28
866,Mastercard,Toni Williams,30313948109310,823,06/32
867,VISA 19 digit,Angela Montgomery,5590258757962450,316,04/29
868,VISA 16 digit,Alexis Mayo,3590296209720956,351,06/32
869,Discover,Matthew Yates,36949453465250,258,02/28
870,JCB 15 digit,Stephanie Johnson,30414897036031,593,06/35
871,Discover,Samantha Rogers,4773881880221,899,02/30
872,VISA 13 digit,Stephanie Garcia,349821437128530,035,10/31
873,Maestro,Mr. Paul Delgado,4170503002708,918,06/34
874,Mastercard,Ryan Barker,4174790435829,771,03/34
875,Maestro,Mallory Miller,36101867224994,981,03/31
876,VISA 19 digit,Kimberly Ferguson,2518185955102066,192,09/26
877,Diners Club / Carte Blanche,Cindy Jackson,180055844746699,909,03/30
878,Discover,Kevin Phelps,2514981276092703,948,03/35
879,Maestro,Daniel Rivera,4536849528936904,730,11/26
880,Maestro,Sean Williams,370833934465283,231,11/26
881,Discover,Jessica Travis,3590504565679975,762,01/28
882,JCB 16 digit,Mark Kemp,6547673956843958,664,05/29
883,Discover,Matthew Henderson,30128287676111,631,02/32
884,VISA 19 digit,Alison Johnson,2720284205657682,034,09/29
885,VISA 16 digit,Richard Miranda,3534324114546032,760,09/34
886,Discover,Andrew Wilson,373279679810407,7928,10/27
887,JCB 16 digit,Jerome Brown,3501863467982145,560,09/26
888,Diners Club / Carte Blanche,Lawrence Harris,371286087816423,393,05/27
889,VISA 16 digit,Chelsey Schwartz,6011565666504515,296,02/29
890,VISA 16 digit,Marc Williams,3550718387542652,598,10/26
891,Maestro,Nicole Davis,502004154014,073,01/28
892,JCB 15 digit,Steven Jackson,3555971163193936,587,03/33
893,JCB 15 digit,Melissa Reeves,3549732921596045,094,09/28
894,Discover,Elizabeth Arias,6011388832009164,378,07/26
895,Maestro,Sheila Banks,4598866717266,989,10/35
896,Maestro,John Williams,30173885453539,773,01/31
897,VISA 13 digit,Eric Gray,4667546855992,431,02/29
898,JCB 16 digit,Jeffery Rodriguez,4028969654216,947,01/28
899,VISA 16 digit,Michael Palmer,213156763312033,427,09/28
900,Mastercard,Emily Marquez,6011247489070756,573,04/31
901,Mastercard,Alexis Bailey,4904340772309,368,10/34
902,VISA 16 digit,Steven Pittman,348657743619114,794,10/29
903,Diners Club / Carte Blanche,Vanessa Walter,213166957634712,111,03/34
904,Discover,Robert Vasquez,4267577325251806,867,08/26
905,Discover,David Morgan,3581393264553322,592,12/35
906,VISA 16 digit,Paul Daniel,060443541036,766,10/31
907,VISA 19 digit,Logan Lee,3587829211836520,320,04/30
908,Maestro,Dr. Timothy Sims DDS,3518378074541631,535,04/34
909,Diners Club / Carte Blanche,Jason Johnson,4872438699850821,143,02/29
910,Diners Club / Carte Blanche,Robert Jackson,2253157427274715,610,10/29
911,Mastercard,Dorothy Thompson,502075410543,165,04/33
912,Diners Club / Carte Blanche,Cody Smith,30558588198946,6411,11/33
913,JCB 16 digit,Jennifer Green,4532809244384594417,891,04/32
914,VISA 19 digit,Meredith Schmidt,574599570698,811,03/30
915,VISA 13 digit,Samantha Fields,6536023316955451,755,06/32
916,Maestro,Barry Short,060497660443,364,12/33
917,Maestro,Jacqueline Sharp,341537126876555,147,01/34
918,VISA 16 digit,Kenneth Wood,4876509012893,807,09/29
919,American Express,Jeffery Hayes,180036452166479,3711,09/33
920,Diners Club / Carte Blanche,Monica Benson,639053147943,614,08/26
921,Mastercard,Laura Hunter,30028827058145,769,06/28
922,JCB 16 digit,Alan Chang,4452487866211,842,09/32
923,JCB 16 digit,Nicole Garcia,3582363225120429,420,09/31
924,JCB 16 digit,Anita Stanley,347684963745511,039,02/29
925,Maestro,Don Hardin,180036386114017,527,11/31
926,VISA 19 digit,Mark Davis,4703135384011504,542,03/34
927,JCB 15 digit,Ryan Fernandez,4615604277501456,099,05/28
928,VISA 13 digit,Harry Neal,346699559161221,514,06/28
929,VISA 16 digit,Kyle Jennings,342196684965927,302,06/34
930,JCB 16 digit,Dennis Rodriguez,213124079068814,918,08/30
931,VISA 19 digit,Nathaniel Garcia,4373806450363511,425,07/33
932,American Express,Kristi Rogers,4004143573186687,666,06/30
933,American Express,Lisa Baker,36610457919078,704,05/30
934,Mastercard,Megan Gonzalez DDS,2606759424410483,659,08/34
935,Discover,Kathleen Ross,3591080445157663,294,05/34
936,VISA 16 digit,Christopher Smith,379632975707723,460,09/31
937,Maestro,Barbara Boyd,4236789897465,545,08/33
938,JCB 15 digit,Alexander Cole,3522657804268340,5232,06/32
939,VISA 19 digit,Rachel Edwards,3517456720101199,861,07/31
940,JCB 15 digit,Ashley Perry,3509952313289060,338,01/28
941,JCB 16 digit,Shawn Davis,4702409911499610,893,04/28
942,Maestro,Susan Murphy,4303576285351263,697,05/33
943,Mastercard,Alexandra Mays,3570151307882840,345,03/35
944,VISA 16 digit,Suzanne Day,2292630379677831,381,08/27
945,JCB 16 digit,Matthew Ford,38596437249520,002,03/29
946,VISA 16 digit,Jason Dyer,373934515762648,207,02/34
947,VISA 13 digit,Kevin Osborne,3511023785688357,544,05/32
948,American Express,Ernest Maxwell,675999413379,503,03/30
949,JCB 16 digit,Wendy Roberts,2577550621193336,129,12/30
950,JCB 16 digit,Aaron Taylor IV,3545183181133224,3488,06/34
951,Diners Club / Carte Blanche,Erin Lang,3588584879580311,283,06/31
952,VISA 19 digit,Alyssa Taylor,3567419251212545,439,10/33
953,JCB 16 digit,Martha Johnson,2709776998540046,5732,11/27
954,VISA 13 digit,Mark Williams,4698092618904086,211,05/26
955,American Express,Tracy Wagner,3508076838936384,573,11/28
956,Diners Club / Carte Blanche,Jeremy Rivera,4376768737946384,396,07/34
957,Mastercard,Tim Pearson,6535641747780007,162,05/30
958,American Express,James Orr,2256426778871578,058,11/26
959,VISA 13 digit,Elizabeth Matthews,180029755226793,830,10/27
960,Diners Club / Carte Blanche,Ryan Russell,4595645560793880336,452,12/32
961,Maestro,Sabrina Santos,4929764729259094,868,08/34
962,Discover,Sheila Burton,4921204072233956,420,01/31
963,American Express,Angela Padilla,4735641311526722,409,10/32
964,VISA 16 digit,David Hays,3532558654161130,156,09/33
965,American Express,Miss Lori Cook,4079325173516,790,05/28
966,Maestro,Summer Thomas,571982735144,707,11/31
967,Diners Club / Carte Blanche,Lisa Miller,4236126539990458,727,09/32
968,VISA 16 digit,Michael Edwards,3540634826412618,744,10/34
969,Discover,Bradley Woodward,2402047941037815,356,06/35
970,VISA 19 digit,Denise Carney,586123207043,527,07/32
971,Mastercard,Jill Delgado,4622378452186,144,07/29
972,JCB 16 digit,Jessica Smith,4563096013546397648,197,07/35
973,VISA 16 digit,Katherine Reid,4636711128394,0094,09/32
974,Maestro,Colton Adkins,213177197315640,229,01/32
975,JCB 16 digit,Amanda Meyer,374127324471787,9914,09/31
976,JCB 16 digit,Taylor Richardson,3527303741239343,677,05/32
977,Mastercard,Joseph Short,2297910784478362,2758,11/34
978,JCB 16 digit,Jennifer Gibson,2285075668512209,574,03/35
979,JCB 16 digit,Mr. Carl Nixon,378951670028628,214,11/30
980,Diners Club / Carte Blanche,Jason Avila,4913913989331384214,2186,04/35
981,Maestro,John Hall,4880095432492269,999,01/27
982,VISA 16 digit,Charles Kemp,348508346629234,704,09/29
983,American Express,Tara Ellis,4555200842040241863,846,12/34
984,JCB 15 digit,Lawrence Ramos,38883475055385,285,12/32
985,Discover,Abigail Pitts,4384241140588751633,979,11/33
986,VISA 19 digit,Christopher Larson,3523059641803810,382,08/35
987,VISA 19 digit,Mrs. Colleen Walker,2257856925785363,648,10/28
988,JCB 16 digit,Deborah Brown,38438078229661,069,07/27
989,JCB 16 digit,James Bailey,4336904122679376,198,04/33
990,JCB 16 digit,John Steele,502051990716,578,07/33
991,American Express,Jasmine Lawrence,4367652297358,778,07/30
992,JCB 16 digit,Derek Esparza,30576235285403,864,12/26
993,VISA 16 digit,Sharon Wright,180016115936070,128,03/30
994,VISA 16 digit,Jeremy Fleming,3531811270941588,223,09/32
995,VISA 16 digit,Kaitlyn Spencer,344434014913921,529,06/33
996,JCB 16 digit,Edward Alvarado,3540283899729746,221,05/28
997,JCB 15 digit,April Mcdonald,4571817269000,3485,01/35
998,JCB 15 digit,Kaitlin Wolf,574037224528,288,08/29
999,VISA 16 digit,Shannon Mooney,30276404454647,6077,07/33
1000,VISA 19 digit,Roy Shields,3572264491954925,622,04/26
1001,JCB 16 digit,Lucas Gibson,4650948771462,4334,01/28
1002,JCB 16 digit,Robert Clay,3514143063478334,916,12/29
1003,VISA 13 digit,Robert Marquez,676360183500,740,08/32
1004,Maestro,Rebecca Trevino,4557909013638,557,08/33
1005,JCB 16 digit,Nathan Flynn,4668601148959305640,473,05/26
1006,Discover,Christopher Casey,348035125080348,532,09/31
1007,VISA 19 digit,Heather Brewer,6577573176233274,267,09/30
1008,JCB 16 digit,Dennis Little,4951252506785656,576,12/33
1009,JCB 16 digit,Zachary Parker,213185599890896,092,11/30
1010,Maestro,Carrie Lopez,3531016352496812,616,12/29
1011,JCB 16 digit,Steven Anderson,586817678996,377,02/28
1012,JCB 16 digit,Tiffany Blair,3584641398532449,941,04/32
1013,Diners Club / Carte Blanche,Phillip Jackson,3569162838626104,821,04/28
1014,JCB 16 digit,David Sanchez,213177976983410,688,06/27
1015,JCB 16 digit,Kevin Sloan,4818569092324,248,10/29
1016,Maestro,Debra Trujillo,4716207759352311,442,08/29
1017,Discover,Lisa Edwards,4482786228888661629,817,12/27
1018,JCB 16 digit,Jessica Mack,4923854912877620130,698,05/35
1019,Maestro,Bobby Hubbard,30109785820922,848,01/29
1020,VISA 19 digit,Thomas White,345827840152615,352,06/35
1021,JCB 15 digit,Amber Cochran,4885930437207,7795,04/30
1022,JCB 15 digit,John Roberts,570746624297,914,11/28
1023,Discover,Alexis Conrad,4557524679300,393,05/27
1024,VISA 16 digit,Carl King,3567189198201311,378,04/28
1025,Discover,James Barnes,6011595493833720,2435,10/31
1026,VISA 16 digit,Jennifer Marquez,6011026654244028,756,12/32
1027,VISA 13 digit,Charles Smith,180012381487617,825,07/31
1028,VISA 16 digit,Wendy Gibson,3511808819071020,033,12/28
1029,JCB 16 digit,Sue Anderson,4893334684974477954,785,02/29
1030,JCB 15 digit,Julia Harrington,180023515687469,260,11/33
1031,VISA 13 digit,Jonathan Mullins,4669966854067,501,03/33
1032,Discover,Stephanie Flores,4414059538781446529,300,08/32
1033,JCB 16 digit,Alexander Fuentes,3592654673867448,769,03/34
1034,Diners Club / Carte Blanche,Jennifer Valdez,2293513556466252,698,04/33
1035,JCB 16 digit,Laurie Moore,4338360349841117,570,10/34
1036,VISA 19 digit,Lauren Krause,579504127930,992,11/28
1037,Discover,Maria Nielsen,6541077397591042,384,11/29
1038,American Express,Joseph Brown,4946619103896650350,4553,04/28
1039,Maestro,Shelby Shepard,38281246651147,705,08/32
1040,JCB 16 digit,Sierra Craig DVM,30147736890248,965,01/31
1041,VISA 16 digit,Andrew Perkins,4881359651592921,831,12/35
1042,Diners Club / Carte Blanche,Maria Brown,4893366413971273,736,05/34
1043,Diners Club / Carte Blanche,Cameron Harper,676168538236,878,05/28
1044,Mastercard,Samantha Baker,4488575603460969,234,12/33
1045,JCB 16 digit,Samuel Espinoza,3591956991039175,074,05/32
1046,VISA 16 digit,Jeremy Evans,213164838435037,609,01/35
1047,VISA 13 digit,Julie Weiss,180059063031999,124,07/33
1048,VISA 16 digit,Michael Wiley,180054255776774,372,08/26
1049,Discover,Christine Schneider,213109311149555,960,08/32
1050,VISA 16 digit,Jonathan Mills,3587663326646981,546,05/33
1051,JCB 16 digit,Jordan Jones,4930154951349283,624,08/26
1052,JCB 16 digit,Kenneth Wright,569386806081,011,05/30
1053,VISA 16 digit,Ronald Wilson,675966954405,101,08/35
1054,JCB 16 digit,Jon Franklin,3581779554421461,541,04/26
1055,VISA 16 digit,Brett Santiago,3506695976727420,091,09/27
1056,VISA 13 digit,Kathleen Porter,213117774041128,846,06/35
1057,VISA 19 digit,Jorge Dennis,4117294214917354,737,08/30
1058,VISA 19 digit,Donna Good,6562517060455854,290,08/26
1059,Mastercard,Johnny Jackson,30438275690754,508,03/35
1060,VISA 16 digit,Carol Martinez,378151569632222,201,04/29
1061,Discover,Joshua Simpson,373731130705618,252,10/31
1062,VISA 16 digit,Jonathan Price,578971942201,334,10/29
1063,Maestro,Mark Diaz,4173472315481,2131,12/26
1064,JCB 16 digit,Sherry Park,4308336416960929,735,04/35
1065,VISA 16 digit,Dennis Anderson,2705070103045800,548,12/32
1066,American Express,Susan Lopez,340196040364015,207,05/27
1067,VISA 19 digit,Christopher Hodge,630418536979,685,02/34
1068,JCB 15 digit,Whitney Simpson,180089387086924,902,10/27
1069,VISA 13 digit,Brian Estrada,3589236941220868,592,02/36
1070,JCB 15 digit,Ronald Henson,3522114692915954,024,03/31
1071,JCB 16 digit,Anthony Brady,38259178281331,539,09/33
1072,Maestro,Mark Lopez,340106196599363,4659,10/30
1073,VISA 13 digit,Charles Mejia,4397112860396130,763,02/26
1074,VISA 16 digit,Sean Padilla,4984495449511017,068,06/27
1075,Maestro,Mark Guerrero,4321110671383603,793,01/29
1076,VISA 13 digit,Grace Perry,345878290649626,579,03/32
1077,Discover,Nicholas Johnson,587246174771,544,08/26
1078,Discover,Edward Griffin,3520423565359550,553,01/30
1079,VISA 16 digit,Greg Garcia,503839568055,870,03/34
1080,Mastercard,Richard Cox,3504665249408134,9055,12/27
1081,VISA 13 digit,Kelly Jenkins,4495264046400756,707,07/32
1082,Diners Club / Carte Blanche,Jeffrey Fuller,4469673816763270,308,04/31
1083,American Express,Connor Mendoza,6505093268849405,417,12/32
1084,JCB 16 digit,Kelly Moore,213190023144431,9953,08/31
1085,VISA 19 digit,Kyle Friedman,4754341526542814,687,11/34
1086,VISA 19 digit,Keith Baldwin,2266591813249482,282,05/33
1087,VISA 16 digit,Robert Parker,4675469917420757,310,09/29
1088,VISA 13 digit,Todd Bender,341764591855720,431,09/34
1089,JCB 15 digit,Angela Nelson,4286138303020,479,04/31
1090,VISA 16 digit,Daniel Robinson,4362909201444,958,10/28
1091,VISA 16 digit,John Reilly,213181703239542,6856,05/29
1092,American Express,Michael Morrison,180068347038696,695,04/33
1093,VISA 16 digit,Amber Chang DDS,572519727331,289,10/28
1094,Discover,John Perez,377414031309295,867,06/32
1095,JCB 15 digit,James Davis,3559873405598946,469,06/31
1096,JCB 15 digit,Dylan Chambers,3514473377633708,761,05/33
1097,Diners Club / Carte Blanche,Corey Anderson,3500362967504955,141,01/33
1098,JCB 15 digit,Nathaniel Mendoza,4429884336238,144,09/26
1099,VISA 16 digit,Carmen Allen,6011581333142712,749,12/35
1100,VISA 16 digit,William Diaz,2653931561086820,720,10/35
1101,American Express,Rebecca Greene,588964978674,793,07/28
1102,JCB 15 digit,Jennifer Owens,676315676871,9675,07/30
1103,Discover,Christopher Allison,3525179120178100,466,02/28
1104,JCB 16 digit,Julian Padilla,346204856730834,9366,07/27
1105,VISA 16 digit,Elizabeth Walker,503877797913,086,09/29
1106,JCB 16 digit,Hannah Thompson,30227833805776,280,06/35
1107,Diners Club / Carte Blanche,Nathan Garrett,4966401300304197,986,08/32
1108,JCB 16 digit,Amy Hernandez,4071535931030747,504,04/34
1109,VISA 16 digit,Tanya Walter,4784971728393121,079,07/26
1110,VISA 19 digit,Dana Kelly,36662162816222,486,03/30
1111,Mastercard,Taylor Nolan,3549267095653314,1980,08/26
1112,Discover,Kimberly Young,213116358891130,998,02/34
1113,VISA 16 digit,David Beck,3507463251337673,144,03/34
1114,VISA 16 digit,Laura Franco,2234655490369753,823,02/33
1115,American Express,Alexandria Garcia,6011814906958978,753,11/34
1116,JCB 16 digit,Angela Mckinney,2635856510892536,004,09/29
1117,Diners Club / Carte Blanche,Justin Torres,5131530246224775,970,10/30
1118,Maestro,Pamela Pierce,4523886618172195195,175,01/27
1119,VISA 19 digit,Chris Morrow,6011105720051433,643,04/28
1120,JCB 16 digit,Sarah Hall,3579743938165545,363,10/28
1121,JCB 16 digit,Melissa Olson,2294996820535037,324,07/28
1122,VISA 16 digit,Mark Young,503850694087,125,02/27
1123,JCB 16 digit,Eric Baker,3526277740406429,751,10/26
1124,VISA 16 digit,Michelle Mendoza,4759868531858424932,698,06/35
1125,JCB 16 digit,Joshua Krause,4585791490507,834,03/34
1126,VISA 13 digit,Derek Vega,6011240505199055,012,01/34
1127,Diners Club / Carte Blanche,Brianna Arnold,4618246794341193,059,09/33
1128,JCB 15 digit,Brian Patterson,30310449009403,943,06/35
1129,JCB 16 digit,Steven Lewis,3538210284480449,576,07/29
1130,Maestro,David Carlson,060467087981,105,02/29
1131,VISA 13 digit,Jennifer Walker,4664392118390616,177,11/30
1132,VISA 13 digit,Michael Daugherty,4635212180680882,416,12/31
1133,JCB 15 digit,James Singleton,38832046602381,228,05/30
1134,JCB 16 digit,Robert Morgan,30138065836555,555,01/34
1135,VISA 19 digit,Joyce Young,4413941857485,501,04/34
1136,Mastercard,Amy Medina,180090486319067,010,05/31
1137,JCB 15 digit,Lauren Adams,213139803333029,286,04/27
1138,VISA 13 digit,Kristy Arias,4819833210728918,074,12/26
1139,VISA 19 digit,Lisa Le,4920763705634709,327,06/27
1140,VISA 13 digit,Dustin Fuentes,3576892653962728,624,12/28
1141,Maestro,Lisa Johnson,587101017891,199,09/30
1142,JCB 16 digit,Christy Koch,373109289807784,894,02/31
1143,VISA 16 digit,Jason Barnett,060464962954,686,10/28
1144,VISA 19 digit,Mrs. Sophia Scott,180041906760877,536,08/31
1145,Mastercard,Joseph Davis,6011310965755967,961,03/32
1146,Discover,Jessica Smith,4634599996526601,666,03/32
1147,JCB 16 digit,Sheila Rice,2602422275727521,949,12/30
1148,VISA 16 digit,Shawn Jackson,676174007606,736,08/30
1149,Mastercard,Shelby Steele,4205232247396,637,01/32
1150,VISA 16 digit,Ashley Brown,4758736462586137,388,03/33
1151,JCB 16 digit,Curtis Phelps,4050880606709430839,9187,11/33
1152,Mastercard,David Gray,3577666713403157,1973,06/26
1153,Diners Club / Carte Blanche,Heather Nguyen,6011664202709934,088,09/31
1154,Discover,Stephanie Landry,3538693858015529,191,04/28
1155,VISA 19 digit,Sandra Mason,374558787058648,485,10/31
1156,VISA 19 digit,Mr. Curtis Baker PhD,4068158589435,114,12/35
1157,JCB 16 digit,Eric James,3520229130232382,092,08/29
1158,JCB 15 digit,Matthew Diaz MD,3590094907017993,100,10/31
1159,Diners Club / Carte Blanche,Cynthia Jackson,582867861178,486,04/33
1160,VISA 16 digit,Dylan Rodriguez,6559980572479132,801,02/27
1161,JCB 16 digit,Cory Cohen,4015142528607976,254,09/30
1162,VISA 16 digit,Jose Wall,180083275176061,340,05/31
1163,Mastercard,Michael Baker,4776595644768478,699,11/34
1164,Mastercard,Rebecca Walker,6011337213292162,268,04/34
1165,JCB 15 digit,Kelly Rogers MD,639033939104,356,01/29
1166,JCB 16 digit,Emily Zimmerman,180054746750842,230,11/30
1167,VISA 16 digit,Kevin Kelly,6577398367851597,021,02/29
1168,VISA 16 digit,Robert Gutierrez,30409019944096,901,10/32
1169,American Express,Brian Clayton,4922176484732,637,02/26
1170,Maestro,Donna Long,38618825997351,938,07/30
1171,Diners Club / Carte Blanche,Dustin Martin,060433011776,042,10/31
1172,American Express,Christine Johnson,2591385630812762,532,06/26
1173,Maestro,Jonathan Singh,3590500822881248,314,06/32
1174,VISA 16 digit,David Wright,4348277686258721,390,02/28
1175,VISA 13 digit,Claire May MD,4357412690891255887,526,12/35
1176,Mastercard,Ryan Green,378579637420149,895,11/28
1177,VISA 13 digit,Christian Moore,4127206116240972,3570,06/32
1178,VISA 13 digit,Mrs. Lisa Gonzalez,180044104094479,169,05/31
1179,VISA 16 digit,Daniel Simmons,6540005662525388,650,06/29
1180,JCB 16 digit,Catherine Brown,3585955572545905,535,04/27
1181,VISA 16 digit,Michael Ortega,5469006358512473,179,01/29
1182,Mastercard,Dr. Corey Hayes,3515878669270085,670,08/28
1183,Maestro,Rachel Leach,3552354853727508,661,09/29
1184,JCB 16 digit,Shawn Andrews,371273583355031,866,04/33
1185,VISA 19 digit,Margaret Sanders,30002874478860,998,09/28
1186,VISA 16 digit,Carlos Armstrong,30101715269205,849,07/26
1187,Diners Club / Carte Blanche,Christina Alexander,4607275921447667,226,04/31
1188,JCB 15 digit,Jennifer Mcdaniel,180025199145730,340,07/32
1189,American Express,Elizabeth Sanchez,4230331634624541,953,05/35
1190,JCB 16 digit,Jordan Fletcher,348560888608035,556,07/31
1191,JCB 16 digit,Leah Church,3567557492472640,883,03/33
1192,VISA 16 digit,Seth Moran,2237005245888052,3885,03/27
1193,Diners Club / Carte Blanche,Brady Hicks,4004506421283841,197,01/33
1194,JCB 16 digit,Anthony Parker,4040333074193339723,8352,01/31
1195,JCB 16 digit,Charles White,3543482109226116,0008,03/30
1196,Diners Club / Carte Blanche,Jeffrey Pierce,565002708966,3665,12/26
1197,Mastercard,Michele Roberts,4760680919523127,208,08/26
1198,VISA 16 digit,Kevin Wyatt,180061394819381,7507,02/26
1199,American Express,James Wright,3547831151889443,165,02/34
1200,VISA 16 digit,Rachel Gomez,379737105789820,037,02/34
1201,American Express,Todd Mata,4108980881861647448,300,01/31
1202,VISA 16 digit,Caleb Cunningham,4459454264611876233,292,08/27
1203,JCB 16 digit,Mallory Bowers,4172038608428276,826,06/31
1204,Discover,Gilbert Montes,4599406456663879,925,10/27
1205,JCB 15 digit,Robert Smith,213138589221770,0334,04/26
1206,VISA 13 digit,Margaret Webster,503874243473,584,10/33
1207,VISA 16 digit,Gail Johnson,3513883033346068,524,08/31
1208,Discover,Nathaniel Cruz,372990335445328,994,06/34
1209,JCB 15 digit,Ryan Morris,30111209223923,919,12/33
1210,JCB 15 digit,Brittany Jones,3573791541481474,604,10/30
1211,VISA 19 digit,Meagan Silva,4825389555245138862,335,02/27
1212,Discover,Gene Elliott,341742975233573,6512,08/27
1213,VISA 19 digit,Sue Tapia,213198635036218,139,02/27
1214,VISA 19 digit,Yolanda Chapman,4038672479624413778,752,04/26
1215,Mastercard,Matthew Watson,675902458545,937,05/28
1216,Diners Club / Carte Blanche,Donna Gray,180034506459289,524,01/33
1217,JCB 16 digit,Timothy Campbell,3540170241734260,265,12/35
1218,Diners Club / Carte Blanche,Scott Dominguez,2277707564009381,451,06/35
1219,JCB 16 digit,Sydney Sparks,4992526967801,708,06/27
1220,Maestro,Cassie Bryant,30059954715173,731,11/27
1221,JCB 16 digit,Paul Lee,373541499233387,659,06/28
1222,American Express,Cole Matthews,30493007991459,530,04/29
1223,VISA 16 digit,Rebecca Allen,36024915351355,0393,08/29
1224,Mastercard,Stephanie Jones,3542957913747606,581,06/33
1225,VISA 13 digit,James Sherman,4051813008737757,219,05/34
1226,Maestro,Michael Contreras,3581579202150912,089,09/29
1227,Discover,Julie Shaw,3512470895620250,667,04/34
1228,VISA 13 digit,Rachel Hogan,3568051514175232,840,08/33
1229,VISA 19 digit,Howard Frazier,4224785804453905687,083,06/29
1230,JCB 16 digit,Christopher Murphy,4309133185398,211,12/31
1231,VISA 19 digit,Jane Sanchez,4939045707683648,164,11/29
1232,Discover,Erica Douglas,3573251315375568,386,04/35
1233,JCB 16 digit,Kristen Martin,4677202324900053977,536,05/34
1234,VISA 19 digit,Megan Graham,38473364692322,061,08/31
1235,Discover,Norman Mclean II,370278189561123,470,07/35
1236,JCB 16 digit,William Castillo,38589322713171,310,08/31
1237,VISA 16 digit,Amy Livingston,213160256816393,526,01/31
1238,VISA 16 digit,Matthew Hardy,4248229537251049927,316,05/30
1239,American Express,Kelly Tyler,3525339662466699,153,09/29
1240,VISA 16 digit,David Johnson,6542811203997418,576,05/33
1241,Maestro,Sydney Rodriguez,4008502052787032,774,11/32
1242,Discover,Grant Murphy,2261035567237512,9208,03/32
1243,VISA 13 digit,Lisa Price,36507161439940,151,03/29
1244,VISA 19 digit,John Cruz,502037332520,031,10/27
1245,Discover,William Smith,6540502681929641,243,08/34
1246,JCB 16 digit,Latasha Owens,5136414801246637,794,01/30
1247,VISA 16 digit,Mary Butler,378640528633404,907,05/32
1248,JCB 16 digit,Amanda Kidd,4388337810727158504,842,09/34
1249,Diners Club / Carte Blanche,Donna Norton,3501147061855133,477,01/28
1250,American Express,Susan White,3507591403392954,028,05/28
1251,Discover,Tonya Smith,4078667257255849,084,12/31
1252,JCB 16 digit,Jacob Mccoy II,2718286317602021,914,08/33
1253,JCB 15 digit,David Valencia,213177262625436,634,12/28
1254,VISA 19 digit,Dakota Johns,2256777961062346,904,11/29
1255,VISA 16 digit,Jessica Henson,4524730858068948044,434,01/30
1256,VISA 13 digit,Amy Boyd,343121539203018,851,10/31
1257,JCB 16 digit,Stanley Manning,4739244860571656,754,11/28
1258,Mastercard,Michael Wolf,2718598876735269,158,05/27
1259,VISA 16 digit,Darren Martinez,6514689496939394,7198,09/33
1260,JCB 16 digit,Cheryl Stein,4087663003511505138,617,12/26
1261,American Express,Jason Smith,30428473332630,712,06/29
1262,VISA 16 digit,Taylor Cannon,6011169592313396,213,02/32
1263,Discover,Stephen Tucker,38500285298902,443,04/34
1264,Mastercard,Heidi Brown,213172357544899,780,09/35
1265,Maestro,Matthew Dickson,4891740268377988,211,06/33
1266,Discover,Dr. Thomas Clark,2266488421792385,3519,07/34
1267,JCB 16 digit,Sara Cross,3538987293612969,544,03/35
1268,JCB 15 digit,Manuel Norris,30460241273200,466,10/26
1269,Discover,Matthew Roberts,3525453759890669,773,08/35
1270,Maestro,Joshua Cain,379310544077395,891,10/32
1271,JCB 15 digit,Sydney Krause,6011269110785685,029,10/34
1272,VISA 13 digit,Michael Guzman,4738603661539702,427,07/35
1273,Mastercard,Mary Beard,3599839848710820,483,08/34
1274,Diners Club / Carte Blanche,Lisa Martinez,676250911960,904,05/27
1275,JCB 16 digit,Michelle Burnett,3528291015613286,629,04/33
1276,American Express,Luis Hopkins,3523075164155370,3244,08/28
1277,VISA 16 digit,Brenda Evans,4330558311724549013,410,05/33
1278,VISA 13 digit,Rebecca Solis,639091101381,121,10/35
1279,Maestro,Courtney Nguyen MD,344666500089696,580,08/28
1280,VISA 13 digit,Taylor Cox,501845765798,425,01/36
1281,VISA 16 digit,Karen Mahoney,4209490050904428,649,10/33
1282,VISA 13 digit,Nancy Fisher,30043546927348,100,09/33
1283,VISA 16 digit,Joseph Hill,3506966998608983,281,03/28
1284,VISA 19 digit,Amanda Browning,3558772534839463,257,06/33
1285,Mastercard,Scott Kane,4703407594274584925,803,05/31
1286,VISA 16 digit,Jennifer Ingram,3564391477191188,971,12/29
1287,Mastercard,Denise Hensley,213126715471708,614,01/27
1288,JCB 16 digit,Kelly Patterson,3517441894041363,518,08/33
1289,VISA 19 digit,Adam Perkins,30474675211347,288,10/28
1290,JCB 16 digit,Amanda Clay,3503102715040416,081,09/26
1291,American Express,Lisa Weaver,3588577930480752,975,11/32
1292,JCB 16 digit,Steven Marshall,377506071381355,718,04/33
1293,VISA 16 digit,Philip Shepherd,2289791685461628,770,04/26
1294,VISA 19 digit,James Walton,4885850362230252,685,11/31
1295,JCB 16 digit,Christine Frye,345357987332499,153,11/32
1296,Maestro,Elizabeth Dorsey,5588845799202178,234,07/32
1297,Maestro,Deanna Lewis,343120224088775,400,05/28
1298,JCB 15 digit,Phillip Huff,503852942344,433,04/31
1299,JCB 16 digit,Amy Levy,180064377334170,626,09/35
1300,American Express,Charles Chen,213181527854211,879,12/34
1301,VISA 16 digit,Molly Shelton,3522655522745433,883,07/35
1302,American Express,Sara Beard,676373512554,632,08/27
1303,VISA 16 digit,Mariah Taylor,4187854403206045,852,02/33
1304,Maestro,Donald Schwartz,36804053751437,074,05/26
1305,VISA 16 digit,Dana Garcia,180064670850963,1400,06/30
1306,VISA 16 digit,Brian Gonzalez,4608815927203,936,01/27
1307,Discover,Bradley Coleman,5251981333800312,320,07/28
1308,American Express,Melanie Brown,6562491444841082,179,07/28
1309,JCB 16 digit,Sherri Carter,213158682494678,544,09/28
1310,JCB 16 digit,Melissa Wall,4351732575654350,813,04/28
1311,JCB 16 digit,Brandy Bennett,2338878719696484,288,08/26
1312,VISA 19 digit,Andrea Robles,3547701178672793,259,07/34
1313,JCB 16 digit,Christine Patel,30440247990502,046,12/34
1314,JCB 16 digit,Derrick May,180072185425452,971,06/33
1315,VISA 16 digit,Austin Navarro,38207584494683,529,06/34
1316,American Express,Lisa Reeves,375969118881054,1095,10/30
1317,Mastercard,Vanessa May,374624680630253,7268,06/31
1318,JCB 16 digit,Bryce James,2720074601517576,369,12/27
1319,Mastercard,Rodney Francis,6011563759507172,295,01/27
1320,Discover,Gina Bradley,4978827976906152,7694,08/33
1321,VISA 13 digit,Christopher Evans,630445913126,425,02/27
1322,VISA 16 digit,Ashley Gordon,2683545017471297,644,09/29
1323,VISA 19 digit,Kendra Wilson,3534428198271407,648,01/33
1324,VISA 19 digit,Tonya Savage,341898700134716,820,11/32
1325,VISA 13 digit,Darrell Aguilar,180057402459723,649,07/29
1326,Discover,Michael Vega,5558710800534223,505,09/29
1327,VISA 13 digit,Donald Moss,4500000475173,631,08/32
1328,VISA 16 digit,Sara Brown,342897810061669,408,12/35
1329,JCB 15 digit,Johnny Combs,213125438913277,979,12/26
1330,Discover,Amanda Holden,4926511155187452,729,11/32
1331,American Express,Tanya Morton,4371031627384,707,01/35
1332,JCB 15 digit,Alan Johnson,3519241915045502,654,03/32
1333,Mastercard,Zachary Anderson,676271468552,831,06/35
1334,Discover,Tara Wright,36123844739209,107,11/28
1335,VISA 13 digit,David West,4939800191210,157,08/29
1336,VISA 16 digit,Mr. Jason Richardson,4994467852026,226,05/30
1337,JCB 15 digit,Katie May,3558802871652284,828,07/30
1338,Maestro,Mr. Richard Schmidt,3541812195500077,793,08/27
1339,VISA 16 digit,Nicholas Jackson,213112882344514,604,08/31
1340,Maestro,Leslie Smith,4527923986225372,309,06/29
1341,Mastercard,Gina Carter,3566835726521817,634,12/30
1342,JCB 16 digit,Michael Powell,3538677006806335,142,09/29
1343,VISA 16 digit,Brandi Baldwin,38622989670226,913,09/26
1344,JCB 16 digit,Carol Hobbs,4035508679041395,811,08/26
1345,Diners Club / Carte Blanche,Kimberly Flores,213123055029477,202,07/30
1346,VISA 13 digit,James Wood,4634224739881425,584,09/30
1347,Discover,Rachel Hayes,180047748076695,089,06/26
1348,American Express,Robert Collins,4907051182295,328,12/32
1349,VISA 16 digit,Sara Harper,4830572708973314,196,08/32
1350,VISA 16 digit,Kevin Mathis,30177407906130,998,04/26
1351,JCB 16 digit,Jonathan Wagner,4222817111202,145,07/27
1352,Diners Club / Carte Blanche,Ann Jefferson,213163187485650,066,01/33
1353,VISA 16 digit,Amber Johns,4372144265096,483,05/33
1354,VISA 16 digit,Stacy Porter,6011128176817248,3162,10/31
1355,JCB 16 digit,Sarah Martinez,4979847430244322563,975,01/31
1356,VISA 13 digit,Anthony Spencer,3564014759559043,086,07/30
1357,Diners Club / Carte Blanche,William Tucker,376603356686631,278,10/34
1358,Diners Club / Carte Blanche,Jennifer Fowler,180004505303309,110,04/28
1359,VISA 16 digit,Harold Williams,2720571373252969,227,05/33
1360,JCB 15 digit,Kirsten Greene,180075392642165,042,04/30
1361,JCB 16 digit,Thomas Larsen,180087265893486,959,12/28
1362,VISA 19 digit,Bianca Sosa,4588765754866,529,01/31
1363,VISA 16 digit,Ronald Boyle,4083511540866768566,5564,12/28
1364,JCB 16 digit,Robin French,38333217740555,961,09/35
1365,Maestro,James Howard,30479747461200,005,12/33
1366,JCB 15 digit,Katherine Hall,501869620465,403,09/29
1367,Discover,Mark Ingram,3584292986551027,6632,10/31
1368,VISA 16 digit,Eric Griffin,213178744148971,560,04/30
1369,VISA 16 digit,Sean Ramirez,676214187210,621,08/32
1370,VISA 16 digit,Lisa Miller,213160285054305,683,10/33
1371,JCB 16 digit,Patricia Jones,2318579234353767,401,07/27
1372,Discover,Robert Scott,4710400079438946,168,08/27
1373,Mastercard,David Davis,340734137742394,115,10/34
1374,VISA 16 digit,Rebecca Martinez DVM,3574919505628025,984,05/29
1375,JCB 16 digit,Chad Keith,6011690906117421,498,01/35
1376,VISA 16 digit,Heather Gordon,30170775203602,660,03/31
1377,VISA 16 digit,William Stanton,3562308382445840,468,11/27
1378,VISA 19 digit,Jason Spencer,4918160528856,407,07/34
1379,JCB 15 digit,John Mitchell,344248157234592,656,02/29
1380,Maestro,Jaime Martinez,372340906064696,708,05/26
1381,JCB 15 digit,Robert Jordan,180064429674060,294,06/32
1382,VISA 13 digit,Dennis Collins,4155868159816505807,266,10/33
1383,Diners Club / Carte Blanche,Steven Miller,2673512760080230,781,06/26
1384,Discover,Sheila Perez DDS,2720792984791142,781,02/28
1385,Discover,Jamie Barker,4951976069953498842,669,08/30
1386,Diners Club / Carte Blanche,John Tanner,213141551459493,374,03/33
1387,JCB 15 digit,Courtney Moreno,4422367174577093,581,11/33
1388,VISA 13 digit,Kaitlyn Richard,180036206955573,812,09/26
1389,Maestro,Raven Ford,3582246096149645,203,09/33
1390,VISA 16 digit,Richard Schmidt,30265974001383,059,09/35
1391,JCB 15 digit,Devin Oconnell,6598454888178724,0297,08/30
1392,VISA 19 digit,William King,4065349970300526,083,10/27
1393,American Express,Joshua Woods,180098975734233,870,04/33
1394,JCB 16 digit,Jennifer Turner,4084902157021424392,439,04/33
1395,Maestro,John Allen,213170601933645,855,06/34
1396,VISA 16 digit,Derrick Ochoa,4322187174489024291,677,05/28
1397,VISA 16 digit,Steven Cooley,630417851197,031,09/34
1398,JCB 16 digit,Evan Gonzalez,2579448365596855,470,10/27
1399,Discover,Jodi Miller,2720410899595728,5701,05/27
1400,JCB 16 digit,Debra Morgan,4118712457105899,577,01/32
1401,VISA 16 digit,Gina Franco,2259958237605335,515,08/33
1402,JCB 15 digit,Carrie Burns,377273795615770,981,06/26
1403,Discover,Kristina Smith,3589301425819583,418,10/29
1404,VISA 19 digit,Mr. Ryan Perez,30336335125821,354,08/28
1405,JCB 16 digit,Jeffrey Bryan,213171247359856,037,12/32
1406,JCB 16 digit,Richard Andersen,213181621371773,444,09/35
1407,VISA 16 digit,Andrew Cross,180043971858560,595,11/26
1408,JCB 16 digit,Kathryn Delacruz,4413643763536,428,07/29
1409,Maestro,Nathan Fritz,3506809619770289,855,05/32
1410,JCB 15 digit,Christian Chapman,343642478352342,053,10/35
1411,JCB 16 digit,Dr. Glenn Ward,4849761307940837,9881,12/33
1412,VISA 19 digit,Antonio Higgins,060403522752,355,10/33
1413,VISA 16 digit,Robert Walker,4006007977248260,212,10/29
1414,JCB 15 digit,Cameron Brown,6579893735588580,705,11/27
1415,VISA 16 digit,Douglas Cardenas,5107529533260427,264,03/32
1416,VISA 16 digit,Anna Ward,6011155831129826,488,07/27
1417,VISA 13 digit,Melissa Randolph,36946806045151,865,02/26
1418,VISA 19 digit,Jamie Parker,6599184686683281,363,08/34
1419,VISA 19 digit,Richard Huffman,2546749728551309,039,06/33
1420,JCB 16 digit,Christopher Hernandez,30548883667695,881,02/31
1421,JCB 16 digit,Russell Hampton,4953846495085313,225,06/28
1422,Maestro,Ronald Smith,3598826354297566,8103,01/27
1423,Diners Club / Carte Blanche,Christina Norris,6561021989398973,8647,09/33
1424,VISA 19 digit,Earl Campbell,3526078063869999,474,09/31
1425,Diners Club / Carte Blanche,Thomas Lopez,4432329555781163,819,07/30
1426,VISA 13 digit,Paul Garcia,4769918674469126790,116,12/30
1427,VISA 16 digit,Russell Riley,4781326423297830095,2205,09/31
1428,Diners Club / Carte Blanche,Marissa Norman,213197469597592,325,08/27
1429,Discover,Jennifer Browning,4966123401471,7495,07/33
1430,JCB 15 digit,Danielle Fitzgerald,6596640997380324,296,09/26
1431,Diners Club / Carte Blanche,Michael Barnes,4374323472435918160,749,07/27
1432,American Express,Pamela Smith,3528523922053887,735,01/27
1433,Discover,Kyle Sanchez,180079330969201,374,10/28
1434,Maestro,Debra Humphrey,180063782137558,883,08/26
1435,VISA 13 digit,Karen Kane,4136710872568400,996,11/28
1436,JCB 16 digit,Michael Haas,4911714905190647108,871,03/33
1437,VISA 19 digit,Christine Barnes,6011223339221824,971,02/26
1438,American Express,Tammy Hall,3569255814741937,499,06/34
1439,Maestro,Jason Wright,180055844818233,716,08/34
1440,Diners Club / Carte Blanche,Sonya Ball,3504064118464560,126,11/27
1441,Maestro,Bryan Williams,4161371093135,302,01/30
1442,Mastercard,Jacqueline Booth,3552740186078256,922,04/26
1443,Discover,Michele Carter,676322133973,945,07/27
1444,Diners Club / Carte Blanche,Sylvia Howell,4143031564901978,2473,09/32
1445,Discover,Charles Wells,4915173393547303,744,12/28
1446,VISA 19 digit,Hayden Callahan,4191271948623739,063,08/35
1447,American Express,Tammy Smith,3530285585977176,765,09/26
1448,JCB 16 digit,Joseph Holmes,4243931972712821012,729,08/34
1449,JCB 16 digit,Rachel Taylor,4709222313423,7975,10/27
1450,Maestro,Vincent Wheeler,3586460480310814,4609,06/28
1451,JCB 16 digit,Charles Carlson,3527895906021192,803,11/30
1452,VISA 13 digit,Mary Dorsey,5294114815310399,635,10/27
1453,Diners Club / Carte Blanche,Mary Wagner,6565989194434591,328,10/30
1454,JCB 16 digit,Karen Ramos,2279410848228426,999,03/26
1455,VISA 13 digit,Donna Moss,30377997366865,037,08/29
1456,Maestro,Peggy Collier,180074123688191,503,09/31
1457,Diners Club / Carte Blanche,Laurie Rodriguez,6011234268051256,519,02/35
1458,VISA 19 digit,Misty Hart,349884395845677,116,04/27
1459,American Express,Tony Palmer,30555985853149,259,06/27
1460,American Express,Debbie Howard,6526262916392416,834,12/31
1461,JCB 15 digit,Melinda Jackson,3574612383844836,677,12/26
1462,Diners Club / Carte Blanche,Stephanie Rodriguez,4957974974096,315,03/30
1463,VISA 13 digit,Diana Freeman,2242520111637154,476,05/29
1464,Discover,Miss Natasha Patton,180045041709400,880,04/27
1465,VISA 16 digit,Benjamin Murphy,213106196968125,549,10/30
1466,VISA 13 digit,Bonnie Callahan,348925072745861,842,03/32
1467,Maestro,Hannah Key,3568444591932254,512,07/28
1468,VISA 16 digit,Peter Berry,4803080270934410015,507,05/29
1469,VISA 16 digit,Lisa Wood,2226781314138347,311,05/31
1470,American Express,Jonathan Mccoy,378266874319495,260,01/27
1471,VISA 13 digit,Joseph Gutierrez,377459348890701,599,05/31
1472,JCB 16 digit,Lori Pierce,4927349077668963,230,03/31
1473,Diners Club / Carte Blanche,Melody Watkins,3545425820359698,523,07/32
1474,Mastercard,Tracy Lopez,340109448605780,049,12/30
1475,JCB 16 digit,Dustin Santos,3508904568351781,994,05/26
1476,VISA 16 digit,Gabriella Hall,5586981731822021,298,09/33
1477,VISA 16 digit,Julia Chen,4877995077807671575,4881,02/30
1478,Diners Club / Carte Blanche,Brandon Thomas,3527779684276899,1362,11/29
1479,American Express,Jay Hill,4633080826930,739,05/32
1480,Mastercard,Douglas Walker,213170831040674,454,05/30
1481,JCB 16 digit,Steven Johnson,3568083979288101,585,10/32
1482,JCB 16 digit,Bryan Anderson,213106371478676,174,06/28
1483,Maestro,Nicole Sutton,2720539207780273,708,12/32
1484,JCB 16 digit,Joshua Reid,180045606020391,180,11/28
1485,JCB 16 digit,Pamela Payne,2273872581227004,020,06/34
1486,JCB 16 digit,Emily Hardy,180003657876039,687,05/33
1487,JCB 15 digit,Rachel Morrow,3505708951396896,347,04/28
1488,Mastercard,Bryan Rogers,4279820240360,069,10/26
1489,Discover,Gregory Garcia,180090392056639,030,04/29
1490,Mastercard,Nancy Dickson,3596239212250946,585,05/28
1491,Mastercard,Timothy Hernandez,3586211610300997,5192,10/33
1492,Discover,Sean Vaughn,4292863910829663363,611,06/28
1493,American Express,Dawn Phillips,376226383957526,3273,05/33
1494,VISA 16 digit,Brandi Rodriguez,5500221284010499,415,02/26
1495,Discover,Ana Kim,578364657705,925,05/27
1496,VISA 19 digit,David Barnett,30334324937637,743,09/31
1497,JCB 16 digit,William Cooper,375856394677514,581,09/28
1498,JCB 15 digit,Tara Walker,3522415793065841,271,07/28
1499,JCB 16 digit,Ronald Giles,30224052654936,651,01/27
1500,Mastercard,Douglas Anderson,4893188165635560047,387,12/35
1501,Mastercard,Austin Parker,3570702045786006,365,06/31
1502,Maestro,Mr. Richard Ryan,3577684244498687,926,08/34
1503,VISA 16 digit,Karen Wilson,4788270099374869,155,08/30
1504,JCB 16 digit,Jamie Jones,6544163501858902,864,04/35
1505,JCB 16 digit,Ivan Blanchard,4698437958960091,047,05/33
1506,Diners Club / Carte Blanche,Michael Blankenship,2285049562083880,807,03/32
1507,Diners Club / Carte Blanche,Taylor Diaz,378694614171084,808,02/30
1508,VISA 13 digit,Jonathan Bond,6011386093978713,595,05/28
1509,VISA 16 digit,Carla Lambert,30405042828207,676,08/32
1510,Discover,Sabrina Garcia,4309093935943212,4778,07/34
1511,VISA 16 digit,Kathy Palmer,371697398962385,117,01/34
1512,JCB 16 digit,Cathy Dudley,38853617629793,061,05/30
1513,VISA 19 digit,Wyatt Francis,3570382105147314,273,06/31
1514,JCB 15 digit,Laura Hall,2234325290809594,300,10/33
1515,Mastercard,Rachel Austin,5245034749784057,840,01/30
1516,JCB 16 digit,Robert Morrison,4230356334259,511,08/35
1517,JCB 16 digit,Betty Wilson,180087532476370,534,05/33
1518,Mastercard,Robert Powell,676231211076,7160,07/29
1519,VISA 13 digit,Kari Jimenez,2717318247921014,7588,08/29
1520,VISA 16 digit,Laura Johnson,180044984914234,599,01/34
1521,Maestro,Michael Simon,3577157816346188,435,06/31
1522,VISA 19 digit,Charles Garcia,213155586151057,444,12/27
1523,Diners Club / Carte Blanche,Rachel Powers,4105869218161410056,7677,12/26
1524,VISA 16 digit,Garrett Pearson,341417318401563,5986,06/30
1525,Diners Club / Carte Blanche,Mary Meyers,4787415941610410021,255,12/30
1526,Discover,Rick Vincent,5344683815761058,073,12/31
1527,VISA 13 digit,Kristina Johnson,4466745629373522,749,07/26
1528,JCB 16 digit,Martin Jones,4575415369517575,9540,09/27
1529,VISA 13 digit,Roger Walters,2228516113354069,847,09/31
1530,VISA 16 digit,Donald Brown,2270912132279097,823,10/26
1531,Mastercard,Jose Johnson V,4703271370269,444,05/33
1532,VISA 13 digit,Brian Gardner,4329445552002,861,04/33
1533,Mastercard,Jessica Moran,4938031342729812178,5463,07/34
1534,JCB 16 digit,Heather Gardner,3592326920176317,644,09/33
1535,JCB 15 digit,Ryan Chan,4539678879930464996,873,04/29
1536,JCB 16 digit,Jesus Morse,4887985995386,834,10/34
1537,Maestro,Andres Bruce,580709599501,036,06/34
1538,VISA 13 digit,Ryan Aguilar,5242279303296781,797,08/31
1539,Maestro,Joanne Byrd,377972014076652,059,03/32
1540,Mastercard,David Herring,4115294426856491,954,02/28
1541,VISA 16 digit,Jonathan Boyle,4721453811473991,496,09/31
1542,Maestro,Jordan Noble,4578202431608,259,01/35
1543,Mastercard,April Harper,4701556233191530,575,04/32
1544,VISA 16 digit,Steven Thomas,2275709489911701,844,07/30
1545,Discover,Steven Landry,6011158522297480,908,06/29
1546,VISA 13 digit,Michael Willis,4378810118253556,106,01/33
1547,VISA 13 digit,Aaron Tucker,30500416543372,600,09/35
1548,Discover,Scott Perez,4188107151230859979,817,10/29
1549,Diners Club / Carte Blanche,Billy Bailey,213112023403906,768,09/35
1550,American Express,Joel Sanchez,4923102381235365,043,09/28
1551,Discover,Alexis Mayo,3561398975558712,515,01/34
1552,VISA 16 digit,Lindsey Chavez,180068084271369,0422,06/29
1553,JCB 15 digit,James Adams,377447569585936,659,04/34
1554,JCB 16 digit,Ronald Wood,4549450973997247,386,11/28
1555,VISA 16 digit,Jenna Swanson,4847823004488445,680,12/34
1556,Mastercard,John Jennings,4341793821344280,293,08/27
1557,Mastercard,Drew Matthews,180004322149521,136,03/30
1558,JCB 16 digit,Cynthia Flowers,378355247365051,688,06/28
1559,VISA 13 digit,Andrew Anderson,4074319234106760,941,10/30
1560,VISA 16 digit,Gabrielle Soto,3591279328539241,112,12/33
1561,VISA 16 digit,Anthony Moreno,6011337289056236,484,05/28
1562,JCB 15 digit,James Giles,5557271127999343,579,09/35
1563,Mastercard,Lori Fisher,3544389547854673,423,05/31
1564,VISA 13 digit,Eric Weaver,180013065899531,096,11/33
1565,VISA 16 digit,Emily Valdez,6011643082949158,530,08/30
1566,VISA 16 digit,Robert Hudson,4466180656646,818,02/29
1567,JCB 16 digit,Stephanie Hernandez,376676875628524,179,03/35
1568,VISA 19 digit,Timothy Wilson,346563609608047,000,11/26
1569,JCB 16 digit,Cindy Ayers,6535936247778141,618,10/27
1570,VISA 13 digit,Elizabeth Estrada,349816669890781,330,08/28
1571,Maestro,Sheila Bell,4970335201158,168,09/27
1572,VISA 19 digit,Travis Shaffer,4767473262339652,831,10/33
1573,JCB 16 digit,Tina Kerr,38299719954293,072,09/26
1574,VISA 13 digit,Christopher Burns,4263504652849323570,387,01/34
1575,Mastercard,Jeffrey Mueller,4500452555019671669,325,05/30
1576,Maestro,Eric Estrada,3559737916778208,553,06/32
1577,JCB 16 digit,Thomas Powers,2704874774027323,692,09/31
1578,Diners Club / Carte Blanche,Erik Cooke,502082107850,612,07/31
1579,JCB 16 digit,Christina Bennett,6502164787878606,687,04/29
1580,Diners Club / Carte Blanche,Michael Ramirez,378325928275259,970,12/27
1581,American Express,Jose Roberts,4139219046654457,528,05/33
1582,Mastercard,Lindsey Miller,4520008168182,369,07/33
1583,Diners Club / Carte Blanche,Robert Peters,4824811670818,051,02/32
1584,JCB 15 digit,Larry Palmer,4651492689631888,365,11/35
1585,Diners Club / Carte Blanche,Courtney Park,4179962248363,865,01/34
1586,JCB 15 digit,Katherine Schultz,4273280749096293,156,03/28
1587,JCB 16 digit,Krystal Nguyen,2232984035044545,891,07/34
1588,VISA 19 digit,Adrienne Lewis,30226162045509,021,09/28
1589,Diners Club / Carte Blanche,April Anderson,213104144765032,305,06/28
1590,JCB 15 digit,Holly Gardner,4791219378328653,214,08/31
1591,VISA 16 digit,Lindsay Mccoy,4893018878116601,788,03/33
1592,Maestro,Gary Martinez,588870931601,618,03/33
1593,VISA 19 digit,Victoria Chang,4476872701570293544,809,03/26
1594,VISA 13 digit,Samuel Thomas,4356002349561951311,499,12/34
1595,JCB 15 digit,James Schroeder,6582354402643203,780,03/32
1596,JCB 16 digit,Kathryn Stephens,4762161143681518,640,01/32
1597,Mastercard,Joshua Castillo,675969459246,377,04/30
1598,Diners Club / Carte Blanche,Erin White,3513676029648103,762,06/27
1599,VISA 19 digit,Melinda Payne,4317970524176272,1832,02/29
1600,JCB 16 digit,Joseph Wilkinson,6533340389203673,314,01/34
1601,VISA 13 digit,Susan Nelson,373159182859788,678,04/30
1602,Diners Club / Carte Blanche,Taylor Martin,4501988574517738,575,07/34
1603,JCB 15 digit,Theresa James,4610665023647237,980,10/35
1604,Diners Club / Carte Blanche,Kyle Lee,344584987448279,809,03/27
1605,VISA 16 digit,Sara Jimenez,060419856707,244,09/34
1606,JCB 15 digit,Kimberly Ryan,4942764478631,291,02/32
1607,VISA 19 digit,Paul Berry,6549930877834401,756,02/33
1608,VISA 16 digit,Jennifer Ponce,213129046478103,946,04/29
1609,JCB 16 digit,Caroline Ramsey,180030201504502,516,07/30
1610,Discover,Rebecca Lee,5159436011836107,075,06/35
1611,VISA 19 digit,Joshua Morgan,372076966353948,294,03/26
1612,Maestro,Monica White,5547162808518473,484,08/29
1613,Mastercard,Robert Lewis,180045142697835,261,11/27
1614,Discover,Jacqueline Murray,4652405073895,183,03/29
1615,Mastercard,Ashley Barnett,4609639409352,902,11/27
1616,Diners Club / Carte Blanche,Sara Valdez,2431275460595906,925,04/35
1617,VISA 16 digit,Aaron Hartman,343909573202254,890,08/33
1618,Maestro,William Olsen,343875550091228,245,03/34
1619,VISA 13 digit,Michelle Davis,573646090056,448,12/34
1620,JCB 15 digit,Diane Taylor,3526684407443183,822,02/32
1621,VISA 16 digit,Joshua Hopkins,676201699821,165,10/29
1622,VISA 16 digit,Daniel Armstrong,6507872946955033,070,02/33
1623,American Express,Shelly Acevedo,345089619846089,682,09/26
1624,VISA 13 digit,Shelly Ellis,3576050232262918,047,09/30
1625,Mastercard,Jason Richmond,375195486210532,466,06/26
1626,Diners Club / Carte Blanche,Pamela Flores,4373373369809407,008,10/35
1627,VISA 13 digit,Jacob Flores,4803771489070356,115,08/29
1628,JCB 16 digit,Scott Torres,4048068915720224,0466,05/34
1629,VISA 13 digit,Robert Perez,4338788367453235,140,08/31
1630,Mastercard,Joseph Mann,30458132518899,553,01/28
1631,Mastercard,Andrew Moss,213170214507570,712,09/35
1632,JCB 16 digit,Michelle Burton,3571970648147053,273,07/35
1633,Mastercard,Crystal Burns,2705066933463577,489,07/32
1634,Discover,Jessica Young,4371210845447067,472,10/33
1635,American Express,Joseph Rivera,4031973153843837,4619,03/33
1636,JCB 15 digit,Mary Fowler,340362760348519,819,01/30
1637,JCB 15 digit,Patrick Kelly,6576820573433333,315,06/30
1638,JCB 15 digit,Robert Anderson,4641211433712668,862,11/29
1639,VISA 16 digit,Abigail Stanley,4040583262605933,540,06/32
1640,Maestro,Timothy Castillo,6562850676348274,961,01/35
1641,JCB 15 digit,Sherry Diaz,573743672160,433,11/26
1642,Diners Club / Carte Blanche,Robert Duncan,6523362279268014,204,03/35
1643,Maestro,Margaret Brown,180001625101449,357,06/31
1644,Diners Club / Carte Blanche,Gabriel Scott,349479147243246,091,06/35
1645,VISA 16 digit,Jason West,502046799586,452,11/29
1646,VISA 16 digit,Kayla Black,3575802886637428,8037,12/33
1647,VISA 16 digit,Wayne Taylor,587407959465,244,06/31
1648,Diners Club / Carte Blanche,Dawn Rogers,3545993988271385,696,01/30
1649,American Express,Katie Robinson,180038665047314,474,03/27
1650,VISA 16 digit,Jared Atkinson,3525021371964202,448,08/34
1651,Diners Club / Carte Blanche,Barbara Welch,378171342058644,960,09/30
1652,Diners Club / Carte Blanche,Lauren Smith,3500405519808067,467,04/27
1653,Mastercard,Kimberly Williams DVM,3568014785524298,286,04/28
1654,American Express,Joshua Noble,4505706940099,713,07/33
1655,VISA 16 digit,Veronica Bryant,4265345019812982,446,08/33
1656,JCB 15 digit,Nicole Vargas,3593671287096197,435,12/29
1657,JCB 15 digit,Jacqueline Snyder MD,4365071495223,798,07/33
1658,JCB 16 digit,Breanna Sanford,4246783151934,593,11/26
1659,American Express,Jonathan Gomez,502081145356,722,04/34
1660,JCB 15 digit,Karen Hunter,180021640010680,565,06/31
1661,VISA 16 digit,Melissa Hawkins,4499523011951754,991,08/35
1662,Mastercard,Janet James,213129401075254,631,04/27
1663,JCB 16 digit,William Smith,4220704179383131688,208,12/26
1664,VISA 13 digit,Christopher Smith,3538401209650766,579,04/33
1665,VISA 16 digit,Kristin Ramirez,3515569735353985,194,06/29
1666,Maestro,Cynthia Wilson,4630722144730,186,09/31
1667,Mastercard,Kelly Griffin,4977326759417,4354,06/35
1668,Mastercard,Amanda Washington,2255507880163318,010,12/29
1669,VISA 16 digit,Kendra Gray,2254140231507008,228,11/35
1670,Discover,Sabrina Owen,6011916996019809,211,01/33
1671,American Express,Theresa Burton,6521454529337889,302,11/34
1672,JCB 15 digit,Veronica Walker,2709086677962960,373,02/28
1673,American Express,Jacqueline Adams,180048423398628,7207,11/26
1674,JCB 16 digit,Todd Smith,2242040590932414,308,02/29
1675,Diners Club / Carte Blanche,Angela Williams,4034414327189994,971,12/30
1676,VISA 13 digit,Angel Salazar,4827181495251721,319,10/35
1677,VISA 13 digit,Grace Bolton,3513943580844772,317,03/27
1678,American Express,Levi Smith,4127488982908,959,01/28
1679,VISA 16 digit,Jason Rios,4610982441851,791,06/30
1680,Diners Club / Carte Blanche,Brian Baker,4495923077870530,442,11/30
1681,American Express,Debra Johnson,4258218874125809,014,02/33
1682,American Express,Cameron Monroe,374245307486216,597,10/33
1683,VISA 13 digit,Bethany Davenport,6577433213973038,638,01/31
1684,VISA 13 digit,Courtney Robinson,4215854816874265834,338,07/28
1685,Maestro,Kathy Turner,4368364170366718,752,03/27
1686,JCB 16 digit,Jeffrey Boyer,347246041564296,320,06/27
1687,VISA 16 digit,Morgan Li,345538708497014,082,08/32
1688,Mastercard,Alexis Sullivan,180081788260885,052,08/27
1689,VISA 16 digit,Ashley Osborne,30417835880097,120,04/35
1690,Discover,Stephen Moyer,4002246278945315,451,01/35
1691,VISA 19 digit,Rodney Baker,30057975801063,731,08/32
1692,JCB 16 digit,Bobby Foley,3561080663918388,265,12/28
1693,American Express,Megan Berry,3514449194687705,327,01/28
1694,Maestro,Amy Morrison,180098575730805,975,06/26
1695,JCB 15 digit,Kelly Gonzalez,180052288843363,524,11/34
1696,VISA 19 digit,Mr. Mark Gonzalez PhD,4247189115011690,413,10/26
1697,American Express,Lauren Anderson,4967646453734,023,06/33
1698,JCB 16 digit,Brittney Hernandez,3540175513094608,932,03/29
1699,VISA 13 digit,Robert Porter,4726923112188768165,768,09/27
1700,Diners Club / Carte Blanche,Ashley Benton,6011695207500589,8681,09/33
1701,American Express,Daniel Crawford,6011809974804245,544,03/27
1702,Mastercard,Cheyenne Hernandez,4338316182122080,502,12/30
1703,JCB 16 digit,Natasha Richardson,4548742912714,838,10/29
1704,Diners Club / Carte Blanche,Dave Thomas,4099196880892286,136,12/30
1705,American Express,Robert Mitchell,4866986442014218,6571,04/26
1706,VISA 16 digit,Gabriel Anthony,180000752829715,984,09/30
1707,JCB 16 digit,Katie Whitehead,676364006368,586,10/34
1708,American Express,Charles Freeman,3547959289985534,133,04/32
1709,Mastercard,Jeffrey Jackson,374104443107402,5805,10/34
1710,Discover,Tammy Thompson,3512001398699697,977,10/32
1711,VISA 16 digit,Jonathan Smith,180071479407895,776,08/27
1712,JCB 15 digit,Nathan Bell,3575081105995905,143,10/28
1713,VISA 13 digit,Gerald Skinner,4596974955539476507,659,05/27
1714,Maestro,Christopher Daniels,180088820036629,354,05/27
1715,VISA 13 digit,Tammy Riggs,3570151052804338,730,02/26
1716,Maestro,Nicole Stewart,2705413714141909,885,07/27
1717,VISA 16 digit,Robin Santos,2720666937415795,767,08/32
1718,JCB 15 digit,Colleen Andrade,3576517774203898,0333,12/27
1719,JCB 16 digit,Jacob Ellis,4657440322544665,631,11/29
1720,American Express,Jonathan Donovan,676243227532,590,08/30
1721,VISA 16 digit,Kathy Morrow,343617296805564,633,07/26
1722,VISA 19 digit,Troy Flores,370593505382172,190,06/26
1723,Diners Club / Carte Blanche,John Sanchez,30586516391945,987,06/28
1724,American Express,Pamela Wall,213191830999439,794,05/30
1725,JCB 16 digit,Darren Vaughan,4340612732692714250,148,04/28
1726,JCB 15 digit,Gary Ibarra,2716618307427914,383,03/34
1727,Diners Club / Carte Blanche,Kenneth Cannon,567156716688,319,08/35
1728,JCB 15 digit,John Mosley,3547707318164427,197,12/33
1729,JCB 15 digit,Laura Allen,3531755031260525,552,08/29
1730,JCB 16 digit,Christine Wise,30398964291357,750,07/31
1731,Diners Club / Carte Blanche,Kent Hood,3597286335707806,7910,04/34
1732,Diners Club / Carte Blanche,Anita Calhoun,3568643245880922,423,08/32
1733,VISA 16 digit,Megan Padilla,180008400210527,971,04/26
1734,American Express,Scott Williams,371881646980841,244,01/35
1735,Discover,Gary Ward,343774946445992,684,12/33
1736,JCB 16 digit,Jordan Lopez,373681391733439,223,11/30
1737,JCB 16 digit,Jason Wiggins,2262457647052472,588,02/26
1738,JCB 16 digit,Marc Gonzales,4751260845102014,000,10/28
1739,VISA 19 digit,Christine Jones,3534561549682722,982,08/28
1740,VISA 13 digit,Brian Perez,3590810569036538,628,12/34
1741,Maestro,Chris Small,3593032561914318,857,06/33
1742,Discover,Justin Meyer,4561796682034052415,622,02/32
1743,VISA 16 digit,Mary Doyle,2280554454351118,670,06/27
1744,JCB 16 digit,Natalie Cooper,4874492978099673,279,12/35
1745,JCB 15 digit,Dawn Ramsey,6011027166105889,086,12/26
1746,VISA 19 digit,Lisa Turner,30177732779525,195,06/35
1747,Maestro,Stacy Carter,4502311990270,607,04/30
1748,JCB 16 digit,Carl Moreno,4186112966349,339,06/30
1749,Discover,Carolyn Brown,371477064174965,9697,03/30
1750,Mastercard,Andre Ramirez,582614378864,343,03/32
1751,Diners Club / Carte Blanche,Lawrence Blake,6011827638912022,365,01/28
1752,Diners Club / Carte Blanche,Alan Roberson MD,180027643420354,356,01/32
1753,Diners Club / Carte Blanche,Jessica Thompson,4843783813180,109,01/31
1754,JCB 16 digit,Catherine Lewis,3565258512181392,604,11/30
1755,VISA 13 digit,Miguel Allison,4608166616124,672,09/26
1756,Discover,Ashley Cook,30347039407688,587,06/35
1757,VISA 16 digit,Ryan Ramos,4681294913110746775,013,04/35
1758,Mastercard,Russell Hudson,213180163258323,7301,10/26
1759,JCB 16 digit,Amber Harrell,676305790203,9490,02/32
1760,VISA 13 digit,Mary Carr,574222035390,047,06/26
1761,VISA 19 digit,Jordan Smith,676335697030,807,01/34
1762,JCB 15 digit,Michael Murphy,4031625815643120865,470,08/31
1763,JCB 16 digit,Joel Burns,30127074093019,141,04/27
1764,Mastercard,Lisa Johnson,5506611283442871,297,01/30
1765,VISA 13 digit,Kendra Le,3528294593554526,278,02/30
1766,American Express,Savannah Robinson,180086266112987,993,06/30
1767,Diners Club / Carte Blanche,Megan Hardy,38855329317922,888,03/34
1768,Maestro,Diane Perez,4345417930676194,686,09/28
1769,JCB 16 digit,Daniel Moon,213151365164841,552,04/32
1770,VISA 16 digit,Michael Sheppard,2474661796657155,530,02/33
1771,VISA 19 digit,Randy Kidd,4591448786125839,763,03/27
1772,JCB 15 digit,Christine Lee,3542676661841078,114,12/35
1773,Diners Club / Carte Blanche,Samantha Lewis,4022266388304340,401,10/33
1774,JCB 15 digit,Laurie Davis,344843771346978,161,12/31
1775,Maestro,Ann Mitchell,675999435125,504,11/34
1776,VISA 16 digit,Ryan Walker,630415409352,372,04/28
1777,Discover,Joshua Smith,4279967971797374,3329,10/34
1778,VISA 13 digit,Derek Davies,213180061758572,007,09/35
1779,Diners Club / Carte Blanche,Vanessa Young,4826378600239200,066,02/28
1780,VISA 16 digit,Robert Smith,4026720863290321,492,10/32
1781,VISA 19 digit,Michael Lane,3527153590074303,125,04/26
1782,Maestro,Kristin Jones,2278576486977564,448,05/35
1783,JCB 16 digit,Morgan Bush,377955181847625,783,12/33
1784,Discover,Elizabeth Shepherd,348653796833835,585,10/35
1785,VISA 13 digit,Joel Lawson,4400164634591640,502,01/36
1786,VISA 19 digit,Christopher Larson,4021124416027,280,03/26
1787,Mastercard,Amanda Kline,4301489736812135,758,09/27
1788,Mastercard,John Mcmahon,213114056938949,604,08/26
1789,Maestro,Lisa Lee,370186663839057,186,10/31
1790,VISA 16 digit,Philip Jensen,345512654144532,303,06/26
1791,Mastercard,Jennifer Yu,347820230952916,499,11/26
1792,VISA 19 digit,Molly Higgins,6542454070191458,347,03/29
1793,JCB 15 digit,Michelle Brown,4882994666983154892,337,05/35
1794,American Express,Karen Harris,4846157682446,391,04/28
1795,JCB 16 digit,Pamela Beasley,2464733796011824,7024,03/35
1796,JCB 16 digit,Carlos Moran,4093178326113432,192,06/27
1797,JCB 16 digit,Shane Sanchez,4462383112742067836,392,02/34
1798,Mastercard,Sherry Rivas,4707271644797,858,11/26
1799,Mastercard,Ronald Turner,349807140483379,268,10/34
1800,VISA 16 digit,Brenda Lewis,3574267565895666,146,12/33
1801,VISA 16 digit,Dr. Christopher Massey,4343036778335739388,162,09/35
1802,VISA 16 digit,Ronald Callahan,503868772669,486,06/31
1803,VISA 16 digit,Adam Martinez,180091697531797,698,05/28
1804,VISA 16 digit,Amber Sullivan,6011198363479631,616,08/34
1805,Diners Club / Carte Blanche,Adam Murray,213192060422761,173,05/35
1806,Mastercard,Troy Garcia,345483547513863,702,06/29
1807,VISA 19 digit,Timothy Long,3591896766640015,109,02/31
1808,Discover,Susan Higgins,6513981989279482,139,04/30
1809,American Express,Thomas Miller,30273894185302,760,06/34
1810,VISA 16 digit,Jennifer Smith,180073874857294,916,12/31
1811,Diners Club / Carte Blanche,Richard Lucas,6576665794465873,928,03/34
1812,VISA 19 digit,Marvin Hayes,213135001363297,219,06/34
1813,Mastercard,Monica Bright,3548687820622683,860,08/26
1814,American Express,Kayla Kennedy,3530136710855938,125,05/29
1815,American Express,Nicholas Gutierrez,4693714227764,458,03/33
1816,VISA 19 digit,Meghan Bradley,213155725682293,510,04/31
1817,American Express,Stacey Diaz,3526560122785670,291,11/31
1818,American Express,Stephanie Moreno,4090305267335,416,09/26
1819,VISA 13 digit,Amber Horne,180028796792227,006,05/34
1820,Maestro,Rachel Mueller,2712852180651738,568,07/31
1821,JCB 16 digit,Brian Cox,30553321698161,228,04/26
1822,VISA 19 digit,Amanda Rogers,30421963226867,860,10/30
1823,VISA 16 digit,Joseph Ferguson,213127076191240,0406,02/27
1824,JCB 15 digit,Greg Johnson,30031112963177,971,07/30
1825,Discover,Bryce Vazquez,377828327634829,549,06/31
1826,VISA 13 digit,Crystal Rodriguez,3528541726278518,699,02/33
1827,Discover,Ann Smith,3501159889433431,927,06/29
1828,Discover,Matthew Powell,2260135795919500,969,11/26
1829,VISA 16 digit,Monica Alvarado,3519249039020772,309,10/26
1830,VISA 16 digit,Samuel Weaver,4932685683013,334,03/29
1831,VISA 16 digit,Ricardo Hudson,5313098301623687,342,02/32
1832,VISA 16 digit,Marcus Richardson,3563670298562458,8370,06/28
1833,VISA 16 digit,Reginald Fox,4553665343189257,755,07/29
1834,JCB 16 digit,Jasmine Hall,5222685548954022,139,03/35
1835,JCB 16 digit,John Moore,4349333983135,3378,05/33
1836,VISA 13 digit,Maria Roberts,30481384954893,523,03/32
1837,VISA 19 digit,Bradley Dixon PhD,676281107018,229,11/31
1838,VISA 19 digit,Michelle Davis,2711662819003487,078,12/27
1839,Maestro,Kevin Clements,562380722982,604,05/27
1840,VISA 16 digit,Kristen Evans,5510661650077473,530,12/29
1841,JCB 16 digit,Dawn Riley,3545300147260806,495,09/31
1842,American Express,Monica Conway,38515204914884,981,04/28
1843,VISA 16 digit,Brianna Nichols,36294852009296,157,07/29
1844,VISA 19 digit,David Powers,2419020628208042,451,03/32
1845,JCB 16 digit,Joseph Cruz,180006747244480,045,01/31
1846,VISA 16 digit,Brian Delacruz,4437595510364619,925,01/34
1847,Mastercard,Natalie Rice,180085969189656,248,09/27
1848,Discover,Natalie Hartman,180000215168321,458,03/32
1849,VISA 13 digit,Jessica Smith,2296151250662061,206,07/27
1850,Mastercard,Ashley Rodriguez,180081809449095,293,04/33
1851,Diners Club / Carte Blanche,Dennis Holt,6553533777484146,907,01/31
1852,VISA 13 digit,Bryan Delgado,30470971989289,205,05/34
1853,Diners Club / Carte Blanche,Amanda Morgan,180006553695338,8722,05/29
1854,American Express,Edward Avila,4690298992925211,593,10/29
1855,JCB 15 digit,Johnny Williams,30420719238762,943,10/31
1856,JCB 15 digit,Melvin Anderson,2283277096506041,407,10/31
1857,Maestro,Karen Anderson,3516465883411924,7457,09/26
1858,Diners Club / Carte Blanche,Vickie Rivera,4682222035676356834,776,01/34
1859,VISA 13 digit,Blake Price,3518217603964262,716,05/26
1860,VISA 19 digit,Sharon Chan,3595510097199312,345,10/33
1861,American Express,David Moore,3569565386538887,928,10/29
1862,American Express,Cesar Jackson,4867822166946,804,04/32
1863,Discover,Eric Murray,4689768015543,403,05/33
1864,VISA 13 digit,Joseph Hernandez,4029347167856370,112,10/30
1865,American Express,Megan Sanchez,2242440932285549,327,02/30
1866,Mastercard,Rebecca Cooper,4127807840167,243,07/29
1867,JCB 16 digit,Anna Armstrong,630472611494,596,07/29
1868,Maestro,Toni Reeves,3562610136820255,7369,06/34
1869,Mastercard,Anthony Barr,4104074027501651,991,07/30
1870,VISA 16 digit,Amanda Green,5117479264861803,171,04/32
1871,Maestro,Justin Brown,373003696944191,293,11/27
1872,JCB 16 digit,Lisa Morrison,3593053331470712,621,08/27
1873,Diners Club / Carte Blanche,Rachel English,30169711493376,617,03/30
1874,VISA 16 digit,Lindsey Carpenter,4388516696103083,628,08/27
1875,Discover,Joanne Jones,2253990163617956,139,05/29
1876,JCB 15 digit,Nicholas Wright,4218755851709486846,979,06/32
1877,VISA 16 digit,Kayla Stevens,5399786931543492,245,05/30
1878,JCB 15 digit,Jeffrey Wheeler,180063246617682,958,03/32
1879,VISA 16 digit,Casey Armstrong,2719649277866945,629,04/35
1880,VISA 16 digit,Erin Bernard,3549790799296668,573,02/32
1881,VISA 13 digit,Anthony Christian,5475771560085822,418,12/27
1882,American Express,Randall Hopkins,675960393790,142,11/32
1883,Discover,Michelle Robbins,6585870487766848,645,11/27
1884,American Express,Richard Walker,3534162324601118,863,09/29
1885,VISA 19 digit,Janet Stone,2720649566811294,106,08/29
1886,VISA 16 digit,Annette Rowe,676273440716,369,06/33
1887,VISA 19 digit,Crystal Diaz,6516151955805721,791,11/27
1888,JCB 16 digit,Deanna Jones,581409608212,128,09/35
1889,Diners Club / Carte Blanche,Ricky Fox,4006091279261684,995,09/28
1890,Diners Club / Carte Blanche,Raymond Garcia,3550677592429222,879,04/29
1891,JCB 15 digit,Cheryl Erickson,3525001980958407,615,10/32
1892,American Express,Haley Frost,4014528563940,137,04/33
1893,Mastercard,Lindsay Cummings,3538755647664410,945,04/33
1894,JCB 16 digit,Linda Lynn,4604234359020478908,763,10/34
1895,JCB 16 digit,Daniel Mcknight,4999068639946,411,06/31
1896,VISA 13 digit,Rodney Lucas,4671261879587218,460,08/26
1897,JCB 15 digit,Donna Green,4872493069302952,308,08/35
1898,VISA 16 digit,Christine Olson,4153662309416448,436,04/35
1899,VISA 19 digit,Daisy Hodges,4166201137451379,123,07/33
1900,VISA 19 digit,Kimberly Castillo MD,180097404611939,270,06/31
1901,Mastercard,Andrew Knapp,6011446488480228,167,06/29
1902,Maestro,Amanda Reyes,4946421880629434230,106,09/33
1903,Mastercard,James Vaughn,4869367484089516,114,10/28
1904,JCB 16 digit,Shawn Irwin,6011983565147825,533,07/34
1905,Mastercard,Wendy Flynn,4634826234469686,5061,01/33
1906,Diners Club / Carte Blanche,Mark Wong,4663545715980,743,05/26
1907,JCB 16 digit,Melanie Ortiz,586416339354,912,06/26
1908,Mastercard,Daniel King,4149799816249255,171,07/33
1909,Diners Club / Carte Blanche,Travis Martin,4587058790173057448,492,08/33
1910,Diners Club / Carte Blanche,Tyler Griffith,2317518435967414,049,04/29
1911,JCB 16 digit,Matthew Vaughan,4149076898284112197,749,10/31
1912,Maestro,Eric Clark,3567117675692504,513,03/31
1913,JCB 16 digit,Kevin Stevens,30312888032722,542,04/33
1914,Discover,Gregg Duffy,30410294074807,873,05/29
1915,Maestro,Laura Blake,180032909655438,927,12/28
1916,Mastercard,Stephanie Marshall,4448186770331345,638,03/32
1917,VISA 16 digit,Dawn Meyer MD,4888547979868,208,04/31
1918,VISA 16 digit,Emily Burns,4837752308767331,801,07/28
1919,Mastercard,Daniel Williams Jr.,3519018416232866,1970,11/30
1920,Maestro,Jennifer Collins,3549601567738635,078,08/26
1921,VISA 13 digit,William Phillips,213153401359351,385,07/35
1922,VISA 13 digit,Tonya Castro,4157603991515085,430,11/32
1923,Mastercard,Courtney Williams,378982720496721,535,10/28
1924,Maestro,Kristina Russell,180036106297019,382,05/35
1925,JCB 16 digit,Karen Kim,676325400544,035,07/28
1926,Maestro,Kelly Ellison,4798845180726701,894,12/34
1927,Discover,Jaclyn Holmes,6513587917836366,060,11/35
1928,VISA 19 digit,Norma Berry,4704007709002,539,10/28
1929,American Express,Alexis Flores,4417737092165,859,03/29
1930,JCB 16 digit,Whitney Johnson,6011221719818680,935,12/34
1931,JCB 16 digit,Christine Carr,3508842937274088,9443,10/27
1932,VISA 13 digit,Christine Cook,4676251494540986,888,05/34
1933,American Express,Benjamin Sanders,4252444344165,910,06/30
1934,JCB 16 digit,Tara Williams,180000683149100,973,07/32
1935,JCB 16 digit,Jessica Clark,180014836707375,198,08/28
1936,VISA 16 digit,Shawn Bruce,4783401599094,728,12/29
1937,Diners Club / Carte Blanche,Joshua Edwards,4531622478872220,467,02/35
1938,Diners Club / Carte Blanche,Deborah Blair,3593900446609347,459,05/27
1939,VISA 13 digit,Andrea King MD,4161358487947706,740,09/31
1940,Discover,Christopher Green,4054326135053771,789,10/35
1941,VISA 16 digit,Samantha Villarreal,4123272269465043352,762,12/26
1942,VISA 19 digit,Katelyn Rodriguez,6011249561580298,589,12/33
1943,Mastercard,Amy Johns,3550487438810993,758,12/29
1944,JCB 16 digit,Joseph Sparks,6556353866361585,274,03/35
1945,VISA 16 digit,Gary Weber,3551459529121555,278,05/34
1946,Mastercard,Kelsey Odonnell,5314710084291800,780,07/26
1947,VISA 13 digit,Tristan Williams,30504991843322,8940,05/31
1948,Discover,Bruce Mullins,5305453810942732,592,10/31
1949,VISA 19 digit,Alexa Moore,502041207270,351,05/30
1950,VISA 16 digit,Stephen Watson,3590113344464327,174,10/31
1951,VISA 13 digit,Lisa Davis,4141605413740133,235,01/30
1952,JCB 15 digit,Carla Wood,630423320559,015,06/28
1953,VISA 13 digit,Robert Tucker,3508283852050833,798,02/32
1954,VISA 19 digit,Sean Wilson,5434586041718860,272,09/30
1955,JCB 16 digit,Jillian Yates,676322438455,626,11/31
1956,VISA 19 digit,Mark Phillips,379824884418274,5267,03/30
1957,JCB 16 digit,Veronica Smith,30005969895104,678,03/26
1958,VISA 16 digit,Louis Greene,2230151618673999,531,10/34
1959,American Express,Samantha Mason,3587345600366623,367,09/32
1960,JCB 16 digit,Lydia Lynn,4862981600397575852,793,09/34
1961,American Express,Kevin Davis,213138282230060,1141,02/29
1962,VISA 16 digit,Robert Henderson,30510423885336,715,06/31
1963,JCB 16 digit,Diamond Burns,4955710555831,034,12/32
1964,JCB 16 digit,David Ramirez,4057560195469,122,02/29
1965,Mastercard,Nicole Serrano,4502613415224,076,07/33
1966,JCB 16 digit,Eric Palmer,379213338571047,708,03/35
1967,Diners Club / Carte Blanche,Kevin Butler,4669091044828505392,861,12/33
1968,Mastercard,Ryan Davis,346343968591898,146,04/29
1969,American Express,Danielle Rivera,180014427000214,749,07/28
1970,American Express,Wanda Martinez,6011064204787196,544,03/30
1971,Diners Club / Carte Blanche,Victoria Holmes,4965654532225,959,12/28
1972,American Express,Mark Ferguson,3559016615503120,570,08/33
1973,Diners Club / Carte Blanche,Anthony Warner,3532216981740809,0620,10/27
1974,Diners Club / Carte Blanche,Kristin Hess,502091086327,962,08/32
1975,VISA 13 digit,Julie Ward,5306004557017250,050,10/35
1976,JCB 16 digit,Deborah Hernandez,30326398545148,263,05/31
1977,Diners Club / Carte Blanche,Yolanda Thomas,4440791369469,468,05/34
1978,JCB 15 digit,Dr. Mark Jones Jr.,6534306658179158,102,04/35
1979,VISA 19 digit,Kristen Chambers,3597187964265191,367,06/28
1980,VISA 16 digit,Jennifer Wilson,348544514349271,496,04/29
1981,American Express,Sherry Maldonado,4493075132333400,557,07/33
1982,JCB 15 digit,Jon Booth,213129471006577,834,01/34
1983,VISA 19 digit,Deborah Butler,4287447421717328775,540,05/32
1984,American Express,Phillip Barron,213166823103363,578,11/30
1985,Mastercard,Rodney Morrison,6539215166080656,827,09/31
1986,American Express,Robert Webb,5114593083980470,156,05/30
1987,VISA 16 digit,Justin Waters,501844228269,782,03/35
1988,VISA 16 digit,Brittany Edwards,4866852396628462,4727,04/26
1989,Diners Club / Carte Blanche,Glenn Warner,4197738650542004,646,10/35
1990,Discover,Alexandra Perkins,3599150449353972,502,06/33
1991,JCB 16 digit,Juan Wu,2290205028270866,743,06/29
1992,Discover,Brian Williams,2247156335172127,9122,06/27
1993,Discover,Danielle Mckinney,4482247556619555,381,03/30
1994,American Express,Nicholas Kemp,4417917013905239536,111,09/26
1995,JCB 16 digit,Ashley Fernandez,3510000927350915,588,07/31
1996,JCB 15 digit,Wayne Flores,2474559560197277,623,02/26
1997,VISA 13 digit,Kevin Reynolds,347912780010888,351,06/33
1998,JCB 15 digit,Michael Wilson,374507186184935,437,05/27
1999,JCB 16 digit,Heather Espinoza,3570340092996424,951,01/34
2000,Diners Club / Carte Blanche,Jimmy Callahan,4417046594625117346,287,09/26
2001,Discover,Maria Nguyen,4306442203554255,1974,12/27
2002,VISA 13 digit,Peter Walters,180085987763649,132,08/26
2003,Mastercard,Michael Kline,5238684188849990,930,02/34
2004,JCB 16 digit,Aaron Hamilton,4157870526005599,538,10/26
2005,VISA 13 digit,Cody Kirk,3531062336832722,288,04/33
2006,American Express,Stephen Lewis,676238546136,980,03/27
2007,VISA 13 digit,Miss Casey Gross,2266374484303247,210,09/32
2008,VISA 19 digit,Christian Reyes,060438985537,1302,12/31
2009,Maestro,Emily Moore,30013135654173,478,04/26
2010,JCB 16 digit,Kendra Hanna,2378887697852309,801,05/34
2011,American Express,Ernest Turner,4821331797327726549,726,11/31
2012,American Express,Beth Phillips,4986532521249070,006,08/30
2013,JCB 16 digit,Natalie Brady,4973020497382344,092,01/29
2014,VISA 13 digit,Juan Cisneros,30119865068474,567,05/30
2015,VISA 13 digit,James Welch,4694546379278,069,04/28
2016,American Express,Shane Adams,3573319816507193,458,04/30
2017,American Express,Courtney Green,6566697084008420,597,03/27
2018,VISA 16 digit,Mark Hernandez,3577368649998877,972,09/30
2019,VISA 16 digit,Daniel Wilson,38013201995965,170,03/35
2020,VISA 16 digit,Brooke Hansen,30256065157374,511,07/30
2021,American Express,Michael Kramer,213178705581012,503,03/31
2022,American Express,Charles Robertson,4115778085618293404,907,07/29
2023,JCB 16 digit,William Oliver,4216280398544,964,09/29
2024,VISA 19 digit,Zachary Murray,4302352295382438,436,11/32
2025,JCB 16 digit,Stephanie Jarvis,3522951244081391,666,01/34
2026,VISA 16 digit,Stephen Graves,501828993995,653,09/33
2027,VISA 13 digit,Ryan Harris,3567448197846736,814,07/34
2028,VISA 16 digit,Kerry Davis,4409161184356326,6367,08/29
2029,JCB 16 digit,Richard Hodges,4439102764480585,1711,06/29
2030,VISA 16 digit,Chad White,3598801497967441,652,12/35
2031,VISA 16 digit,Matthew Swanson,3542367832769576,193,12/30
2032,VISA 13 digit,Thomas Robinson,213190641667474,817,02/32
2033,JCB 15 digit,Erik Conner,4192263317922668,445,03/30
2034,VISA 19 digit,Edward Burns,2720210185343837,157,10/29
2035,Mastercard,Elizabeth Munoz,4917824966712124,383,07/28
2036,Mastercard,Christopher Mason,4500712744223626,1962,02/31
2037,JCB 16 digit,Matthew Martinez,180063289767170,606,04/31
2038,JCB 16 digit,Leah Holloway,3579380296124259,388,02/33
2039,JCB 15 digit,Michele Davis,180072691241468,057,02/35
2040,Discover,Brett Warren,060499833287,743,10/28
2041,Maestro,Anthony Cook,344095920080087,165,02/34
2042,VISA 16 digit,Chelsea Brock,346058661482712,351,03/31
2043,JCB 16 digit,James Barnes,675997521124,0434,05/33
2044,Maestro,Sean Santos,3550762218865643,653,03/27
2045,Discover,Mr. Aaron Diaz,2720542290816970,045,03/31
2046,JCB 16 digit,Charles Gomez,3586155580057543,470,11/32
2047,JCB 16 digit,Heidi Jenkins,3544186622423774,916,01/31
2048,VISA 16 digit,Brandon Salas,3596561003080202,821,05/26
2049,Mastercard,Mrs. Christine Fernandez,6011085286148080,310,11/26
2050,VISA 13 digit,Kevin Moody,4857772530246477542,6364,03/35
2051,VISA 19 digit,Laura Higgins,213174207773884,032,01/30
2052,VISA 16 digit,Austin Gordon,30433194853898,096,10/26
2053,JCB 15 digit,Abigail West,3566760716313373,151,05/29
2054,Diners Club / Carte Blanche,Scott Harris,3545912810054157,470,10/27
2055,JCB 16 digit,Brooke Arias,4580404347400,386,04/31
2056,VISA 16 digit,Kenneth Chaney,2276860349223909,010,11/31
2057,VISA 16 digit,Heather King,3508617603363161,084,05/34
2058,American Express,Anthony Garcia,4125886549550,058,09/35
2059,Maestro,Sheila Hicks,2231984845731308,985,12/33
2060,VISA 16 digit,Matthew Rasmussen,3581988323624905,740,01/34
2061,VISA 16 digit,Roberta Miller,4121548084078,459,09/32
2062,Discover,Tina Mitchell,6011298028263501,445,05/33
2063,Mastercard,Elizabeth Mckinney,2245658071189597,137,08/28
2064,American Express,Emily Sanchez,4367410951355403,688,03/32
2065,VISA 13 digit,Joshua Simon,3550598447129710,552,12/27
2066,Mastercard,Timothy Martin,4027938172234306,194,11/28
2067,VISA 16 digit,Nicholas Reyes,3549268035572465,095,05/35
2068,VISA 16 digit,Glenn Mccoy,503899362613,832,09/34
2069,American Express,Christopher Mendoza,3504281833136220,786,03/31
2070,Maestro,Mary Holder,3568210419603777,488,06/26
2071,VISA 13 digit,Jennifer Garcia MD,4640881952782358407,275,05/35
2072,VISA 16 digit,Cynthia Moreno,6566598870113756,6871,12/32
2073,VISA 16 digit,Lisa Hayden,4161027532880622,7781,06/30
2074,Discover,Patrick Miller,30537888863789,423,07/26
2075,VISA 16 digit,James Harris,4914866065298320825,005,05/29
2076,Maestro,Corey Blair PhD,4735737787009,731,07/29
2077,JCB 16 digit,Sarah Gonzalez,4949071635306985,6618,06/32
2078,VISA 16 digit,Willie Johnson,3595506750396740,540,02/32
2079,JCB 15 digit,Sara Webb,180029762772474,146,04/33
2080,American Express,Duane Erickson,3595807100156960,992,05/34
2081,Mastercard,Richard Rich,4127108646685611,4465,06/33
2082,VISA 16 digit,Mackenzie Lawson,573331124855,560,11/34
2083,Discover,Willie Martinez,30479744390550,030,07/30
2084,Diners Club / Carte Blanche,Natalie Hill,676263093558,955,03/26
2085,American Express,Beverly Boyle,30557088198778,597,01/33
2086,JCB 16 digit,Tyler Parker,4133503860799423,985,03/33
2087,JCB 16 digit,Tonya Brandt,4196486188701327,169,08/27
2088,Mastercard,Tracy Arroyo,4377555866623655,861,08/30
2089,JCB 16 digit,John Morgan,6011193850932408,419,09/29
2090,Mastercard,Tina Joyce,4810997314146191,315,09/34
2091,Mastercard,Tyler Mcconnell,343493584900792,922,10/28
2092,Diners Club / Carte Blanche,Jordan Skinner,180097180735316,884,10/27
2093,Mastercard,Jimmy Velasquez,4744372253015347,5084,11/27
2094,JCB 16 digit,Kaitlyn Allen,5272396323108524,357,06/33
2095,JCB 16 digit,Jeffrey Kaufman,4677924937387079,788,11/26
2096,VISA 19 digit,Ricky Smith,4757739569273402,062,12/33
2097,American Express,Melissa Villegas,4868414733063731865,237,11/32
2098,VISA 16 digit,Anthony Davis,3596820690743633,776,12/34
2099,VISA 16 digit,Molly Garcia,6527789720843571,049,03/31
2100,Mastercard,Jeffery Park,213147123903090,714,09/31
2101,Mastercard,Rodney Young,180028042778061,472,06/33
2102,Mastercard,Anna Williamson,4904237010128,137,02/32
2103,VISA 16 digit,Daniel Dunn,3528531986447325,275,01/32
2104,Discover,Michael White,4759753489944,683,10/31
2105,American Express,Amy Lewis,180082050561349,857,07/32
2106,VISA 13 digit,Paul Gonzales,346317965937395,573,09/30
2107,JCB 16 digit,Paula Mooney,3559910915149859,016,04/28
2108,JCB 16 digit,Rebecca Fields,4951569291474911359,978,02/35
2109,VISA 16 digit,Susan Vaughan MD,4461578830079652,056,04/28
2110,VISA 16 digit,Pamela Barajas,213114086370006,898,05/29
2111,American Express,Johnny Avery,4384088880915403,213,07/34
2112,Discover,Jennifer Aguirre,5319837446109837,333,09/26
2113,VISA 19 digit,Gary Hamilton,4324146713995,771,05/29
2114,American Express,Thomas Tucker,3561465635120926,342,08/34
2115,Mastercard,Christopher Clark,180099058684493,081,06/32
2116,JCB 15 digit,Alan Roth,3517067569152282,733,12/31
2117,Maestro,Rebecca Robertson,3587401458186488,459,01/28
2118,JCB 16 digit,Jill Prince,372586341501110,329,04/30
2119,VISA 19 digit,Carrie Mason,180052505894686,022,01/30
2120,Mastercard,Matthew Perez,4524374770450102,848,08/26
2121,Mastercard,Kathleen Cardenas,6517542525330464,041,02/31
2122,American Express,Robert Richardson,4467488673113054367,060,02/31
2123,VISA 19 digit,Tiffany Stanley,4672996831467364176,610,01/30
2124,JCB 16 digit,Nancy Smith,567247654690,918,01/33
2125,Discover,Lisa Lopez,213115305113929,809,11/26
2126,VISA 16 digit,Deborah Warren,4080886935764370,079,12/34
2127,Maestro,Rachel Lee,4700176135557,194,03/35
2128,Diners Club / Carte Blanche,Heather Donaldson,4235052781232,056,06/26
2129,VISA 13 digit,Shannon Brooks,30316627426418,105,08/26
2130,Diners Club / Carte Blanche,Debbie Miller,3564100433273125,610,12/33
2131,VISA 13 digit,Darren Mendez,3534575765594718,662,12/28
2132,JCB 15 digit,Rhonda Nguyen,2563583248402901,878,08/33
2133,JCB 15 digit,Roger Phillips,213109538358153,193,06/35
2134,VISA 19 digit,Jessica Elliott,2636344448241158,861,12/28
2135,JCB 15 digit,David Miller,4297110540584790414,492,11/28
2136,VISA 16 digit,Amber Glass,349320263563233,103,06/34
2137,VISA 16 digit,Ronald Johnson,30117495548360,435,08/27
2138,VISA 16 digit,Christina Bond,4785359178840965217,699,10/28
2139,VISA 13 digit,Catherine Herrera,343816322966552,146,04/26
2140,JCB 15 digit,Angelica Rodriguez,6594464882287961,216,09/35
2141,American Express,Tabitha Cruz,4047450232977,236,01/30
2142,JCB 16 digit,Adriana Soto,3574838851297914,915,10/35
2143,Discover,Rebecca Scott,4456376088406655531,261,07/34
2144,VISA 13 digit,Casey Faulkner,213144112807168,098,02/31
2145,VISA 13 digit,Tanya Young,4190617582156499532,443,06/30
2146,Maestro,Mrs. Jennifer Griffin,180002912918040,087,11/31
2147,American Express,Jennifer Garcia,180037150666083,923,10/33
2148,VISA 16 digit,Jacqueline Moore,4791083134148,538,06/33
2149,Diners Club / Carte Blanche,Sean Soto,630477299899,757,12/28
2150,Maestro,Ronald Khan,344746409464594,993,05/28
2151,VISA 13 digit,Mark Scott,2230696179433480,1770,10/31
2152,JCB 16 digit,Joshua Peterson,4068048368668871401,484,05/34
2153,VISA 16 digit,Lawrence Harris,4420356333558719648,562,01/31
2154,Discover,Candace Jones,30082855983013,837,07/29
2155,VISA 16 digit,Tracy Cameron,346031302551476,7590,10/27
2156,American Express,Joshua Parker,6011687174291680,435,05/32
2157,Maestro,Lauren Bentley,30468069612391,937,07/33
2158,JCB 16 digit,Erik Gonzalez,4965022581023032,530,10/28
2159,Discover,Antonio Tucker,348477031696637,607,01/35
2160,American Express,Laura Singh,4741888930123447047,367,11/26
2161,VISA 16 digit,Shawn Johnson,4108548929331586,2914,04/35
2162,American Express,Ross Bridges,676289881036,567,04/34
2163,VISA 13 digit,Andrew Avery,6011204033333610,699,06/31
2164,Mastercard,Vanessa Parker,4469643108999,867,01/27
2165,JCB 16 digit,Cynthia Lyons,4688722950817494,590,02/33
2166,JCB 15 digit,Andrea Cooper,4807630925860500388,677,09/30
2167,JCB 16 digit,Christine Wilson,2720992688383333,332,10/32
2168,Mastercard,Jon Lynch,375232837584172,788,11/31
2169,VISA 16 digit,William Brown,675961790895,243,12/32
2170,American Express,Karen Wilkins,213123042793649,619,07/33
2171,Mastercard,Stephanie Oliver,30416735761522,135,09/29
2172,JCB 16 digit,Samantha Robinson,30320358255814,327,02/30
2173,Diners Club / Carte Blanche,Amber Merritt,565899648721,132,12/34
2174,VISA 16 digit,Jamie Watson,3576194225870152,531,04/35
2175,VISA 16 digit,Carl Martin,213102765019192,936,12/34
2176,Mastercard,Richard Farrell,4620929423414847759,216,04/28
2177,JCB 15 digit,Brenda Jackson,5322374286566830,427,10/34
2178,VISA 16 digit,Brian Chen,676176096169,582,10/31
2179,JCB 16 digit,Laura Oliver,213141773973115,341,09/29
2180,Discover,Kelly Taylor,2230751425070691,179,06/34
2181,Discover,Jessica Kelley,2288477346207193,833,08/31
2182,JCB 15 digit,Jonathan Floyd,3598319165397726,698,03/33
2183,VISA 13 digit,Mr. Michael Mcintyre,4579530846047479,966,08/32
2184,VISA 13 digit,Kristin Nguyen,4283165938394161,051,07/28
2185,Mastercard,Donald Sheppard,6011060021696362,797,08/33
2186,Discover,Jessica Strong,675938370433,257,06/28
2187,JCB 16 digit,Travis Lewis,6568396134297376,557,10/34
2188,Mastercard,Paul Franco,4648154434233594,527,04/34
2189,Maestro,Randy Cox,36236930669880,9443,07/28
2190,VISA 19 digit,Keith Ferguson,6546120786764286,823,01/30
2191,VISA 16 digit,Lisa Jacobs,4977085178338,921,06/32
2192,Diners Club / Carte Blanche,Debra Williams,4608889663580896,001,05/31
2193,Maestro,Sean Woods DVM,4715972958218,856,09/31
2194,Maestro,Evan Moore,676170414780,744,04/32
2195,Discover,Theresa Williams,4352177934230,236,06/28
2196,Maestro,Barbara Ray,372089023208435,789,12/32
2197,VISA 16 digit,Shannon Gomez,5326620538838955,037,10/32
2198,VISA 19 digit,Valerie Frazier,3501425937755673,394,03/26
2199,VISA 13 digit,Tonya White,676261273657,567,11/30
2200,VISA 16 digit,Jonathan Jones,4712218824744774370,8882,06/35
2201,JCB 16 digit,William Smith,4172520714919,058,06/28
2202,JCB 16 digit,Stephanie Peterson,4160046935313223951,349,11/33
2203,Diners Club / Carte Blanche,Amy Ward,502050642136,309,08/28
2204,JCB 16 digit,Gregory Ho,3507599966173596,259,09/26
2205,JCB 16 digit,William Hall,4346189110839,079,11/35
2206,JCB 16 digit,Maurice Gregory,30180238036655,497,09/30
2207,Discover,Ashley Wall,4324042517255207,007,11/27
2208,VISA 16 digit,Janice Miller,6595400360951230,516,05/28
2209,American Express,Michael Alexander,6011901359870139,999,05/33
2210,VISA 16 digit,George Mccarthy,5277820904643430,579,04/30
2211,Maestro,Tina Chavez,4379821191339,358,02/30
2212,VISA 19 digit,Robert Wilcox,4446007895898335,321,04/29
2213,Mastercard,Jessica Pace,4353672867471214484,221,10/27
2214,JCB 15 digit,Bridget Delgado,3586932230065880,185,07/26
2215,JCB 16 digit,Juan May,180063869076778,805,12/35
2216,JCB 15 digit,Emily Cohen,5304988485834137,918,10/30
2217,VISA 19 digit,Anthony Lee,3507318662254158,870,10/29
2218,VISA 16 digit,Ann Collins MD,30269867944469,250,07/30
2219,Diners Club / Carte Blanche,Ryan Levy,4066989576565542736,670,02/34
2220,JCB 15 digit,James Williams,343485393313720,558,01/34
2221,JCB 16 digit,Phillip Rivera,213142369639425,068,02/27
2222,Diners Club / Carte Blanche,James Pierce,4922241024324079185,377,12/33
2223,VISA 13 digit,Laura Garcia,4941962385267,446,01/33
2224,VISA 19 digit,Peggy Collier,4800955871578,909,02/33
2225,Maestro,Rachel Erickson,379082638288176,331,11/34
2226,Maestro,Lisa White,3551594305909201,698,12/32
2227,VISA 13 digit,Nicholas Klein,2421475098311898,678,03/26
2228,JCB 16 digit,Jessica Carpenter,30562641497261,467,05/30
2229,American Express,Lisa Rowe,3504607990733609,5061,03/32
2230,JCB 15 digit,David Robbins,373313409170970,262,01/32
2231,Mastercard,Krista Miller,30286012291232,157,04/30
2232,JCB 16 digit,Joshua Peterson,370922116232452,0591,04/30
2233,JCB 16 digit,Jesse Morris,4228287649178325,672,06/32
2234,JCB 15 digit,Brandon Davenport,6011207647956841,334,02/30
2235,VISA 19 digit,Jesse Pennington,4976660781425,956,07/29
2236,JCB 16 digit,Todd Stanley,3511564813524734,133,06/29
2237,Maestro,Robert Torres,4345832587335108283,046,02/35
2238,VISA 13 digit,Melissa Elliott,213101865787799,390,07/26
2239,VISA 16 digit,Kathryn Thomas,4145209031523900,378,02/26
2240,VISA 16 digit,Jay Johnson,6523222805033730,701,10/27
2241,JCB 16 digit,Melissa Stokes,2227566116670962,177,11/33
2242,Maestro,Mark Williams,566700958804,7622,03/32
2243,Mastercard,Denise Rodriguez,30194854901068,613,07/34
2244,Diners Club / Carte Blanche,Gregory Daniel,4029218769011,884,05/30
2245,JCB 16 digit,Shane Miller,370560427336560,641,10/26
2246,Diners Club / Carte Blanche,Caleb Morris,342587544496048,502,07/27
2247,Diners Club / Carte Blanche,Eddie Coleman,4283414131658040671,093,04/27
2248,JCB 16 digit,Patrick Thomas,4151606153172336,374,04/32
2249,JCB 15 digit,Jeffrey Vasquez,3505112226399894,8416,11/35
2250,Discover,Rodney Williams,2256266602313896,047,06/35
2251,JCB 16 digit,Eric Long,4243234658807,792,11/27
2252,Diners Club / Carte Blanche,Jeff Chavez,4742939355155,744,11/30
2253,VISA 19 digit,Jack Garrett,4543187520416752,094,11/27
2254,JCB 15 digit,Ashley Brown,4774105325460335996,383,07/32
2255,JCB 16 digit,Gary Macdonald,676192367057,607,09/35
2256,VISA 19 digit,Tina Hayes,3580410753730590,072,03/32
2257,VISA 16 digit,Henry Mathews,4641855940664406,328,05/30
2258,Discover,Kevin Key,213153978071751,363,11/28
2259,VISA 19 digit,Joshua Davis,4542380173775993,698,07/27
2260,Mastercard,Jennifer Arnold,376836931043320,244,10/32
2261,American Express,Alan Hanson,213125683111403,301,08/31
2262,VISA 16 digit,Jason Flores,4569702101635,7129,07/29
2263,VISA 13 digit,Crystal Thompson,4356923229613,989,09/28
2264,JCB 16 digit,Kristina Macias,2417062407449696,552,10/33
2265,VISA 16 digit,Dustin Brown,630417896283,986,03/34
2266,VISA 19 digit,Cassidy Williams,180061630745671,493,07/29
2267,JCB 16 digit,Jeremy Riley,3571978508640430,5107,06/29
2268,VISA 13 digit,Ms. Cheryl Olson,4529542109255716,011,10/26
2269,VISA 16 digit,John Powell,6011913902804358,318,04/31
2270,Discover,Michael Barrett,2286932338839827,927,08/31
2271,Maestro,Christopher Ross,4303115992145,646,07/30
2272,Discover,Samuel Massey,4659328425915391059,462,12/35
2273,VISA 16 digit,Sarah Schultz,4323225342254,222,03/27
2274,Discover,Dana Reese,676219642219,138,05/27
2275,Maestro,David Ruiz,501833722520,293,12/28
2276,VISA 16 digit,Carla Chapman,3582781877517339,204,03/27
2277,VISA 13 digit,Molly Terry,4588780728051,126,09/33
2278,Mastercard,Francisco Hammond,4476417732219,207,11/26
2279,Diners Club / Carte Blanche,Carl Peck,4121061348785,784,02/33
2280,VISA 19 digit,Michael George,4338133480221401,945,12/31
2281,VISA 13 digit,Stanley Ortiz,342891993283018,823,07/30
2282,VISA 19 digit,Bradley Sanchez MD,30269725598903,065,11/35
2283,VISA 13 digit,Ronald Higgins,4732478101697515313,623,01/32
2284,American Express,Paula Dixon,4197935252352457,710,07/33
2285,JCB 16 digit,Logan Williams,213112978476345,760,08/29
2286,JCB 15 digit,Alex Medina,6568586069451739,484,04/27
2287,VISA 16 digit,Sandra Roberts,6507317817151569,138,12/28
2288,American Express,Richard Jones,2553950632981810,084,05/27
2289,Discover,Jenna Frederick,3586990479387860,7131,08/29
2290,JCB 16 digit,Thomas Ferrell,4064947131928562645,1597,10/35
2291,JCB 16 digit,Scott Brown,30024887969016,766,02/29
2292,VISA 16 digit,Christine Spence,4639969078350771,764,01/29
2293,JCB 16 digit,Alexis Reynolds,4071900811930038,382,09/28
2294,VISA 19 digit,Nicole Miller,213113248506986,212,08/32
2295,Mastercard,Gregory Lynch,630464572928,302,09/30
2296,VISA 16 digit,Jeffery Jones,2720691874989131,786,11/26
2297,VISA 16 digit,Jason Jackson MD,5448028156538324,603,03/28
2298,VISA 16 digit,Kimberly Watson,213110826336695,694,01/30
2299,VISA 19 digit,Margaret Caldwell,5131451617790262,121,04/35
2300,VISA 13 digit,Rebecca Cabrera,4070533617154395921,201,01/27
2301,VISA 13 digit,Pamela Wallace,343254270776809,158,05/32
2302,JCB 16 digit,Melissa Dixon,2256946590594801,9648,07/28
2303,VISA 16 digit,Bradley Lewis,4095615940153888,131,02/35
2304,Discover,James Petersen,4512267312291865,943,04/28
2305,VISA 13 digit,Michelle Taylor,213165035188550,457,03/27
2306,VISA 19 digit,Belinda Murphy,4176668730133000,112,11/29
2307,JCB 16 digit,Mrs. Stephanie Richards,372856086401028,115,05/32
2308,Maestro,Eugene Simon,3553876171078346,433,11/26
2309,JCB 15 digit,Leah Alexander,4663294788251998,103,02/30
2310,Discover,Kaitlyn Sullivan,180086644912389,975,11/26
2311,VISA 16 digit,Jamie Bond,4839189140277,332,01/32
2312,VISA 19 digit,Angela Chavez,2341112479778950,110,07/31
2313,Mastercard,Darryl Trujillo,30142297910592,210,11/29
2314,VISA 16 digit,Susan Walker,4169978387974336,750,09/29
2315,Discover,Heidi Freeman,4612957276199661,482,12/28
2316,Diners Club / Carte Blanche,Lance Mason,4154270528580322,499,02/30
2317,VISA 16 digit,Johnathan Garcia,503824551736,546,07/26
2318,JCB 16 digit,Kelsey Norman,060467005975,415,01/32
2319,Mastercard,Rebecca Harrell,3512925272219687,808,02/33
2320,American Express,Danielle Shaw,3560453079363252,956,03/30
2321,Maestro,Melvin Carlson,379970851503679,794,05/27
2322,American Express,Dan Mullins,30166152979186,381,09/27
2323,American Express,Deborah Lee,4796349313353857,7043,10/30
2324,Discover,Michael Jones,6546863598524089,329,01/30
2325,Discover,Kenneth Savage,4951455652818,085,10/30
2326,Discover,Daniel Simmons,4769532699726951,953,05/31
2327,American Express,Charles Vasquez,3523259295308443,624,03/31
2328,VISA 19 digit,George Morgan,5239728538402098,555,09/33
2329,Discover,Timothy Velasquez,30215169305453,706,06/26
2330,VISA 13 digit,Ashley Riley,4393282997467643,487,07/28
2331,Discover,Wendy Kramer,3564444396205249,647,01/34
2332,JCB 16 digit,Daniel Frank,4186121606225,104,02/35
2333,JCB 15 digit,Angela Knight MD,2561783276466941,291,08/34
2334,Diners Club / Carte Blanche,John Sherman,2270362634522935,110,06/26
2335,VISA 16 digit,Amber Harris,30069367837381,321,10/35
2336,VISA 16 digit,Mary Thomas,4127144959637337,487,09/29
2337,VISA 19 digit,Jason Rivera,30460731934717,753,12/27
2338,JCB 16 digit,Tyler Martinez Jr.,4522007021741539,930,12/27
2339,Mastercard,Daniel Bright,4440679468587184,714,11/33
2340,JCB 16 digit,Cole Ramos,4871747853869,249,10/32
2341,Diners Club / Carte Blanche,Michelle Sanders,30338227274949,501,01/34
2342,JCB 15 digit,Shaun Moore,36117725127013,431,05/28
2343,JCB 16 digit,Sue Mendoza,180091108900615,362,10/34
2344,JCB 16 digit,David Smith,4478279290317430366,497,02/28
2345,JCB 16 digit,Jeremy Davidson,38418899150494,6526,01/31
2346,VISA 19 digit,Deborah Yang,213169485148601,605,04/32
2347,JCB 16 digit,Robert Franklin,676181448298,548,11/32
2348,Maestro,Kenneth Vazquez,4325429592147,459,02/35
2349,JCB 16 digit,Richard Miller,675954977491,518,07/29
2350,VISA 13 digit,Amy Miller,3514565730194631,1914,02/32
2351,VISA 13 digit,Terry Gonzalez,2261163963382078,447,01/29
2352,VISA 19 digit,Michael Huerta,060456562325,5396,03/29
2353,VISA 19 digit,Rachel Baldwin,6536341100317963,256,11/31
2354,Maestro,Tracy Mendoza,30237005180262,153,06/26
2355,VISA 19 digit,Andrew Washington,6592176399223055,439,12/30
2356,Maestro,Johnny Smith,30095941363883,554,10/32
2357,VISA 16 digit,David Nelson,4876324444484494,991,01/33
2358,Diners Club / Carte Blanche,Sarah Crawford,213172248686792,448,03/28
2359,VISA 13 digit,Bonnie Baker,213155352121763,820,08/26
2360,Mastercard,Javier Hart,2482731053382779,431,06/32
2361,VISA 16 digit,Glenda Carroll,2329682378741503,440,10/27
2362,JCB 16 digit,Rhonda Roberson,3555686104652440,826,03/31
2363,JCB 16 digit,Dawn Williams,676163510230,757,08/30
2364,VISA 16 digit,Sheila Frye,4202286817141,195,10/33
2365,JCB 16 digit,Trevor Johnson,580553237323,513,05/28
2366,VISA 16 digit,Yolanda Smith,4542710653893330,662,07/27
2367,VISA 19 digit,Latasha Smith,5164837301668006,459,01/32
2368,VISA 16 digit,John Robertson,2223488917718201,630,11/28
2369,VISA 19 digit,Matthew Vincent,4127458709873541,914,09/33
2370,JCB 16 digit,Katherine Watson,4179337350752849,151,11/35
2371,Diners Club / Carte Blanche,Cindy Johnson,3536217937200019,4393,09/28
2372,Discover,Angela Taylor,4448586262204515782,419,12/31
2373,VISA 13 digit,Jeremy Clark,4849397767653204,861,05/30
2374,Discover,Rachel Young DDS,5264433904402701,189,10/27
2375,JCB 16 digit,Alex Hanson,4966443426847881,848,08/31
2376,VISA 16 digit,Jessica Matthews,30115137891438,528,11/26
2377,VISA 16 digit,Jerry Fuller,6587180650012253,008,12/35
2378,JCB 16 digit,Linda Gibson PhD,4756542944754166,5910,11/34
2379,Diners Club / Carte Blanche,Joy Flores,3510032182555086,4584,10/35
2380,VISA 16 digit,Jason Cuevas,3586862815919716,569,11/27
2381,VISA 13 digit,Alexandra Johnson,180012583131591,751,09/31
2382,VISA 19 digit,Daniel Calderon,4537636362568110,634,09/28
2383,American Express,James West,4053912729091821,423,06/26
2384,Maestro,Michelle Braun,2558692411350354,304,12/26
2385,Diners Club / Carte Blanche,James Gill,2290208329079291,170,12/31
2386,American Express,Christina Ramos,676228455470,714,06/35
2387,JCB 16 digit,Melinda Sampson,4552176198251368953,175,08/30
2388,Discover,Anna Barker,3547292463376191,344,04/33
2389,Discover,Austin Brady,180018609630615,358,06/33
2390,American Express,Jason Dean,639047988808,060,12/33
2391,Discover,Christopher Wagner,4952097856049,303,09/28
2392,Discover,Tiffany Jordan DDS,2234814656582754,005,03/29
2393,VISA 19 digit,Natalie Sullivan,3566259828386435,438,05/35
2394,Discover,Angela Jenkins,30100126740861,360,09/26
2395,Mastercard,Christine Brewer,3513595550677267,096,06/29
2396,JCB 15 digit,Renee Brown,4879924285152331826,103,03/31
2397,American Express,Derek Thomas,3573109513276444,785,10/34
2398,JCB 16 digit,Michael Mason,501846224415,962,05/27
2399,VISA 16 digit,Clayton Brown,4751022733064734,811,09/28
2400,VISA 19 digit,Cody Walker,3512558317459925,166,05/31
2401,Diners Club / Carte Blanche,Nicholas Levine,4437946111227079,453,06/26
2402,JCB 15 digit,Anthony Smith,344163702468027,500,09/34
2403,JCB 15 digit,Michelle Travis,30320602610046,544,12/29
2404,Diners Club / Carte Blanche,Mrs. Carol Diaz,639072171718,014,05/35
2405,Maestro,Heidi Brandt,3561345266038219,862,01/32
2406,VISA 13 digit,Alexander Hamilton,4296406858621,667,11/33
2407,Discover,Joseph Christensen,2271616086750214,544,04/27
2408,JCB 16 digit,Lisa Pierce,180031596563830,400,01/31
2409,Mastercard,Samuel Reynolds,3525257447081114,246,08/33
2410,VISA 16 digit,Jason Alvarado,344426656965961,689,05/33
2411,VISA 16 digit,Arthur Shea,348389801066216,323,02/29
2412,Diners Club / Carte Blanche,Jeffrey Parker,213170762378028,824,12/30
2413,JCB 16 digit,Sally Elliott,180072410187216,231,03/32
2414,Mastercard,Brandon Perry,6526017011103005,325,09/34
2415,Mastercard,Erica Thompson,3570645626871467,097,05/28
2416,VISA 19 digit,Karen Ferguson,4117751353616394,098,03/29
2417,Maestro,Matthew Williamson,4994834459992,056,12/28
2418,Discover,Karen Brooks,3544555480033240,555,09/29
2419,VISA 16 digit,Patricia Chambers,4132818619915716886,155,05/30
2420,VISA 16 digit,Michael Dunn,3565157808166689,058,05/29
2421,American Express,Jacqueline Shaffer,6011654206613802,466,08/27
2422,Discover,Tiffany Mcdonald,4228754914016795,542,08/32
2423,VISA 13 digit,Katrina Moore,3515615708377848,329,07/31
2424,Discover,John Martin,5220549630783917,032,08/27
2425,VISA 19 digit,Bryan Daniel,4385143462183,231,08/28
2426,JCB 16 digit,Scott Townsend,4159398162616246,932,01/27
2427,VISA 16 digit,Michelle Montgomery,30107422975182,156,01/31
2428,Mastercard,Kendra Thornton,676352215690,1551,08/28
2429,Maestro,Wesley Russell,3592328685752332,056,06/27
2430,Mastercard,Lacey Brennan,6556914165845436,207,01/32
2431,JCB 16 digit,Mr. James Mcguire,370268782828292,157,07/32
2432,American Express,Holly Anderson,344379540966861,385,11/26
2433,VISA 19 digit,Terry Gonzales,3508486572513564,866,03/33
2434,VISA 16 digit,Kelli Solis,213165902870470,473,11/28
2435,VISA 16 digit,Heather Gray,4300851296236982,566,02/30
2436,Discover,Anthony Rodriguez,213174720052493,639,08/28
2437,Mastercard,Timothy Strong,6011894427399282,736,02/31
2438,Mastercard,Mary Ray,4148878428724,725,06/28
2439,VISA 16 digit,Joe Martinez,3583236855891262,283,10/28
2440,JCB 16 digit,Lisa Gonzalez,2391312569738034,490,06/31
2441,VISA 19 digit,Brandon Cruz,4714013009671130662,962,08/29
2442,American Express,Rebecca Sanchez,3565658319036576,545,05/29
2443,JCB 16 digit,Jesse Johnson,4968312942713067,602,03/33
2444,VISA 16 digit,Jordan Sullivan,213101156590258,796,03/33
2445,Mastercard,Stephen Blair,30391551446609,912,01/27
2446,VISA 13 digit,Erin Velasquez,3597211550993352,312,12/29
2447,American Express,William Montes,213153716292800,083,02/26
2448,VISA 16 digit,Fernando Grant,6523003145757083,241,04/35
2449,Maestro,Dr. Patrick Garcia MD,3553030214834790,022,06/30
2450,Diners Club / Carte Blanche,Michael Salazar,378048944905200,365,05/32
2451,VISA 16 digit,Gregory Gray,30239168219275,057,04/32
2452,VISA 13 digit,Dawn Ramos,4440374571698330,664,12/32
2453,Discover,Kristin Carter,4161457059950,623,10/34
2454,Maestro,Lisa Bennett,6537881697617613,855,12/28
2455,VISA 13 digit,Kimberly Evans,3500675176410676,615,09/29
2456,Discover,Jade Beck,4659989154619928,7293,05/29
2457,JCB 16 digit,Patrick Larsen,341414511544638,662,09/30
2458,JCB 16 digit,Brendan Hayes,4913729458950,626,08/29
2459,VISA 16 digit,Tyler Walton,6542717935214263,997,10/30
2460,VISA 16 digit,Linda Morales,38322409060567,1304,07/32
2461,Diners Club / Carte Blanche,Cynthia Smith,5535579453634665,470,05/31
2462,JCB 16 digit,Michael Green,4691333439109985,446,08/35
2463,VISA 13 digit,Cheyenne Kelley,6545161458305041,905,08/35
2464,JCB 15 digit,Mark Evans,4215633584909,0959,05/30
2465,Diners Club / Carte Blanche,Max Turner MD,379789092331991,557,04/29
2466,JCB 15 digit,Devon Manning,4883937455506516,787,08/26
2467,Maestro,Jessica Robinson,3517479630375711,950,01/29
2468,JCB 16 digit,Jennifer Bell,30294338002648,087,06/29
2469,Discover,Mr. Frank Perez MD,30113387069458,772,07/33
2470,Mastercard,Jennifer Hernandez,180079940171008,485,06/35
2471,Maestro,Gilbert Kirk,4912119246512,4921,03/31
2472,Mastercard,Jennifer Melendez,4219824369597242,295,02/29
2473,JCB 16 digit,Robert Swanson,3568922468314896,739,05/27
2474,American Express,Kimberly Novak,344549638903584,285,06/31
2475,Maestro,Christine Nguyen,3595379292468504,521,08/35
2476,VISA 16 digit,Angel Hall,30113747927346,195,10/29
2477,Mastercard,Madison Thomas,2371930540004640,2122,09/30
2478,Diners Club / Carte Blanche,Eric Taylor,566746537083,397,03/32
2479,Maestro,Marcus Todd,4720215427265330,056,08/31
2480,Maestro,Elizabeth Scott,38194272595155,692,05/30
2481,Mastercard,Robert Coffey,377111018332825,941,09/31
2482,VISA 16 digit,Judith Weiss,2499642744203350,740,01/27
2483,VISA 16 digit,Brian Tran,676114531723,677,07/29
2484,Diners Club / Carte Blanche,Margaret Foley,341075717436687,702,04/29
2485,Mastercard,Caitlin Stanton,3565747285871288,612,11/26
2486,VISA 16 digit,Latoya Kramer,502059333315,137,07/32
2487,Discover,Jerry Avila,213114266080136,745,03/27
2488,American Express,Charles Kelly,30568598540870,512,09/30
2489,Maestro,William Chandler,6011928986574693,164,11/33
2490,VISA 13 digit,John Romero,348953596298662,457,08/32
2491,VISA 16 digit,Jeremy Fletcher,4487786819545,2695,04/29
2492,JCB 16 digit,Robert Patrick,4235777406161051212,497,03/35
2493,JCB 16 digit,Christine Green,4564859118639235,402,04/29
2494,VISA 13 digit,James Mccann,4205593507973005,765,07/31
2495,Diners Club / Carte Blanche,Jimmy Jenkins,30252721710870,325,08/34
2496,Diners Club / Carte Blanche,Kelly Whitney,6011696423659332,163,02/31
2497,Discover,Robert Morales,6011346044133610,446,08/29
2498,VISA 16 digit,Timothy Carrillo,30285459062262,9024,05/35
2499,Discover,Ashley Walters,4296811167883342,251,10/32
2500,Maestro,Joseph Crawford,38898180808969,833,04/27
2501,JCB 16 digit,Kimberly Lopez,4597806215548109,118,10/31
2502,VISA 16 digit,Justin Bailey,372579575524429,938,09/29
2503,Maestro,Jacqueline Benson,30471428617143,091,12/35
2504,Maestro,Sara Hunt,180022082093101,783,11/31
2505,JCB 16 digit,Laura Schroeder,180043972527727,261,06/31
2506,Mastercard,Morgan Smith,348774775663108,730,01/31
2507,JCB 15 digit,Brianna Smith,4588161948971,643,12/35
2508,JCB 16 digit,Jessica Beck,30364237199264,875,09/28
2509,JCB 15 digit,Daniel Barton,4823245778495060656,361,07/26
2510,VISA 16 digit,Miss Melissa Perry,3537971879376877,376,07/27
2511,Diners Club / Carte Blanche,Dr. Jennifer Clarke,6571894285778983,944,03/26
2512,VISA 13 digit,Joseph Thompson,3541723569831743,557,09/30
2513,VISA 19 digit,Joseph Williams,4289912522926484,780,10/33
2514,American Express,Amber Freeman,4953633811886,060,07/26
2515,Maestro,Timothy Carter,5383053605467823,661,06/31
2516,JCB 16 digit,Keith Dennis,630401596592,609,03/29
2517,VISA 16 digit,Jennifer Thompson,3537633443655554,102,06/32
2518,Diners Club / Carte Blanche,Michele Jones,4928522763853177,369,12/29
2519,Mastercard,Edwin Grimes,5158621328632692,111,06/34
2520,VISA 13 digit,Michael Lewis,4155230850514876,313,07/33
2521,VISA 19 digit,Melanie Harrison,378125667639685,249,08/35
2522,Discover,Yolanda Martinez,4515019139425409,797,12/30
2523,VISA 16 digit,Thomas Wade,2704090569110956,203,04/27
2524,VISA 16 digit,Crystal Carter,3513285729271099,227,10/27
2525,JCB 16 digit,Michael White,4012246914309254,996,08/28
2526,Maestro,Ryan Brady,6011908689957205,663,12/35
2527,VISA 19 digit,Nancy Wright,4679919092418998,307,08/27
2528,JCB 15 digit,Daniel Porter,4888468800964742,598,02/34
2529,Maestro,Sara Kennedy,4294216525423,907,03/30
2530,VISA 13 digit,Luis Martin,180065194587882,2325,02/30
2531,VISA 19 digit,Morgan Cole,4206655814886599,082,10/33
2532,JCB 15 digit,Amanda Riley,4948997686634225,447,05/34
2533,JCB 15 digit,Wayne Weber,4585227827111206990,416,11/29
2534,JCB 15 digit,Jessica West,6011476075647855,997,10/31
2535,VISA 13 digit,Thomas Oneal,3500313936024641,842,01/28
2536,JCB 15 digit,Justin Peters,4576423045211281,030,07/30
2537,VISA 13 digit,Amanda Lin,2262036838557208,095,02/31
2538,JCB 16 digit,Kevin Miller,375600111776518,458,09/30
2539,Mastercard,James Callahan,4568242941160137258,762,02/26
2540,Discover,James Montgomery,3592496373543915,669,03/26
2541,Discover,Robert Murphy,4984199621471855,713,09/29
2542,JCB 15 digit,Roberto Warren,4219587967573,500,09/35
2543,JCB 16 digit,Pamela Pena,4078335256626,894,02/34
2544,Diners Club / Carte Blanche,Seth Nichols,6011356697315000,3722,12/29
2545,VISA 16 digit,Brenda Thomas,213126247407816,611,12/35
2546,VISA 16 digit,Matthew Ford,4546017643438812,732,01/27
2547,Diners Club / Carte Blanche,Abigail Carr,3540204426327499,781,07/34
2548,VISA 19 digit,Wesley Weber,5471247872049818,386,07/33
2549,JCB 16 digit,William Robinson,4858151304510205,324,04/34
2550,Diners Club / Carte Blanche,Janet King,6011607259218077,724,03/33
2551,Maestro,Jose Dillon,4070927061550853411,342,02/32
2552,VISA 19 digit,Brittany Phillips,4377616101885,5006,07/34
2553,JCB 16 digit,Colleen Peterson,4822241773400,885,09/30
2554,VISA 16 digit,Megan Castillo,4688477504418014,981,01/31
2555,Discover,Gabriel Villanueva,4848630812441196,927,09/35
2556,VISA 16 digit,Gloria Duffy,3518857887616003,164,02/29
2557,VISA 16 digit,Bryan Carson,6011554644894412,679,09/34
2558,VISA 16 digit,Phillip Armstrong,6546697685210255,008,11/29
2559,American Express,Jessica Blevins,4027394964427335252,632,09/27
2560,VISA 13 digit,Brian Davis,3508141016559562,920,11/30
2561,VISA 16 digit,Brian Riley,2255489253849759,7150,08/35
2562,Diners Club / Carte Blanche,Travis Mcfarland,4536856869333,970,01/31
2563,Discover,Tyler Kennedy,575532361699,4637,02/32
2564,JCB 16 digit,Sandra Alvarez,213171067531659,682,02/27
2565,JCB 16 digit,Kaitlin Mercado,6011039234579458,4037,01/28
2566,Maestro,Matthew Rowland,3550389812273378,567,01/34
2567,VISA 16 digit,David Davis,180024233179607,431,07/26
2568,VISA 16 digit,Jessica Garrett,572376127294,720,04/29
2569,Discover,Brandy Shepherd,4577692515271665,007,04/35
2570,Diners Club / Carte Blanche,Judy Mendez,30430638150923,741,01/32
2571,JCB 16 digit,Rachel Mckay,4389599999597283,633,08/33
2572,Mastercard,Robin Dyer,2342708336386496,649,07/27
2573,VISA 16 digit,Thomas Jennings,676174232618,8179,05/26
2574,Discover,Craig Stanley,4519308292398412,337,09/27
2575,Maestro,John Robinson,4230566535282374,941,08/31
2576,American Express,Sarah Jackson,4413311598639833,337,05/35
2577,VISA 19 digit,Matthew Weber,6599305466946578,340,02/34
2578,VISA 16 digit,Mitchell Long,3511489697534247,908,05/28
2579,VISA 16 digit,Robin Acosta,4074082962676079,474,01/29
2580,Mastercard,Michelle Martinez,370146050398075,248,01/29
2581,VISA 16 digit,James Shields,4754701946087,643,07/31
2582,VISA 19 digit,William Jones,501856856403,939,01/31
2583,VISA 19 digit,Brandon Hernandez,4784214012360443,698,03/35
2584,Discover,Isaac Little,180071152874999,503,04/28
2585,VISA 16 digit,James Fernandez,3586943195464703,085,11/31
2586,VISA 19 digit,Jennifer Gomez,4500145525997649,192,11/30
2587,JCB 16 digit,Michael Lewis,3569675498056619,327,05/27
2588,VISA 16 digit,Norma Wilson,3538750814813676,390,05/34
2589,VISA 19 digit,David Massey,4379752343813482,300,06/29
2590,VISA 16 digit,Kara Greer,4843408014733426728,757,09/31
2591,VISA 16 digit,Richard Ruiz,4421825674855125760,155,03/27
2592,VISA 16 digit,George Long,3578642980629567,3125,11/30
2593,Discover,Kristi Thomas,4690167359868633325,046,10/32
2594,Mastercard,Cody Williams,3581912873094236,815,05/31
2595,JCB 15 digit,Joseph Owen,676229738320,300,07/26
2596,Maestro,Dawn Hill,3528820088515083,865,04/33
2597,JCB 16 digit,Joseph Mack,3551107895654887,103,01/34
2598,JCB 16 digit,Susan Harrison,4788128332348035,483,08/34
2599,VISA 16 digit,Kevin Bates,340945470862140,893,03/32
2600,Mastercard,Marissa Figueroa,6011310358644745,679,12/29
2601,American Express,Jonathan Hill,6011626301340556,854,07/35
2602,Diners Club / Carte Blanche,Deanna Malone,3545545882953987,085,07/32
2603,Mastercard,Tara Villegas,4472154774539230384,009,09/30
2604,JCB 15 digit,Diana Cisneros,6011841782176300,838,02/35
2605,JCB 16 digit,Lauren Collins,3551592094256123,109,10/32
2606,VISA 16 digit,Timothy Nguyen,4462140092352,301,10/29
2607,VISA 19 digit,Kayla Johnson,4387366255419426,032,05/31
2608,VISA 16 digit,Mark Watson,180054895713781,208,10/32
2609,Diners Club / Carte Blanche,Wendy White,3536242986937311,203,02/32
2610,JCB 16 digit,Brady Coleman DDS,30503452806638,076,12/33
2611,VISA 13 digit,Deanna Holmes,6528786724967090,683,01/30
2612,VISA 19 digit,Scott Schultz,4274183438688678,935,08/33
2613,JCB 16 digit,Sara Parker,30242533286318,632,06/32
2614,VISA 13 digit,David Moore,371334477004323,900,05/32
2615,Discover,David Foley DVM,4992891823595438,977,11/34
2616,American Express,Francis Marquez,6011455069487817,574,10/33
2617,Diners Club / Carte Blanche,Daniel Mcdaniel,213172698440476,323,04/33
2618,American Express,Frank Castillo,370101191198785,185,05/28
2619,VISA 16 digit,Meredith Rivers,4884328664753,322,11/32
2620,American Express,Chad Mendoza,4415179013726834,613,08/29
2621,Mastercard,Shirley Carson,4460762624443693,944,11/32
2622,Discover,Jennifer Burch,4188811804873400,050,03/30
2623,American Express,Kenneth Little,4766120064599,068,10/34
2624,JCB 15 digit,John Howe,213138153230058,396,02/31
2625,VISA 16 digit,Jennifer Lewis,639020623505,751,07/29
2626,JCB 15 digit,Alicia Lowery,373400335619251,666,04/33
2627,Diners Club / Carte Blanche,Alexandra Welch,6011330603636718,405,07/29
2628,American Express,Timothy Lee,4972305021007074,919,05/33
2629,Maestro,Michael Herrera,676153216632,868,11/34
2630,JCB 16 digit,Paul Davis,2443655033990922,330,11/33
2631,JCB 16 digit,Karen Gonzalez,2251206513322250,597,06/31
2632,VISA 13 digit,Ashley Tucker,6011676392964152,169,01/35
2633,Maestro,April Hunt,6011554422975243,520,02/34
2634,JCB 15 digit,Mrs. Kimberly Garcia,4228517946169,3485,01/33
2635,American Express,Robert Ramirez,30331018523426,173,06/31
2636,Mastercard,Derek Mcdonald,343083265174914,650,03/26
2637,Discover,Aaron Warren,6011261724865508,8709,11/30
2638,Diners Club / Carte Blanche,Mallory Hernandez,4393579152773,455,01/30
2639,VISA 16 digit,Brian Franklin,3543313375009268,783,08/34
2640,JCB 15 digit,Dana Stone,180085641299907,876,08/30
2641,American Express,Samantha Nelson,213102784718725,974,12/29
2642,Maestro,John Harris,2247582216271250,8735,08/32
2643,Diners Club / Carte Blanche,Sabrina Hernandez,3596924263273521,035,04/28
2644,Maestro,John Winters,38753705279214,933,12/26
2645,Mastercard,Kyle Butler,2286591438351735,028,11/31
2646,JCB 16 digit,Heather Bush,4263646941021,530,12/34
2647,Maestro,Madison Sanchez,2296510374262209,872,08/26
2648,JCB 15 digit,Mrs. Julie Solomon,340711958041718,614,06/29
2649,VISA 16 digit,Monica Jones,373305761997461,741,08/30
2650,JCB 16 digit,Rodney Gilbert,6011125116870196,309,06/32
2651,VISA 16 digit,Tiffany Dawson,30325428550094,1021,07/34
2652,American Express,Emily Stephens,4437278470012268,768,01/31
2653,VISA 16 digit,Laura Horton,4944364474108785,032,07/27
2654,Discover,Eric Underwood,4182880554487899,358,08/32
2655,VISA 13 digit,Richard Briggs,6011913223658491,591,04/26
2656,VISA 19 digit,Michael Mitchell,30342527638902,894,11/32
2657,Maestro,Christopher Clayton,4114760499892,780,07/26
2658,JCB 16 digit,Charles Kelly,6572835259900995,330,03/31
2659,VISA 19 digit,Monica Murphy,4468022736562126,169,02/28
2660,VISA 16 digit,Jodi Garcia,4664579436660791,780,09/35
2661,Diners Club / Carte Blanche,Randy Frost,2234844223219655,391,01/27
2662,VISA 16 digit,Spencer Lee MD,3532232803454115,382,05/27
2663,Discover,Christine Graham,180029091011545,951,03/35
2664,VISA 13 digit,Cody Juarez,4622199147908,0080,11/32
2665,VISA 19 digit,Joseph Downs,30231382982747,518,11/26
2666,American Express,Charles Ryan,30392473890072,666,05/30
2667,VISA 16 digit,John Holland,3577375953661876,052,08/27
2668,VISA 16 digit,Thomas Lopez,675970235999,482,04/31
2669,JCB 16 digit,Peggy Adams,676310307779,798,02/29
2670,VISA 16 digit,Anthony Hughes,6521212032639187,527,02/35
2671,VISA 16 digit,Wendy Hicks,4466881270884879,369,04/29
2672,Diners Club / Carte Blanche,William Hanna,213176326254902,894,09/27
2673,JCB 16 digit,Daniel Crawford,4270120990328835261,1805,09/30
2674,JCB 15 digit,Jordan Jackson,213104634527280,125,11/35
2675,Mastercard,Amanda Davis,4090460341987161,629,03/32
2676,VISA 16 digit,Maria Wilson,4427977191060165,745,03/33
2677,Diners Club / Carte Blanche,Danielle Mathews,676104865560,811,01/30
2678,Discover,Michele Hale,3548928497140314,4515,09/31
2679,JCB 15 digit,Gregory Garcia,30114906655512,2780,08/28
2680,VISA 13 digit,Kerry Johnson,213115012987136,008,02/30
2681,American Express,Mark Mullen,4735401602842576998,154,07/29
2682,JCB 16 digit,Tracy Nelson,3560400737347748,759,12/33
2683,VISA 13 digit,James Watts,6011906876310972,665,10/34
2684,Discover,David Clark,213176030595509,999,11/32
2685,American Express,Patrick Robbins,180078286326226,031,12/27
2686,JCB 16 digit,Brooke Boyer,4690859516357,839,07/32
2687,Maestro,Ronald Vang,30580970773102,037,01/35
2688,JCB 15 digit,Sheri Herrera,346937175677448,549,12/27
2689,VISA 13 digit,Rebecca Jackson,676161774697,851,02/30
2690,VISA 16 digit,Samantha Zhang,585480783166,800,04/33
2691,JCB 15 digit,Marissa Rowe,3532331639481316,191,10/28
2692,VISA 16 digit,Robert Robinson,4452752877252297,751,06/30
2693,JCB 16 digit,Calvin Parsons,213133729764128,849,08/26
2694,Maestro,Christine Byrd,4060208440082210,516,06/27
2695,VISA 16 digit,Lisa Riley,3522877854353723,894,07/29
2696,VISA 16 digit,Eddie Sanchez,4544284002573894587,767,10/27
2697,JCB 16 digit,Shelley Knox,213177953148789,327,02/33
2698,VISA 16 digit,Thomas Fernandez,4550831506038508,558,01/33
2699,VISA 16 digit,Stacey King,3524139690535619,955,10/29
2700,VISA 13 digit,Karen Greer,639050930754,735,04/31
2701,Diners Club / Carte Blanche,Alexander Cooper,372339550649224,309,12/26
2702,Mastercard,William Gonzales,4525994090471436,449,08/28
2703,Mastercard,Julia Dennis,30511017749136,792,10/28
2704,Mastercard,Ryan Allen,4649116172602,254,03/33
2705,JCB 16 digit,Deborah Robbins,3539077053831584,366,08/31
2706,JCB 16 digit,John Jones,4266702492626447,286,12/34
2707,VISA 19 digit,Wanda Wells,3574683072541926,684,02/29
2708,VISA 19 digit,Marissa Alvarado,3530024512988703,164,10/34
2709,JCB 16 digit,James Hernandez,30446428388424,027,03/35
2710,VISA 16 digit,Lisa Moore,376119367101460,349,10/28
2711,VISA 16 digit,Darren Williams,4779563085705189996,762,09/29
2712,Maestro,Julian Owens,3542604187276041,025,12/31
2713,JCB 15 digit,James Aguirre,676190183829,002,07/30
2714,Diners Club / Carte Blanche,Peter Chang,4828411517217585,426,09/30
2715,Mastercard,Paula Marshall,676332432266,938,10/32
2716,JCB 16 digit,Susan Conley,4469391016493005454,324,07/26
2717,JCB 16 digit,Jennifer Wall,180059555938396,708,07/32
2718,VISA 16 digit,Stuart Caldwell,4475041346461,529,02/31
2719,JCB 15 digit,Kim Dudley,4725744211988174,9777,06/28
2720,American Express,Allison Espinoza,503870886119,782,03/35
2721,VISA 19 digit,Craig Terry,501882473090,562,12/35
2722,Diners Club / Carte Blanche,Alicia Horn,3544928157173328,875,06/31
2723,Maestro,Laura Woods,501854821995,933,03/29
2724,JCB 16 digit,Kristopher Lee,676225549754,940,08/31
2725,VISA 13 digit,David Wagner,180049522005577,951,11/33
2726,Diners Club / Carte Blanche,Samuel Dillon,213194192088239,8807,07/34
2727,Maestro,Isaiah Archer,3598374884047185,595,09/28
2728,VISA 16 digit,Marco Rowland MD,4849026223450792571,288,11/35
2729,JCB 16 digit,Michael Reed,345657478887756,6587,12/30
2730,VISA 16 digit,Michelle Castillo,3595568002065903,825,11/29
2731,JCB 16 digit,Carla Willis,4490692015036588,756,06/32
2732,VISA 13 digit,John Anderson,4402103012513576,061,07/34
2733,Mastercard,Angel Grant,378185505289150,9663,06/35
2734,JCB 16 digit,Martin Howard,3557692420358298,9094,03/31
2735,Diners Club / Carte Blanche,Stephanie Guerrero,4922743624642604490,209,10/33
2736,Mastercard,Brenda Douglas,374902169115362,112,05/34
2737,JCB 15 digit,William Pratt,4154468603218897,669,08/34
2738,VISA 19 digit,Heather Robinson,4057939869517980,565,12/26
2739,JCB 15 digit,Alexis Collins,6011690191768615,343,02/31
2740,JCB 15 digit,Bob Murphy,4103428405128,924,10/28
2741,JCB 15 digit,Erica Marsh,3575253160706903,512,08/34
2742,JCB 16 digit,Amanda Williams,4541911167111,684,08/30
2743,JCB 16 digit,Destiny Ford,5253440328953956,103,11/34
2744,VISA 19 digit,Brenda Drake,2307666806879650,385,11/31
2745,JCB 16 digit,Hayley Castro,3555808886322873,931,04/29
2746,VISA 16 digit,Jesse Wells,3536719196101507,872,04/30
2747,JCB 16 digit,Ashley Villarreal,6011608277706721,224,08/31
2748,JCB 15 digit,Sara Sherman,4645957001658669741,307,11/34
2749,Diners Club / Carte Blanche,Kim Carlson,213119447196826,857,03/31
2750,VISA 16 digit,Ricky Roberts,4106298370413,553,02/26
2751,JCB 16 digit,Michelle Escobar,4287810747657839,376,02/27
2752,JCB 16 digit,Eric Stafford,4555641829902750,8129,10/30
2753,JCB 15 digit,Jason Green,6548458498477872,3948,02/26
2754,VISA 13 digit,Derrick Peck,4177984204377190,908,08/33
2755,VISA 13 digit,Nicholas Sandoval,30222875744223,887,07/31
2756,American Express,Ivan Wright,5377692297618769,825,05/28
2757,Maestro,Douglas Erickson,2266887309525637,826,02/28
2758,JCB 15 digit,Johnny Francis,4222356833618054092,046,01/27
2759,VISA 16 digit,Paul Bond,6525320923745280,3071,09/34
2760,JCB 16 digit,Lauren Myers DVM,4933852669607810321,717,02/31
2761,JCB 15 digit,Morgan Jones,4647653609909822,978,07/32
2762,VISA 19 digit,Michelle Kim,676254956821,364,07/32
2763,VISA 13 digit,Cody Zavala,4940374094871,081,03/33
2764,VISA 16 digit,Rodney Flores,589694425044,2569,07/29
2765,Maestro,Matthew Wilson,4539096532120573,164,05/34
2766,VISA 16 digit,Tristan Wade,4776349396651005319,725,07/30
2767,JCB 15 digit,Laura Armstrong,30449258604340,340,12/33
2768,Mastercard,Michael Lawrence,30156922104751,9155,01/32
2769,American Express,John Lopez,213135813233340,793,11/27
2770,VISA 16 digit,Scott Rivera,4637742124202912,230,03/31
2771,Diners Club / Carte Blanche,Amber Dunlap,180093566055700,920,06/33
2772,VISA 16 digit,Mark Wright,30304137691838,042,07/35
2773,JCB 16 digit,Christopher Meza,4038901922893265,338,01/32
2774,JCB 16 digit,Jesus Nichols,4753291796589,0233,12/35
2775,JCB 15 digit,Michelle Lynn,4453464469105407822,247,07/34
2776,Diners Club / Carte Blanche,Michael Davis,4091645406037089,014,11/29
2777,VISA 13 digit,Crystal Brown DDS,342025370369476,371,07/26
2778,Mastercard,Christine Riley,2720326988697698,831,04/35
2779,JCB 16 digit,Chloe Rogers,5339413663461735,886,05/30
2780,Diners Club / Carte Blanche,Daniel Matthews,346099035266167,694,11/26
2781,Diners Club / Carte Blanche,Nichole Ramirez,38124262930823,375,07/28
2782,JCB 15 digit,Ashlee Gilbert,5209065995415594,406,07/30
2783,JCB 15 digit,Kathryn James,6523741511286886,000,01/35
2784,JCB 16 digit,Matthew Cervantes,4979694854408692806,615,08/30
2785,VISA 16 digit,Kelly Hicks,3586658775638704,036,04/34
2786,JCB 16 digit,Mrs. Samantha Taylor DVM,4365932264576120,589,07/32
2787,JCB 15 digit,Erin Fitzpatrick,346683096063710,584,10/32
2788,JCB 15 digit,Sherry Craig,4870329394029542,376,08/30
2789,Diners Club / Carte Blanche,Rebecca Fischer MD,2271279722517040,375,03/27
2790,VISA 16 digit,Anna Chen,6546819510408405,539,12/31
2791,Diners Club / Carte Blanche,Joel Williams,3530768391573032,444,10/33
2792,VISA 19 digit,Jesse Rojas,3588723692341432,2165,06/34
2793,American Express,Marcus Beltran,4207988201049268,560,06/28
2794,VISA 19 digit,Robert Lam,180073450540991,833,08/29
2795,VISA 16 digit,Tom Griffin,30030250191369,622,11/27
2796,Mastercard,Felicia Wagner,180060121894253,621,07/33
2797,VISA 16 digit,Danielle Kennedy,4155395377094,056,12/32
2798,JCB 16 digit,Shane Maddox,060474371865,895,09/31
2799,American Express,Lauren Nunez,180068443097240,527,08/29
2800,Discover,Sarah Vega,578180698735,082,01/27
2801,VISA 16 digit,Melissa Smith,4438300919505923,403,09/32
2802,VISA 13 digit,Dr. Matthew Acosta,6011049969854885,198,03/27
2803,Discover,Mary Griffin,3558626220837662,407,01/35
2804,Discover,Steven Black,4686120459042965,056,09/31
2805,VISA 13 digit,Veronica Perez,3561126532707237,061,02/28
2806,JCB 15 digit,Sue Mullins,2707255348689664,397,07/33
2807,Diners Club / Carte Blanche,Nathan Hanson,374067183108213,2196,08/32
2808,JCB 15 digit,Dale Juarez,2257999830440326,807,08/29
2809,VISA 16 digit,Wesley Scott,4529831870807860452,1862,11/29
2810,Mastercard,Thomas White,3585923324928779,472,02/26
2811,JCB 16 digit,Peggy Graham,503828863905,848,09/35
2812,JCB 16 digit,Nicholas Murphy,3509956691767829,845,07/29
2813,VISA 16 digit,Cindy Taylor,4779549283955,707,02/34
2814,Diners Club / Carte Blanche,Carrie Flores,5201394021309763,089,04/34
2815,Mastercard,Sean Martinez,675954551726,962,09/33
2816,VISA 16 digit,Shannon Hall,341682034132269,746,07/31
2817,JCB 16 digit,Erin Foster,4906499957829972,496,12/26
2818,Maestro,Anita Hodges,180041661873527,736,01/33
2819,JCB 16 digit,Mary Blanchard,501841540435,890,02/35
2820,VISA 16 digit,Brittany Singh,30574471721926,876,01/36
2821,VISA 16 digit,Jacqueline Taylor,4369579598621100,513,02/30
2822,VISA 19 digit,Natalie Boyer,3578010160767559,912,03/31
2823,Discover,Penny Ferguson,30286306819086,313,02/32
2824,Diners Club / Carte Blanche,Jacob Robertson,3510250878940194,190,01/36
2825,JCB 16 digit,Stephen Barnes,180035207659085,626,12/27
2826,Diners Club / Carte Blanche,Katie Snyder,30486356798699,4247,09/32
2827,JCB 16 digit,Daniel Sanchez,501820327598,153,05/32
2828,JCB 15 digit,Crystal Rose,30119569827183,379,05/33
2829,VISA 19 digit,Jane Pacheco,6011137371233580,221,11/34
2830,VISA 13 digit,Jessica Brown,30417936325307,778,09/32
2831,VISA 16 digit,Michelle Taylor,4083617598057256562,464,12/31
2832,VISA 19 digit,Becky Gardner,4305058154346560928,163,02/28
2833,American Express,Brooke Smith,180016488350446,722,11/35
2834,American Express,Vanessa Sullivan,30106020723986,124,06/28
2835,VISA 13 digit,Eric Frazier,5487204681085717,533,12/34
2836,VISA 19 digit,Frederick Lewis,3525443795170226,698,11/28
2837,VISA 16 digit,Michael Hogan DVM,30276919031526,841,04/35
2838,Mastercard,Carly Wiggins,370293306545677,743,07/29
2839,VISA 16 digit,Tracy Boyd,38881487929621,6984,05/26
2840,VISA 16 digit,Samuel Moore,38111754528652,6514,09/29
2841,VISA 16 digit,Todd Smith,6011064272289448,152,10/33
2842,Maestro,Kevin Reynolds,346225825074020,951,12/33
2843,Mastercard,Christopher Lucas,4500159998504,887,08/29
2844,VISA 13 digit,Sarah Chavez,4900540600409112,087,05/29
2845,Mastercard,Jennifer Smith,4607067688651966681,5540,02/29
2846,VISA 13 digit,Kelly Sharp,4565718894643,809,03/31
2847,American Express,Cynthia Perez,2280012821088632,635,10/35
2848,JCB 16 digit,Catherine Harris,675931031479,451,05/27
2849,Mastercard,Christine Anthony,4553471662910112,309,10/30
2850,Maestro,Andrew Mckay,4967223547465915,768,03/29
2851,JCB 15 digit,Lauren Hayes,4299885594366995,671,10/34
2852,Diners Club / Carte Blanche,Meghan Taylor,30443023971290,069,07/30
2853,JCB 16 digit,Tim Porter,6532164500065139,441,09/31
2854,VISA 16 digit,Cindy Carter,3520572673348333,976,06/28
2855,VISA 19 digit,Kristin Frank,213198405560850,014,06/30
2856,VISA 16 digit,Sara May,2222670699744585,543,11/35
2857,Maestro,Sharon Dyer,3563043899802063,056,10/31
2858,American Express,Joy Ramirez,6527151541004273,795,05/33
2859,Discover,Julie Ward,2703771797178284,907,06/28
2860,VISA 13 digit,Allison Hunter,3564531519447755,654,01/28
2861,VISA 16 digit,Mrs. Leah Thompson,2285997112286454,714,08/33
2862,Discover,Zachary Key,4640104560901280,503,12/27
2863,VISA 16 digit,Raymond Jenkins,4740476129500277,306,11/26
2864,American Express,Brandon Gonzales,3530831457297944,864,04/34
2865,JCB 15 digit,Brandon Johnson,4120325066293209277,7121,07/34
2866,VISA 16 digit,John Petersen,3544145479414781,781,02/34
2867,Maestro,Mary Garcia,180020140652975,315,08/35
2868,Mastercard,Daniel Friedman,370891996612416,740,03/29
2869,VISA 19 digit,Corey Clark,349511767320373,767,12/34
2870,Maestro,Tyler Guzman,378057297548871,023,04/31
2871,American Express,Elizabeth Grant,3504148832383253,895,07/32
2872,JCB 16 digit,Michael Gomez,676256734358,473,07/29
2873,JCB 16 digit,Lauren Smith,3560099464278934,436,11/32
2874,VISA 13 digit,Nathaniel Haynes,3591393684741554,778,10/35
2875,Discover,Desiree Lopez,4777604687677185186,501,02/28
2876,American Express,Karen Evans,4579929089327822,662,08/27
2877,JCB 16 digit,John Martin,676141684719,122,11/28
2878,JCB 16 digit,Anthony Baker,676234329230,372,06/31
2879,Maestro,Chad Cox,4748371414293,693,12/33
2880,American Express,Earl Gonzales,4908111489909272990,417,11/31
2881,Maestro,Michael Barnes,6011280161862174,048,06/35
2882,Discover,Jason Finley,348972343687944,949,03/28
2883,JCB 16 digit,Alexis Nguyen,180072822796257,395,12/26
2884,JCB 15 digit,Jesus Johnson,4336480136971,459,06/33
2885,VISA 16 digit,Jacob Smith,346286319763650,299,11/28
2886,VISA 16 digit,Tammy Ramos,6011575145849522,262,04/31
2887,Mastercard,Angela Merritt,6555347358314491,120,05/32
2888,American Express,Brett Preston,6011203916984176,779,05/28
2889,VISA 16 digit,Lisa Carter,6011907744477068,549,07/30
2890,Maestro,Daniel Cruz,180014181839047,849,10/34
2891,JCB 16 digit,Thomas Peterson,344699931149219,153,08/28
2892,Discover,Lisa Fields,3559429664038866,165,10/34
2893,VISA 19 digit,Troy Brown,6011493713863893,187,08/29
2894,Maestro,Gabriela Watson,4142724805961,829,11/26
2895,VISA 19 digit,Ashley Jones,2461414064655054,900,08/33
2896,Discover,Stephanie Maldonado,4185787910230763,325,11/32
2897,VISA 13 digit,Jaime Smith,4600799846221995,102,09/29
2898,VISA 16 digit,Carlos Jones,340206000089930,888,04/31
2899,Diners Club / Carte Blanche,Benjamin Fox,4300424475226,5284,03/26
2900,JCB 16 digit,Joyce Thompson,6574437976111077,579,10/29
2901,Maestro,Michael Maldonado,4116670889929444722,982,11/32
2902,VISA 16 digit,John Summers,213103390586910,861,12/34
2903,Mastercard,Julia Howard,3599592202755648,669,07/35
2904,Discover,Kara Rojas,2273260137445272,874,08/26
2905,JCB 15 digit,Carrie Tyler,676133934254,704,02/30
2906,VISA 16 digit,Benjamin Mueller,180086511625452,1733,07/35
2907,VISA 19 digit,Jay Butler,2289448493037336,238,11/30
2908,VISA 13 digit,Craig Weber,4332525418324056,421,09/32
2909,Maestro,Danny Nelson,6011651852789175,733,05/29
2910,Discover,Mike Miller,4595709230202599,903,11/35
2911,Mastercard,Tracey Rodriguez,377407831806189,292,05/33
2912,VISA 13 digit,Joseph Brandt,630464683196,008,04/31
2913,JCB 16 digit,Brian Guerrero,378752055998769,365,07/27
2914,VISA 13 digit,Daniel Franklin,378478814898286,6049,12/29
2915,VISA 16 digit,Catherine Hart,30231732376012,732,03/34
2916,Maestro,Mark Curry,4832007141190475357,783,08/29
2917,VISA 16 digit,Christopher Hill,4567015353568806,474,09/32
2918,JCB 16 digit,Laura Fuller,4286512960905587,737,06/27
2919,VISA 13 digit,Charles Vincent,4330630682094427,245,06/31
2920,JCB 15 digit,Kimberly Mccoy,6011550731767644,209,05/28
2921,Mastercard,Raven Kim,180006975643718,876,11/28
2922,JCB 16 digit,Becky Smith,4500863324620713,539,12/33
2923,American Express,Erin Lucas,6568429752253015,389,07/28
2924,Maestro,Sandra Andrews,3560513237650070,521,10/29
2925,JCB 16 digit,Stephanie Mayer,30314986091378,548,05/33
2926,VISA 19 digit,Heather Marquez,4096630781908,451,04/34
2927,VISA 13 digit,Theresa Wilkins,676182008240,995,01/29
2928,JCB 15 digit,Joseph Mitchell,4201436114193,996,01/33
2929,Mastercard,Amy Valdez,4544401952262256860,022,12/31
2930,VISA 16 digit,Valerie Rosales,213180955583409,773,12/31
2931,Mastercard,Barbara Gilbert,4600683399824384948,2169,02/33
2932,VISA 16 digit,Molly Gomez,341507392914224,620,11/26
2933,JCB 16 digit,Michelle Best,38932202790010,052,07/30
2934,JCB 15 digit,Joseph Bailey,6011620799416473,863,12/31
2935,Diners Club / Carte Blanche,Virginia Coleman,4642412163948444,903,10/33
2936,VISA 19 digit,Virginia Liu,3534516353277746,249,02/35
2937,JCB 15 digit,Karen Howell,36744088669925,508,03/31
2938,VISA 13 digit,Jennifer Perez,675992771732,840,09/30
2939,Discover,April Ho,373937092751074,060,01/32
2940,JCB 16 digit,Amy Vargas,30192867879941,596,05/28
2941,Mastercard,Joseph Gray,4348453520557897,066,02/27
2942,JCB 16 digit,Leah Bruce,340037863503372,321,05/26
2943,American Express,Deborah Pruitt,6525896875182234,704,05/29
2944,Discover,Destiny Johnson MD,378298391384421,4952,06/27
2945,JCB 16 digit,Jeanette Kane,4006080157159934946,459,04/32
2946,VISA 13 digit,Valerie Mcguire,3550431486274249,240,09/32
2947,VISA 19 digit,David Williams,38823601856157,9992,02/32
2948,American Express,William Wise,2455852426330890,7709,03/33
2949,Mastercard,Katherine Chen,4696444529331192,496,05/35
2950,VISA 16 digit,Joseph Smith,3567719007804101,380,04/30
2951,VISA 16 digit,Mary Nelson,4570577306895,698,07/27
2952,JCB 16 digit,Joseph Myers,4605851327405,581,10/31
2953,Mastercard,Samantha Brady DDS,2221005427971955,874,07/31
2954,Diners Club / Carte Blanche,Joseph Allen,30261525320331,298,12/29
2955,American Express,Jamie Hayden,4699254885358,579,09/30
2956,JCB 15 digit,Mr. Edward Nelson,3589635934560802,243,08/30
2957,Diners Club / Carte Blanche,William Taylor,180057028196105,006,08/29
2958,JCB 15 digit,Adrienne Scott,3597672249066506,092,03/26
2959,Discover,Brooke Stokes,180030529435884,483,09/28
2960,Diners Club / Carte Blanche,Amanda Riley,4865080484583370,789,07/34
2961,Discover,Michael Patterson,213159698832885,217,10/30
2962,VISA 16 digit,Sandy Crane,4950775439727864139,162,01/33
2963,American Express,Peter Rivers,213134415528942,062,04/27
2964,VISA 16 digit,Kristi Hunter,503822665843,475,09/31
2965,VISA 13 digit,Cheryl Blankenship,3527861936386450,3075,06/30
2966,VISA 19 digit,Wanda Lopez,3538147456728470,714,05/28
2967,VISA 16 digit,Amber Edwards,30176797732916,019,04/35
2968,VISA 16 digit,Anne Villa,4740333709720,3869,01/36
2969,JCB 16 digit,Lori Smith,3518787979307841,766,11/31
2970,VISA 16 digit,Aaron Johnson,5527287200251623,610,05/30
2971,Maestro,Allen Fernandez,574582384115,171,12/29
2972,American Express,David Swanson,502022717958,113,10/28
2973,VISA 16 digit,Kimberly Petersen,2267541055995879,091,06/26
2974,JCB 15 digit,Linda Coleman,573859537405,721,08/33
2975,JCB 16 digit,James Harper,4378017504065,392,06/30
2976,Maestro,Julie Rodriguez,639079304361,049,09/29
2977,VISA 16 digit,Matthew Walsh,676268007793,032,10/27
2978,Mastercard,Isaiah King,4806098171188065,067,11/28
2979,American Express,Victoria Fisher,340562170168809,616,10/31
2980,VISA 16 digit,James Robinson Jr.,3555597378426462,293,02/34
2981,VISA 16 digit,Gary Reed,4863185355916764758,297,06/32
2982,JCB 16 digit,Bianca Alvarez,4618876949947,162,02/30
2983,VISA 16 digit,James Hart,3567819670913740,103,03/32
2984,VISA 16 digit,Christopher Doyle,30260248881520,578,07/29
2985,JCB 16 digit,Gail Gilmore,6593220436974178,556,11/34
2986,VISA 19 digit,Stacy Baird,4108951777082,660,08/34
2987,VISA 13 digit,John Williams MD,4642346350463073962,4814,04/31
2988,JCB 16 digit,Denise Johnson,4666783989908569,856,03/31
2989,Mastercard,Melanie Moore,5140782097951407,414,09/31
2990,VISA 19 digit,Kelly Flores,3562441027609114,023,06/33
2991,VISA 13 digit,Anthony Mcguire,4326488148924349,586,12/27
2992,Maestro,Ashley Bailey,4394120538356439,779,12/26
2993,VISA 16 digit,Seth Jenkins,4843168436894733461,298,01/34
2994,Discover,Patrick Hill,6011477369502038,685,12/29
2995,VISA 19 digit,Cristian Cochran,4432958944373975,813,12/30
2996,Discover,Adrienne Gonzalez,4814305825657868800,391,01/35
2997,Mastercard,Robert Jones,3598118532893387,775,02/28
2998,VISA 16 digit,Rebecca Mcguire,3537335158513099,5672,07/28
2999,VISA 16 digit,Kelli Murphy,180091934163230,724,06/28
3000,American Express,Joseph Lane,3595545664200879,385,12/34
3001,Maestro,Eric Colon,676325203997,755,12/26
3002,Mastercard,Kathy Davis,3571649037215131,889,11/30
3003,Discover,Margaret Reed,4629241547465020585,440,07/27
3004,Maestro,Brian Martinez,6011209519406145,581,11/33
3005,American Express,Margaret Jordan,676253134479,493,10/34
3006,JCB 16 digit,Mary Patel,3573467130970306,896,12/32
3007,JCB 16 digit,Michael Stewart,060489943518,740,04/33
3008,VISA 19 digit,Kayla Barajas,379038958224282,922,08/33
3009,VISA 16 digit,Clinton Schneider,4476525355655,959,09/31
3010,American Express,Gene Robertson,4182074719343700314,406,01/31
3011,VISA 13 digit,Darlene Knox,4773798607060709090,489,07/32
3012,Discover,Patrick Guerrero,630430203251,585,07/31
3013,Diners Club / Carte Blanche,Jennifer Farley,2720275433357590,471,09/30
3014,JCB 16 digit,Holly Tate,377045853612950,798,03/31
3015,Diners Club / Carte Blanche,Melissa Martin,4885328300427198303,973,04/27
3016,JCB 16 digit,Jodi Meyers,4768374790989260882,199,03/26
3017,Maestro,Christine Mills,2299526390817716,029,09/32
3018,VISA 19 digit,Nicholas Frederick MD,4117485081146412,386,02/30
3019,JCB 16 digit,Alexis Johnson,3513805713327613,634,12/31
3020,JCB 15 digit,Eric Greene,2268536782605386,601,09/30
3021,VISA 19 digit,Brian Garrison,180069740331241,183,12/26
3022,VISA 16 digit,Carolyn Francis,6552007620593693,720,10/35
3023,Diners Club / Carte Blanche,Jennifer Reynolds,180033981526091,4374,03/34
3024,JCB 16 digit,Daniel Kim,6011041533762504,871,06/28
3025,JCB 15 digit,William Edwards,4568047506573,105,02/27
3026,VISA 16 digit,Rebecca Mason,4662216941059928,083,04/29
3027,American Express,James Frazier,3552401069973903,617,11/30
3028,Diners Club / Carte Blanche,Linda Vasquez,30291476825814,067,10/26
3029,JCB 16 digit,Brian Weber,5438239825617793,066,04/29
3030,JCB 16 digit,Danielle Torres,4161217705736,094,02/27
3031,VISA 16 digit,Thomas Brown,3539315454852779,915,12/29
3032,VISA 16 digit,Dawn Moore PhD,4812255887248383,5522,04/31
3033,American Express,James Gonzalez,6011406848539667,072,11/30
3034,JCB 16 digit,Paige Buchanan,4829814223605234,535,08/33
3035,JCB 16 digit,Dr. Haley Page,502058067419,8709,08/28
3036,VISA 16 digit,Jordan Greene,676104481244,744,03/27
3037,VISA 16 digit,Paige Myers,5319891716661225,603,08/32
3038,VISA 16 digit,Michelle Acosta,2708886055733805,663,04/33
3039,JCB 16 digit,John Owen,3502311861669164,412,03/28
3040,VISA 19 digit,Shannon Jackson,2709067499316965,841,12/31
3041,JCB 16 digit,Joshua Saunders,213165540107368,525,09/27
3042,American Express,Jeffery Sawyer,30587197143548,426,04/29
3043,American Express,Ricky Garcia,639059825708,584,08/35
3044,American Express,Marcia Davis,30348578001254,518,01/36
3045,Discover,Lori Obrien,4622454371063685,047,04/32
3046,VISA 16 digit,Erin Hamilton,378756034572751,597,05/35
3047,VISA 19 digit,Elizabeth Lopez,6553338912538628,704,06/28
3048,VISA 19 digit,Patrick Hunter,4542033738730405,676,12/35
3049,Diners Club / Carte Blanche,Jennifer Allen,373652489321650,086,10/28
3050,Mastercard,Matthew Hull,30309153282693,400,04/34
3051,Mastercard,Dr. Monica Rodriguez,4316463595680313934,452,01/36
3052,Mastercard,Jerry Meyer,676362515733,798,04/33
3053,VISA 16 digit,Juan Smith,376422252276417,149,12/26
3054,Discover,Craig Hunt,180065291248560,655,11/32
3055,Maestro,Jason Davis,344327450094620,020,05/28
3056,Diners Club / Carte Blanche,Amber Hunter,4795164928452627,752,01/32
3057,JCB 15 digit,Jeremy Ramos,676383898068,491,05/30
3058,Mastercard,Darren Jones,2238546009521826,553,02/28
3059,American Express,William Smith,6524213820977653,307,02/31
3060,JCB 16 digit,John Duran,3550050886125049,677,09/31
3061,VISA 13 digit,Robert Morgan,377789382394065,535,07/28
3062,JCB 16 digit,Kristen Vargas,503857742418,601,05/29
3063,Mastercard,Kelly Wilson,4894282433681,924,03/35
3064,Mastercard,Robert Murphy,4646952611853043105,096,02/27
3065,JCB 16 digit,James Hernandez,4734813577052377,659,02/27
3066,VISA 16 digit,Amber Clark,348381616741091,848,05/32
3067,Maestro,Robert Gonzalez,3527986188375925,307,12/27
3068,JCB 16 digit,Joshua Strong,4940875068498683988,549,07/29
3069,JCB 16 digit,Valerie Parker,180043683876116,797,01/30
3070,JCB 15 digit,Dale Love,4748387977095009,121,08/33
3071,Diners Club / Carte Blanche,Elizabeth Wilson,38897465164247,895,11/34
3072,JCB 16 digit,Nicole Trevino,6011250874218667,394,08/26
3073,JCB 15 digit,Christopher Ruiz,213138929044775,625,05/34
3074,Maestro,Ashley Warren,4914484617003259,7197,11/28
3075,JCB 16 digit,Elizabeth Smith,4549759469851441933,257,07/29
3076,VISA 16 digit,Steven Williams,213190430379653,943,11/32
3077,JCB 16 digit,Theodore Barker,6532501093811280,187,09/32
3078,JCB 16 digit,Harold Smith,2284528684332565,843,03/34
3079,American Express,Wesley Jimenez,6011544541321205,3083,06/29
3080,VISA 16 digit,Michael Owen,3558313008409713,221,04/33
3081,VISA 19 digit,Anita Erickson,502082550000,336,02/27
3082,JCB 16 digit,Jorge Washington,6530437970359675,074,12/33
3083,VISA 16 digit,Bobby Wu,4389736381125083178,199,01/34
3084,JCB 16 digit,Raymond Taylor,3573641652338718,154,09/33
3085,Mastercard,Sarah Harris,376074683588736,852,11/31
3086,JCB 15 digit,Timothy Ellison,4437281335519218192,8586,10/28
3087,VISA 16 digit,Tammy Landry,5187372243122758,849,08/33
3088,VISA 16 digit,Sarah Hughes,180015869637991,4343,12/27
3089,JCB 16 digit,Samuel Levine,501849427395,016,05/27
3090,Maestro,Howard Jones,2703979938547297,635,01/30
3091,Mastercard,Michael Allen,4201617328216,734,11/28
3092,Discover,Taylor Weeks,571854816287,467,10/31
3093,JCB 16 digit,Becky Wiley,30031221332595,473,11/35
3094,JCB 16 digit,Carol Green,5423539594697570,496,05/27
3095,VISA 13 digit,Dana Coleman,676381602637,885,08/35
3096,VISA 16 digit,Douglas Little,6011313529086705,124,08/35
3097,Maestro,Cassidy Sanchez,4618060496199316,241,09/34
3098,JCB 15 digit,Jose Wilson,6526844094075648,033,11/27
3099,Mastercard,Matthew Chapman IV,3558080361952551,784,08/27
3100,VISA 19 digit,Joseph Anderson,6011664809870683,588,10/27
3101,Maestro,Michael Cain,4102983271392447007,800,01/27
3102,Diners Club / Carte Blanche,Rachel Johnson,30351636940240,327,11/28
3103,VISA 13 digit,Kimberly Campos,4083484797572631,2612,10/27
3104,American Express,Jamie Hoffman,4574818101745696,0411,05/30
3105,VISA 19 digit,Adam Baker,4998573644304331,8903,09/30
3106,American Express,Brianna Hendrix,2240141097561490,635,11/26
3107,Discover,John Leach,4487329136792063,514,07/34
3108,Discover,Jeremy Smith,4259805968417657908,766,07/28
3109,Mastercard,Kayla Bruce,30299592575262,051,10/27
3110,Discover,Jeffrey Martinez,3521480423360575,457,12/33
3111,American Express,Juan Bell,5275585943786019,7127,08/29
3112,VISA 16 digit,George Young,373418418137603,460,07/28
3113,VISA 16 digit,Laura Hampton,4030798922732735,129,05/35
3114,VISA 16 digit,Ariel Burke,6594151670238849,000,07/31
3115,Diners Club / Carte Blanche,Cheryl Bailey,3592836553995445,762,09/30
3116,VISA 19 digit,Amanda Baker,341720040038912,754,11/30
3117,American Express,Nicholas Higgins,4544771186882,2010,09/28
3118,VISA 16 digit,Kevin Hall,213173113587628,9978,07/33
3119,Discover,Vincent Bowen II,2717542683985692,065,06/29
3120,Discover,Thomas Abbott,30547369353366,053,04/34
3121,American Express,Robert Rodriguez,30599695769641,140,12/30
3122,JCB 16 digit,Jason Galvan,213182544627739,889,06/27
3123,American Express,Susan Ortiz,630492750389,178,07/33
3124,VISA 19 digit,Jesus Matthews,4600587051181230,521,10/28
3125,American Express,Nicole Brown,3503434923350497,262,07/28
3126,VISA 13 digit,Matthew Smith,213114215134125,260,12/26
3127,Discover,Christine Spears,213141358337959,089,10/30
3128,Maestro,Anthony Rodriguez,6594183993160673,011,02/32
3129,American Express,Christina Dawson,376689127372023,788,09/31
3130,Discover,Erica Dunn,2591422634193095,037,12/32
3131,JCB 16 digit,Timothy Castillo,4864939519646,039,01/31
3132,American Express,Susan Lindsey,4651065180961986,280,10/33
3133,JCB 16 digit,Michael Delgado,4585403299278383,849,03/26
3134,Diners Club / Carte Blanche,Brent Chen,3588173278833669,166,09/28
3135,VISA 13 digit,Roberto Bright,3569525151024596,536,03/28
3136,Discover,Matthew Sanchez,3564212444233459,348,04/32
3137,VISA 16 digit,Joseph Chavez,4929791135458,842,04/32
3138,VISA 19 digit,Brandon Jacobs,4519733826642854,312,03/33
3139,Mastercard,Scott Cummings,6531507248674664,105,12/35
3140,VISA 16 digit,Heather Wong,376186314594634,820,10/33
3141,JCB 15 digit,Andrea Farley,4549059264776747,487,07/26
3142,VISA 16 digit,Kenneth Parker,6551315879587808,084,01/36
3143,JCB 16 digit,Joshua Palmer,4020501096690239203,4211,05/27
3144,VISA 13 digit,Todd Terry,180063992757245,983,04/29
3145,JCB 16 digit,Nathan Terry,3581049360407637,810,02/26
3146,JCB 16 digit,Sandra Lee,2521499402321053,329,07/26
3147,Discover,Theodore Johnston,4883972900900782,696,05/26
3148,Diners Club / Carte Blanche,Michelle Yates,4652741024253603,707,02/30
3149,Maestro,Aaron Vargas,4648228501091323,139,01/30
3150,JCB 15 digit,Edward Fernandez,375882254650375,9261,01/32
3151,VISA 16 digit,Travis Harris,2713014384928995,960,04/27
3152,VISA 19 digit,Carol Webster,676353010686,935,10/35
3153,American Express,Karen Morris,3598460401385370,986,09/33
3154,Maestro,Brittany Johnson,6011662525466760,531,01/30
3155,Maestro,Kevin Garcia,676209673133,236,06/32
3156,Mastercard,David Drake,3578665915616292,758,01/34
3157,JCB 15 digit,Susan Bennett,213183803781282,090,09/26
3158,VISA 13 digit,Shelley Gibson,501833886861,738,12/27
3159,American Express,Shannon Branch,4547286096282311,889,05/34
3160,American Express,Matthew Gross,3542518407659309,412,07/35
3161,Maestro,Heather Bruce,2620633809534286,162,04/35
3162,VISA 13 digit,Jeff Miller,373505053100894,073,08/33
3163,JCB 15 digit,Mr. Eric Anderson,30540997898696,151,06/32
3164,Mastercard,Crystal Peterson,375740460252560,907,09/28
3165,VISA 16 digit,James Lewis,6011361639809441,955,05/26
3166,JCB 16 digit,Brittany Palmer,4330163332736411,420,05/30
3167,JCB 16 digit,Keith Weiss,372212880537312,0305,03/27
3168,Mastercard,Lisa Schneider,2267838325093331,819,02/36
3169,American Express,John Martinez,4127764551334783,451,04/27
3170,Discover,Allison Evans,2592433948606358,674,10/32
3171,VISA 13 digit,Deborah Goodman,4546910390359996263,294,08/33
3172,JCB 16 digit,Robert Hill,4845631360008562,092,04/31
3173,VISA 19 digit,Amy Turner,38375053370625,364,08/27
3174,VISA 13 digit,Pamela Johnson,30083605271261,874,12/35
3175,JCB 16 digit,Mark Luna,3582811519096432,371,11/34
3176,JCB 16 digit,Megan Barker,213139454994657,859,12/34
3177,American Express,Michael Smith,30103442663403,131,07/34
3178,JCB 16 digit,Mary Wilson,501897647753,013,02/28
3179,VISA 16 digit,Brenda Wright,4092543517919,586,01/30
3180,Maestro,Emma Powell,4092084469314,948,08/28
3181,VISA 19 digit,Justin Williams,30409557379754,570,06/33
3182,JCB 16 digit,Andrea Graves,3555866725932781,337,04/27
3183,VISA 19 digit,Heidi Sanders,4627020047396115225,331,08/33
3184,Diners Club / Carte Blanche,Ryan Garrison,571551893399,743,06/27
3185,American Express,Mark Myers,345137152664136,444,01/29
3186,Mastercard,Bruce Gonzales,4265115936170016,401,03/34
3187,VISA 19 digit,Peter Crawford,3514036644546118,688,09/31
3188,Mastercard,Kathleen Garcia,4148675800480968,588,08/28
3189,VISA 19 digit,Michele Carter,6543694815275384,860,02/32
3190,JCB 16 digit,Teresa Garcia,2225182763181881,143,05/34
3191,JCB 16 digit,Angela Taylor,6011137213668456,113,03/30
3192,JCB 16 digit,Daniel Martinez,4474838417350634199,905,05/35
3193,American Express,Brian Peterson,36529862335300,460,05/28
3194,JCB 16 digit,Elizabeth Jones,3526961930790706,997,12/29
3195,VISA 16 digit,Curtis Mcdowell,180032950999701,761,07/35
3196,VISA 13 digit,Reginald Robinson,060404703898,830,12/26
3197,VISA 13 digit,Edward Lambert,3507865794875938,685,10/34
3198,JCB 16 digit,David Kelley,376570514466737,144,10/35
3199,VISA 19 digit,Jennifer Chaney,2243573944940930,074,06/33
3200,VISA 19 digit,Jeffrey Chavez,4263701522163192,125,06/26
3201,JCB 16 digit,Andrew Stein,4777010726692,760,02/32
3202,Mastercard,Mary Gallagher,503808196342,199,03/35
3203,Maestro,Paul Jackson,4026229151635495853,038,05/32
3204,JCB 16 digit,Linda Zimmerman,30050047515431,252,03/29
3205,American Express,Connie Pace,3550433234406222,4927,05/35
3206,Maestro,Jesse Wright,30580398459037,797,08/35
3207,VISA 13 digit,Ryan Skinner,6557631336885104,544,04/32
3208,JCB 16 digit,Cheryl Armstrong,4529340692007,223,01/31
3209,JCB 16 digit,Jerome Walsh,30351595311011,969,04/30
3210,Discover,Javier Baxter,3547265512648265,460,12/28
3211,Discover,Gregory Williams,503890340923,832,04/28
3212,VISA 13 digit,Luis Holmes,4684573248599681,965,04/29
3213,JCB 16 digit,Alejandro Foster,4657442544141065645,0285,04/34
3214,JCB 16 digit,Jessica Campbell,4838091841699720,592,07/35
3215,Discover,Melissa Sanchez,30416061145423,220,11/26
3216,VISA 16 digit,Matthew Thomas,3511638946246652,444,02/27
3217,VISA 16 digit,Judy Wolfe,3573043783033344,491,02/33
3218,VISA 16 digit,Steven Brown,30251031605689,109,09/34
3219,American Express,Joseph Franklin,343386484224679,998,02/33
3220,VISA 16 digit,Amanda Cook,30594934597648,416,07/27
3221,JCB 16 digit,Anthony Kelley,3597488198121105,045,03/29
3222,JCB 16 digit,William Sanders,3544183659015193,352,06/27
3223,VISA 19 digit,James Bowman,374973610224426,281,12/29
3224,JCB 15 digit,Caitlin Flowers,370964655929213,660,09/34
3225,JCB 15 digit,David Evans,377175082987012,329,02/28
3226,Maestro,Mary Oneill,4687076293414,339,05/26
3227,VISA 13 digit,Lisa Thomas,3593969289606306,696,05/26
3228,VISA 16 digit,Julian Baker,4687248087220536022,911,04/33
3229,Discover,Taylor Johnson DDS,3553936607039773,340,08/33
3230,Maestro,Angela Hughes,30170848189770,987,10/35
3231,Maestro,Christina Charles,4384751222138212,222,04/27
3232,JCB 16 digit,Jessica Glover,587803002837,099,11/31
3233,VISA 13 digit,Keith Bailey,30502239427817,848,08/27
3234,American Express,Jeffery Thomas,3593280899456557,195,07/28
3235,JCB 16 digit,Teresa Williams,4314853404799988,653,08/33
3236,Mastercard,Terrance Thomas,6547369408354856,703,09/28
3237,VISA 13 digit,Christopher Keith,4436888028224,528,12/33
3238,American Express,Nicole Jenkins,6011526072563966,070,06/27
3239,VISA 16 digit,Bryan Ramirez,6561353776126592,654,05/27
3240,VISA 16 digit,Samantha Torres,341031971174902,297,07/31
3241,JCB 16 digit,Kelsey Miller,3586804438089378,149,02/31
3242,Discover,Jennifer Gray,2282943672014517,983,07/31
3243,VISA 19 digit,Nicholas Anderson,3560000780982001,244,07/35
3244,Discover,Gerald Ho,4564787425198324583,635,01/34
3245,VISA 13 digit,Caroline Zimmerman,30354419386680,008,07/34
3246,VISA 16 digit,Jason Stuart,4479486276579915191,594,05/29
3247,Discover,Donna Davis,213126078879646,765,12/32
3248,Discover,Elizabeth Cortez,373136441542223,7932,11/30
3249,VISA 19 digit,April Harvey,4956979050879775,677,12/27
3250,JCB 15 digit,Amy George,3522401649783480,203,03/32
3251,VISA 13 digit,Heather James,213184954517350,265,09/34
3252,Discover,Jonathan Garcia,4083860662045284,075,10/30
3253,Maestro,Sergio Perez,3538672853655091,383,01/36
3254,JCB 16 digit,Jennifer Rodriguez,4719460249809,129,06/27
3255,VISA 16 digit,Cynthia Hill,3560742332911729,357,12/28
3256,Mastercard,Ms. Samantha Mckenzie,4535534771015488,309,05/31
3257,JCB 15 digit,Daniel Reed,30200682536230,597,11/35
3258,Mastercard,Kathryn Hunt,6011701862719686,056,10/26
3259,VISA 16 digit,Christopher Padilla,6011106021116495,531,03/30
3260,JCB 16 digit,Kathleen Hanson,565223363344,114,04/33
3261,Diners Club / Carte Blanche,Stacy Bridges,6506393068483358,498,05/35
3262,Maestro,Richard Baker,6011208410737616,577,04/33
3263,JCB 15 digit,Bryce Arias,503831958510,636,08/30
3264,VISA 19 digit,Jeremy Stephens,180032936079081,186,10/33
3265,VISA 16 digit,Steven Golden,374912766253169,035,08/28
3266,VISA 19 digit,Kristen Gonzalez,4376767787693310190,581,04/31
3267,VISA 13 digit,Jacqueline Rowe,3538173410416523,8251,11/34
3268,JCB 15 digit,Robert Davidson,3566294338109944,150,04/28
3269,VISA 13 digit,Megan Meadows,180003263366557,170,11/34
3270,Mastercard,Sheila Avila,4423049934794866,839,07/27
3271,JCB 16 digit,Richard Johnson,213152257559536,581,09/29
3272,JCB 15 digit,Mrs. Alicia Henderson,4762293767062421335,294,09/29
3273,JCB 16 digit,Ryan Robinson,4042478010404004871,588,11/29
3274,VISA 16 digit,Phillip Johnson,374246078438378,683,03/32
3275,JCB 16 digit,Cindy Walker,4588475367607765,5535,04/28
3276,Maestro,Michael Johnson,377029141705859,517,11/28
3277,VISA 13 digit,Lauren Hamilton,38873671686091,386,06/27
3278,VISA 16 digit,Paige Ramsey,3501310429561070,011,10/28
3279,VISA 16 digit,Phyllis Caldwell,4601254691479628638,687,02/32
3280,Diners Club / Carte Blanche,Dawn Cooper,6589255327769754,385,08/29
3281,VISA 16 digit,Courtney Parsons,3552110257774326,671,12/32
3282,Diners Club / Carte Blanche,Linda Gilbert,4767180988245465,805,09/35
3283,Mastercard,Mrs. Leah Turner,38610893972283,278,07/28
3284,Diners Club / Carte Blanche,Curtis Dodson,5490940868095244,046,12/34
3285,VISA 13 digit,Adam Johnson,3561103478099978,437,04/27
3286,Diners Club / Carte Blanche,Amanda Williams,4016597740598,229,06/32
3287,VISA 19 digit,Rose Ware,3543917372191604,250,04/29
3288,VISA 13 digit,Mikayla Smith,4493841844917800,763,06/35
3289,VISA 16 digit,Julie Webb,3547084277260822,259,08/33
3290,JCB 15 digit,Michael Thornton,4737146499302332,5335,10/30
3291,VISA 13 digit,Trevor Nelson,4851143133192666,583,02/35
3292,American Express,Perry Smith,4719939654969,698,10/35
3293,VISA 13 digit,Amber Chase,2278424015319943,182,03/31
3294,VISA 19 digit,Christopher Ayala,4535082626434769,934,12/35
3295,Maestro,Jared Rodriguez,30285168497353,881,12/34
3296,Maestro,Nicholas Evans,6502187262888444,955,11/34
3297,American Express,Suzanne Berger,375760530686258,432,03/27
3298,American Express,Victor Brown,501866288159,604,04/27
3299,VISA 16 digit,Michelle Flores,3524059137422447,986,07/27
3300,VISA 16 digit,Lawrence Mathews,6011950797751419,128,11/33
3301,Diners Club / Carte Blanche,Taylor Collins,4267004414888992,226,08/28
3302,VISA 16 digit,Michael Boyd,4405894410222946,893,06/30
3303,JCB 16 digit,Dustin Gray,180066384315969,522,05/35
3304,Diners Club / Carte Blanche,Marcus Carpenter,4787623607210655,102,07/28
3305,Discover,Ashley Cruz,30275760007395,550,08/32
3306,Mastercard,Matthew Mcdowell,3583215427030518,481,06/29
3307,JCB 16 digit,Angela Robinson,630474083577,451,06/30
3308,VISA 13 digit,Kyle Oconnell,6011919700738599,791,12/35
3309,JCB 16 digit,Casey Koch,4838717689813,553,06/27
3310,Maestro,Kimberly Robinson,4274511952381,981,11/29
3311,VISA 16 digit,Austin Travis,676382403795,699,08/34
3312,Mastercard,Joel Romero,3582470141574082,664,08/31
3313,JCB 16 digit,Jesus Castillo,38735673931058,910,10/31
3314,VISA 16 digit,Gary Hardy DDS,4463405079046101,777,06/31
3315,Discover,Craig Miles,060426172494,911,04/26
3316,VISA 13 digit,Justin Marks,6508470678049510,180,09/30
3317,VISA 13 digit,Dave Clark,573595045853,268,02/31
3318,Maestro,Stephen Porter,6576003463272075,451,06/29
3319,VISA 16 digit,Joseph Flores,2237161328934824,561,11/28
3320,Mastercard,Tina Contreras,4831218991840795324,433,11/30
3321,VISA 16 digit,Kristen Tyler,503829143190,284,12/27
3322,Discover,William Gregory,345031728670000,271,02/33
3323,Mastercard,Mary Hamilton,501875690783,356,11/29
3324,JCB 16 digit,Roger Cobb,213127717635928,344,01/36
3325,Discover,Keith Day,180012786648250,880,10/28
3326,VISA 16 digit,Anthony Wu,4229288659387,641,06/26
3327,VISA 13 digit,Angela Davis,3537047287424441,509,03/26
3328,Diners Club / Carte Blanche,Adam Pugh,2261229854112575,567,10/33
3329,American Express,Douglas Clark,502081988136,361,12/28
3330,Diners Club / Carte Blanche,Mark Ramirez,4752685184761344,976,05/35
3331,Diners Club / Carte Blanche,Marissa Jones,4940723164749765817,520,07/30
3332,VISA 19 digit,Joshua Hardy,213156589483018,0036,09/33
3333,Diners Club / Carte Blanche,David Stephens,3587113388588903,316,09/30
3334,VISA 19 digit,Dr. Breanna Phillips,4385706462004311304,507,02/35
3335,JCB 16 digit,Darrell Jefferson,4166294551925879,6934,09/31
3336,VISA 16 digit,Angela Hall,213155080925477,921,06/35
3337,VISA 19 digit,Jennifer Phillips,3580300341359806,363,01/35
3338,VISA 13 digit,Sean Tran,4057749004855,078,10/35
3339,Diners Club / Carte Blanche,Jessica Morris,213107590553653,881,10/32
3340,VISA 16 digit,David Weaver,4858916079335,029,10/29
3341,VISA 16 digit,John Young,2269604977055715,6595,06/30
3342,JCB 15 digit,Dr. Richard Hunt MD,4895433093797812,556,06/27
3343,JCB 15 digit,Peter Burke,378595007430690,588,01/28
3344,VISA 13 digit,Jose Freeman,5286868211197672,662,12/26
3345,Diners Club / Carte Blanche,Tyler Franklin,3563578403957143,249,04/28
3346,JCB 16 digit,Keith Lester,3526252561276847,907,06/29
3347,Mastercard,Robert Brown,3549883519626262,743,04/30
3348,VISA 19 digit,Kathryn Haynes,4777501541105,213,04/27
3349,JCB 15 digit,Jennifer Kelly,30518638148671,193,03/31
3350,Mastercard,Antonio Bailey,4248646598434,6057,08/26
3351,VISA 16 digit,Albert Lee,38824001458107,592,08/28
3352,Diners Club / Carte Blanche,Paula Kidd,2287909649444884,709,05/32
3353,Diners Club / Carte Blanche,Mary Freeman,4036058163434564,434,06/29
3354,VISA 16 digit,Mr. Cody Olson,4589830740808550318,888,03/35
3355,Discover,Edward White,4301870688339666,0205,01/36
3356,JCB 15 digit,Kurt Baker,6011648436074769,148,11/32
3357,JCB 16 digit,Derrick Dunn,343785287263562,298,05/29
3358,JCB 15 digit,Melissa Mitchell,503822483023,260,09/26
3359,JCB 16 digit,Brent Cole,6523888912873901,236,01/36
3360,VISA 13 digit,Virginia Torres,6011778736406708,203,09/26
3361,Diners Club / Carte Blanche,Katrina Davidson,372229833976447,125,01/27
3362,Diners Club / Carte Blanche,Angela Brown,4855681986082,916,02/35
3363,JCB 15 digit,Jessica Brown,4970456888890652289,733,08/35
3364,VISA 16 digit,Steven Brown,213161329507894,693,10/34
3365,VISA 19 digit,Glenn Burgess,6011844825553873,327,04/26
3366,VISA 16 digit,Brandon Baker,675976058320,632,07/26
3367,American Express,Diane Davis,4500721394385593,078,05/30
3368,JCB 15 digit,Holly Cox,2535183929039752,008,03/33
3369,VISA 19 digit,Lisa Jimenez,6011385862333043,932,07/34
3370,VISA 16 digit,Teresa Montoya,3517813392597981,510,02/33
3371,Maestro,Julie Hodge,180010331436007,289,07/34
3372,Diners Club / Carte Blanche,Roy Barrett,5535802736436652,792,12/33
3373,American Express,Bobby Meyer,4088568117160237,142,04/27
3374,Maestro,Norma Burton,38537413570992,367,11/28
3375,JCB 16 digit,David Lowery,3567695097136846,304,03/32
3376,Maestro,Drew Burton,374827150897720,110,06/31
3377,JCB 16 digit,Gabrielle Gonzalez,5112660673076803,997,09/35
3378,JCB 16 digit,Nicholas Russell,4699012784056999,069,10/27
3379,Mastercard,Christopher Ayala,4981222722279978,118,08/28
3380,JCB 16 digit,Margaret Forbes,377721495137693,720,12/27
3381,JCB 16 digit,Sabrina Perry,502033056917,748,02/33
3382,VISA 16 digit,Benjamin Powers,4809742323146177,9604,09/26
3383,Mastercard,Todd Bradley,574665529149,950,06/34
3384,American Express,Brian Lee,30581137411917,686,06/31
3385,Discover,Jennifer Richardson,30135632157812,464,05/32
3386,JCB 16 digit,Victoria Brown,060413425707,980,12/31
3387,VISA 13 digit,Thomas Jones,4023820268109002,572,12/28
3388,Mastercard,Frank Ortega,4659470748608,514,06/32
3389,Diners Club / Carte Blanche,Christopher Guerrero,3597570472791966,632,09/29
3390,VISA 13 digit,Alicia Whitaker,4576488054520054,640,02/29
3391,American Express,Daniel Mahoney,4899074785402011231,521,12/35
3392,VISA 16 digit,Jennifer Hill,213157624795457,599,05/26
3393,JCB 15 digit,Matthew Saunders,38771475295731,850,03/35
3394,VISA 16 digit,Kenneth Kane,213138578571524,626,11/28
3395,VISA 13 digit,Scott Ford,5182475698951897,978,08/30
3396,Diners Club / Carte Blanche,Sophia Ford,4813073291134121010,555,06/34
3397,Maestro,Peter Anderson,180068952223948,827,12/35
3398,JCB 16 digit,John Davis,4976267967153,857,01/31
3399,Mastercard,Jessica Thomas,3581092026404267,3883,06/31
3400,VISA 13 digit,Shawn Lawrence,4455645404734,168,03/28
3401,VISA 16 digit,John Davidson,30127030238674,673,02/35
3402,VISA 19 digit,Amy Garcia DDS,213192218474524,267,11/34
3403,JCB 16 digit,Tammy Sanders,3579095705789563,480,12/34
3404,Discover,Andrew Evans,4402004891292169,959,10/27
3405,Diners Club / Carte Blanche,Nicholas Davis,4410674323615659628,203,03/31
3406,JCB 15 digit,Susan Robinson,676193066070,381,06/26
3407,JCB 15 digit,Barbara Hudson,4667403797099530,567,10/35
3408,JCB 16 digit,Christopher Moore,3501691675918159,225,04/28
3409,Discover,Kevin Williams Jr.,502059591342,310,11/29
3410,VISA 16 digit,Nicole Johnson,5530973236032914,201,04/35
3411,Maestro,Natalie Martin,4485574186415055,671,07/32
3412,JCB 15 digit,Christopher Spencer,30275444385589,186,01/33
3413,JCB 15 digit,Nicole Bryant,060408260028,689,09/32
3414,Discover,Melissa Mcgee,30423788094025,1148,12/35
3415,JCB 16 digit,Larry Snyder,3598717455883729,980,06/32
3416,Discover,Jessica Cooper,30245600140649,268,08/33
3417,VISA 19 digit,Troy Reid,3589401236646348,566,10/28
3418,Maestro,Carolyn Mclaughlin,30476628721611,146,01/33
3419,JCB 15 digit,Mackenzie Jackson,3590573071029389,616,10/28
3420,JCB 16 digit,Tony Cole,213192911886974,320,05/35
3421,American Express,William Sosa,4855780002922,102,11/31
3422,Diners Club / Carte Blanche,Heidi Armstrong,180058436568976,5425,12/27
3423,VISA 13 digit,Christopher Jackson,3567267332660459,714,06/28
3424,Mastercard,Bethany Moore,213181687606021,018,07/26
3425,Discover,Jeffrey Mcdonald,4826636307883418,407,05/28
3426,Diners Club / Carte Blanche,Andrew Gonzalez,4942079830641,652,03/27
3427,Diners Club / Carte Blanche,Jason Dixon,4557885924297644,135,08/31
3428,JCB 16 digit,Jacob Vaughn,6517719064950072,202,07/30
3429,JCB 15 digit,Dr. Catherine Zimmerman,4269527338804588494,019,11/29
3430,Discover,Christina Burgess,4056698055846048,327,01/34
3431,Mastercard,Henry Potts,371416970978697,719,12/29
3432,JCB 16 digit,Carrie Cherry,4967070849821141,486,07/34
3433,VISA 16 digit,David Rowe,348667491986169,385,05/27
3434,VISA 16 digit,Nicholas Meyer,3565079501289685,526,02/27
3435,Mastercard,Jennifer Olsen,3504307755226820,653,08/35
3436,Diners Club / Carte Blanche,William Casey,377070009346196,554,05/30
3437,American Express,Melissa Lee,30196272061581,900,02/33
3438,Discover,Jenny Franklin,4338952217883,811,10/31
3439,JCB 15 digit,Kenneth Gallegos,30149151751640,540,04/32
3440,VISA 19 digit,Justin Lindsey,3512977298582440,479,01/27
3441,VISA 19 digit,James Smith,4840347597333,194,06/26
3442,JCB 15 digit,Mario Alvarado,6011969956084644,761,10/33
3443,VISA 19 digit,Gabriel Summers,4881564857591516,867,04/30
3444,VISA 19 digit,Rebecca Stafford,373621930091113,8095,04/32
3445,JCB 16 digit,Jessica Smith,4357725353911293,394,04/35
3446,JCB 15 digit,Joshua Williams,4030477893478848,483,12/28
3447,VISA 19 digit,Alexander Ferguson,30283446526333,338,08/35
3448,VISA 19 digit,Shaun Farmer,6523720879296844,968,10/26
3449,VISA 19 digit,Joseph Huynh MD,378194920479057,115,02/27
3450,American Express,Charles Perry,6011170903084064,470,01/30
3451,VISA 16 digit,Francis Gutierrez,3566350053491121,685,06/32
3452,VISA 16 digit,George Griffith,4302289430013819,015,08/28
3453,American Express,Amanda Vargas,2705477681098350,750,12/31
3454,American Express,Angela Hanna,340023664528636,316,05/27
3455,JCB 16 digit,James Mercado,341564912650580,730,09/34
3456,Maestro,Douglas Simpson,3503800280939850,0081,06/27
3457,VISA 16 digit,Joshua Wilson,30056096252347,9898,03/35
3458,JCB 16 digit,Makayla King,3589846405912964,139,09/32
3459,JCB 16 digit,John Roberts,180044416383065,156,04/29
3460,Mastercard,Shawn James,4947115254083698,8864,05/30
3461,Diners Club / Carte Blanche,Lawrence Bentley,4781550921112157823,131,06/32
3462,Diners Club / Carte Blanche,Jerry Howard,4236685449189,545,03/32
3463,JCB 16 digit,Herbert Powell,6590731305960604,8095,07/34
3464,Discover,Lydia Ramirez,4228257262090347,121,09/27
3465,JCB 16 digit,Brandon Salas,6565524541317130,528,11/26
3466,Maestro,Robert Duncan,4267250904647,405,04/26
3467,JCB 16 digit,Aimee Anderson,180049837004687,359,09/31
3468,Diners Club / Carte Blanche,Amanda Hill,180007752436276,947,02/32
3469,VISA 16 digit,Kerri Bennett,503830212349,828,09/28
3470,Diners Club / Carte Blanche,Alex Jones,345073519067350,652,03/29
3471,Diners Club / Carte Blanche,Allison Davenport,4812206947563188,524,01/36
3472,Diners Club / Carte Blanche,Sean Kim,348342136040315,244,03/33
3473,Maestro,Ashley Lee,376386415308070,919,03/32
3474,JCB 16 digit,Kyle James,4127123488148578,512,12/27
3475,VISA 16 digit,Timothy Jimenez,4572401008023012,235,04/31
3476,VISA 19 digit,Amanda Salazar,30434234726532,737,03/26
3477,Maestro,John Arnold,5292814147274070,477,09/26
3478,Diners Club / Carte Blanche,Holly Collier,3596165557723942,198,12/33
3479,JCB 16 digit,Miranda Carter,3581986030291240,815,11/31
3480,JCB 16 digit,John Daniels,4646086295536811192,183,01/30
3481,VISA 13 digit,Michael Montes,3556144274046513,787,05/34
3482,Discover,Jennifer Wyatt,4454898480467,744,01/35
3483,VISA 16 digit,Ronald Gordon,4476503101810784377,428,12/34
3484,Mastercard,Amanda Martinez,180035354044842,950,07/30
3485,VISA 19 digit,Angela Thompson,3585980629177445,252,12/35
3486,Diners Club / Carte Blanche,Marvin Gilbert,3582293886527994,123,04/32
3487,JCB 15 digit,Jennifer Jackson,3587054244529006,112,08/31
3488,Discover,Jennifer Murphy,6510626686416894,285,12/32
3489,VISA 16 digit,Dawn Green,349818909644218,575,02/26
3490,VISA 13 digit,Carolyn Garcia,4909367523071995100,437,01/27
3491,VISA 16 digit,Dana Kelly,213189890866357,958,03/35
3492,VISA 16 digit,Robert Navarro,344007185495827,188,10/29
3493,American Express,Kimberly Castillo,4208715706454167,792,11/26
3494,Discover,Donna Russo,4556214962670904,1728,09/35
3495,Maestro,Kaitlin Jenkins,4853157931922270,459,06/30
3496,VISA 13 digit,Sarah Morrison,6011378406561583,968,01/27
3497,VISA 19 digit,Joseph Holland,4031204014444,118,07/33
3498,Discover,Shawn Pace,3549142040942635,055,02/34
3499,Diners Club / Carte Blanche,Peter Reilly,2413324759704464,164,11/33
3500,JCB 16 digit,James Valdez,180091138316337,710,12/34
3501,JCB 16 digit,Samuel Anderson,180085648176322,725,07/34
3502,JCB 16 digit,Andrea Carpenter,30286774314644,668,12/32
3503,VISA 16 digit,Larry Mathis,4347791664791,210,06/35
3504,JCB 15 digit,Diana Smith,4612822088590764,914,05/30
3505,JCB 16 digit,Kirsten Thomas,5476882814641937,054,06/32
3506,VISA 16 digit,Michael Campbell,30448682217802,748,12/26
3507,JCB 16 digit,Ryan Holden,3556472425022186,734,03/32
3508,VISA 19 digit,Mark Gonzalez,3500505755613145,372,06/31
3509,VISA 16 digit,Amber Richardson,585741231435,327,05/30
3510,Discover,Angela Perez,4975147532177179,588,07/27
3511,Diners Club / Carte Blanche,David Mcbride,30466115195429,328,01/36
3512,Discover,Brittany Barr,4771187684341306726,7790,06/26
3513,JCB 16 digit,Stacey Anderson,379509288844106,084,01/36
3514,JCB 16 digit,Joseph Sanchez,4022320154234502,861,01/32
3515,JCB 16 digit,Kristin Rice,676141445277,6848,09/31
3516,JCB 15 digit,Brooke Williams,4577310346899530781,212,01/29
3517,VISA 13 digit,Jeffery Leon,3591879810944542,858,07/31
3518,Mastercard,Bryan Lewis,3569487413932910,6362,01/29
3519,VISA 16 digit,Tricia Smith,6540815238761592,130,09/32
3520,VISA 13 digit,Lori Ramirez,2444033963804274,6026,01/31
3521,VISA 13 digit,Donald Barnes,6508318460016652,2158,05/31
3522,Diners Club / Carte Blanche,Kimberly Davis,38614062399815,716,05/33
3523,VISA 13 digit,Natalie Stanley,30346338951750,294,04/27
3524,American Express,Joseph Larson,4441422996324,276,11/31
3525,American Express,Linda Figueroa MD,4865208152444942297,276,02/34
3526,Diners Club / Carte Blanche,Donna Mccarthy,3543630270025200,629,10/28
3527,JCB 16 digit,Joseph Lopez,180079430845541,625,09/32
3528,Discover,Amber Dean,501805415863,069,09/35
3529,Maestro,Stephanie Blair,2249837243211499,329,06/34
3530,Diners Club / Carte Blanche,Charles Griffin,3517389964699570,152,05/30
3531,Diners Club / Carte Blanche,Christopher Richards,570846942375,419,06/27
3532,VISA 19 digit,Jake Freeman,6501518989009248,640,04/31
3533,American Express,Alexandra Barber,4341555069576283012,643,10/35
3534,JCB 16 digit,Amanda Brown,30033116357125,521,10/35
3535,American Express,Courtney Thomas,4094913627348800199,734,03/29
3536,Maestro,Elizabeth Singh,4445624159315383,829,12/32
3537,VISA 19 digit,Michael Nelson,343764492972887,198,03/31
3538,JCB 16 digit,Miss Christina Thompson MD,4655921462963916,717,08/35
3539,VISA 16 digit,Sarah Thompson,4449843495033999,460,01/36
3540,American Express,Billy Foster,6517857095057259,499,12/34
3541,VISA 19 digit,Michele Barajas,3568598159654970,109,05/30
3542,Diners Club / Carte Blanche,Thomas Scott,6554927065920481,555,02/28
3543,VISA 16 digit,James Johnson,5160028453161453,384,03/26
3544,Diners Club / Carte Blanche,Matthew Perez,4444772086282282,8291,10/30
3545,Discover,Dr. Glenda Avila,2271194310331284,409,07/33
3546,VISA 19 digit,John Wood,3539405494381622,925,10/28
3547,VISA 19 digit,Denise Peck,676322377901,593,12/33
3548,VISA 16 digit,Gabriel Black,3585314556373241,703,10/27
3549,VISA 19 digit,David Moon,4190215881510933,028,07/26
3550,Discover,Shelly Wright,4428263170390,830,05/33
3551,VISA 19 digit,Brendan Jackson,30582558506987,908,09/28
3552,JCB 16 digit,Sheila Fletcher,4143463199974827986,870,03/34
3553,Diners Club / Carte Blanche,Nathan Garcia,2252377971055945,842,02/33
3554,JCB 15 digit,Seth Garcia,3576713718501105,980,12/35
3555,Discover,Carol Hampton,343436854877711,304,04/30
3556,Mastercard,Andrea Smith,4034258049860942136,859,12/31
3557,American Express,Kevin Snow,4582056944482144198,877,08/31
3558,American Express,Terry Hood,38869663615940,749,02/30
3559,VISA 19 digit,John Caldwell,4307058997593363,805,08/34
3560,Diners Club / Carte Blanche,Olivia Little,2328850665513338,5475,07/31
3561,Discover,Michael Hicks,4058651790498862,995,07/27
3562,JCB 16 digit,Mary Huffman,4554809898978,051,10/33
3563,JCB 16 digit,Matthew Schneider,4325757819285995,688,09/27
3564,VISA 19 digit,Julia Garcia,30159792753129,867,09/31
3565,JCB 16 digit,Regina Murray,2244068363696336,042,10/32
3566,Discover,Michelle Davis,676337795931,832,02/34
3567,VISA 19 digit,Chad Patterson,2472590694628327,668,06/26
3568,VISA 19 digit,Jeremy Morales,4308429902430555105,058,04/26
3569,JCB 16 digit,Frank Hall,341082530271804,071,02/29
3570,JCB 16 digit,Jeanette Patterson,060439296587,745,02/33
3571,VISA 19 digit,Jessica Baldwin,371742873765463,496,05/33
3572,Diners Club / Carte Blanche,Robert Richardson,4403189877502027,361,06/28
3573,JCB 16 digit,Jack Jones,3580557270079735,284,05/29
3574,VISA 19 digit,Nicholas Cummings,6520484681816488,661,01/34
3575,Mastercard,Albert Gill,213131005460130,781,01/31
3576,Maestro,Norman Mcguire,4576352924590293,057,04/27
3577,JCB 15 digit,Jessica Ramirez,30482420933628,1789,02/29
3578,Mastercard,Patricia York,6568117506367278,578,11/35
3579,VISA 13 digit,John Carrillo,3524904819327325,575,05/35
3580,Discover,Abigail Forbes,30471219648307,152,11/28
3581,American Express,Earl Allen,213163325623147,032,03/34
3582,JCB 16 digit,Chelsea Jones,36442233177189,481,11/35
3583,Maestro,Sierra Guerrero,30033626738715,867,05/34
3584,Maestro,Roger Castillo,4536106973705825,664,03/27
3585,VISA 13 digit,Brian Moore,6011797613815963,807,02/28
3586,VISA 16 digit,Lisa Goodman,4775418163217268841,706,08/34
3587,Diners Club / Carte Blanche,Troy Cox,4033801739551830,638,01/30
3588,American Express,Robin Davis,180060881945949,6047,12/32
3589,JCB 16 digit,Brittany Joseph,2244124546917709,438,03/33
3590,VISA 16 digit,Sonya Mcintosh,3519464698918469,895,11/29
3591,JCB 16 digit,Adam Fields,4915496419521181873,281,05/32
3592,Discover,Jennifer Clark,3573948484994521,857,01/36
3593,JCB 16 digit,Joe Martin,180078379995861,5004,12/33
3594,Mastercard,Sydney Wagner,676344301996,482,03/27
3595,Diners Club / Carte Blanche,Maxwell Espinoza,372817500112088,545,03/31
3596,Mastercard,Kristin Liu,4631395042383,934,12/33
3597,VISA 19 digit,Mitchell Walker,3575153324354121,024,09/31
3598,Diners Club / Carte Blanche,Benjamin Wood,6575065859301181,362,03/28
3599,Discover,Kenneth Rodriguez DDS,3521600994427830,526,07/33
3600,Diners Club / Carte Blanche,Bridget Liu,3501332435856435,018,11/26
3601,VISA 16 digit,Carlos Pacheco,36507875175053,982,05/29
3602,JCB 16 digit,Maria Gibson,4334820660255,542,01/33
3603,American Express,Bradley Wilson,3524973032213737,775,01/28
3604,VISA 13 digit,Tanner Mcintyre,5209098706174978,216,02/33
3605,Discover,Bob Young,2262906483200033,325,10/33
3606,VISA 19 digit,Brittany Jenkins,30403591654587,281,04/29
3607,VISA 13 digit,Isabel Hardy,213125611355668,445,01/34
3608,JCB 15 digit,Teresa Keller,3558172892442572,894,09/29
3609,VISA 16 digit,Jennifer Ponce,4360868134243343151,898,03/28
3610,Mastercard,Angela Roberts,213172052953809,1931,04/26
3611,Diners Club / Carte Blanche,Natalie Evans,376752841326434,4746,07/33
3612,VISA 16 digit,Billy Thompson,180056298782149,312,02/27
3613,JCB 16 digit,Christine Clark,4661451435521662731,555,07/31
3614,JCB 15 digit,Juan Smith,342681857313534,172,10/32
3615,Mastercard,Michael Mahoney,30082236218022,541,11/30
3616,JCB 15 digit,Derek Clark,4158013051433964,207,08/34
3617,VISA 16 digit,Caitlin Gray,180088058290096,099,09/34
3618,JCB 15 digit,Nancy Craig,180090901442759,7841,11/29
3619,JCB 16 digit,Albert Martinez,4212481608997902,613,06/32
3620,Maestro,Matthew Peterson,6564143808913555,733,11/26
3621,Discover,Antonio Velazquez,3593265996005944,032,06/26
3622,VISA 16 digit,Jack Logan,5548394634475896,265,05/29
3623,VISA 16 digit,Audrey Thompson,2585194265124750,456,12/31
3624,VISA 19 digit,Regina Michael,3529719469476213,631,12/29
3625,Maestro,Brett Holland,347449849611117,927,11/27
3626,American Express,Paul Garcia,675931631542,647,10/35
3627,Diners Club / Carte Blanche,Melissa Gilmore,3585729383046506,914,09/26
3628,Diners Club / Carte Blanche,Manuel Walsh,213149805062377,454,07/32
3629,JCB 16 digit,Sue Murphy,5406866256446025,030,01/27
3630,JCB 16 digit,Cynthia Turner,6546081716222961,507,02/32
3631,VISA 16 digit,Ivan Woods,30399306973827,198,02/31
3632,VISA 16 digit,Jessica Howard,3531172043940112,061,05/27
3633,Maestro,Lawrence Davidson,3587564881203509,651,12/32
3634,VISA 16 digit,Lisa Mejia,3503171947022054,444,04/27
3635,Maestro,Whitney Rodriguez,503867791074,823,05/34
3636,JCB 16 digit,Eric Harmon,341313025569273,236,10/35
3637,JCB 16 digit,Heather Fernandez,3506521328962871,703,09/33
3638,VISA 16 digit,Jeffrey Lee,4534027767256241,900,12/32
3639,VISA 16 digit,Scott Lucas,213195297575012,708,08/35
3640,VISA 16 digit,Jacqueline Bell,370119768380974,429,12/26
3641,VISA 13 digit,Ryan Fry,5465793286954802,870,12/26
3642,Mastercard,Mason Pearson,4436805350604888,922,05/26
3643,Maestro,Nicholas Williams,4048196450238,443,12/26
3644,Diners Club / Carte Blanche,Cindy Powell,4512906624441573,236,10/31
3645,JCB 16 digit,Lori Hurley,4918978953362381,220,12/30
3646,VISA 16 digit,Kenneth Thomas,372710754631442,932,08/31
3647,Mastercard,Samuel Espinoza,4199263977627,984,08/27
3648,JCB 16 digit,Debbie Green,6575019591492154,858,02/30
3649,JCB 16 digit,Valerie Logan,4597130675391,699,10/30
3650,Mastercard,Michael Durham,676288685685,073,02/31
3651,JCB 15 digit,Mark Sanders,4932054146588464,871,06/28
3652,Mastercard,David Graham,180037532209909,300,07/29
3653,JCB 15 digit,Melissa Sutton,3526174854205806,365,01/35
3654,Mastercard,Katelyn Conley,180020006859276,768,04/32
3655,Discover,Lindsay Hatfield,3546573300061554,095,12/26
3656,Diners Club / Carte Blanche,Kevin Gordon,4010998975703070,811,04/27
3657,JCB 16 digit,Joann Thomas,4098448954123,280,02/28
3658,JCB 16 digit,Linda Black,639060221053,8968,06/30
3659,Discover,Tiffany Newton,4122798554430,614,04/26
3660,Maestro,Michael Harris,180033015142832,140,07/35
3661,JCB 15 digit,Donna Welch,3537558577869772,299,07/34
3662,JCB 15 digit,Kirk Carter,4770984926339057,303,12/33
3663,VISA 16 digit,Sheila Evans,376931605171133,291,04/26
3664,JCB 15 digit,Beverly Stewart,4896005527469623718,524,07/33
3665,JCB 15 digit,David Ortiz,676173393759,631,02/31
3666,VISA 16 digit,Michael Lowery,3586410556270202,791,06/35
3667,Mastercard,Margaret Perez,4963995182259483079,936,11/28
3668,American Express,Brittany Mendoza,4152028063001,153,06/34
3669,VISA 19 digit,Jennifer Ross,346116665918378,9256,09/34
3670,VISA 16 digit,Susan Herman,4445916479769889,532,08/33
3671,VISA 13 digit,Rodney Robinson,4053237021226952,062,09/27
3672,American Express,Richard Miranda,4970916168075161,795,09/31
3673,VISA 16 digit,David Cortez,6011323327098208,304,02/28
3674,VISA 13 digit,Jesse Bryant,213138617404323,002,06/30
3675,Discover,Evan Jones,4814794292234336066,710,12/30
3676,American Express,Jennifer Hartman,30509241710908,820,11/26
3677,JCB 16 digit,Zachary Hood,676182522075,820,07/29
3678,JCB 15 digit,Brian Osborne MD,4371734921480,089,02/26
3679,American Express,Walter Cantrell,2705557504551907,321,11/32
3680,VISA 13 digit,Scott Clark,4750784646568611,015,09/33
3681,Mastercard,Amy Jackson,213198833540482,643,01/35
3682,Diners Club / Carte Blanche,Brad Allen,4429221253516766,4364,06/30
3683,JCB 16 digit,Emily Brown,6593594858976972,184,06/30
3684,Diners Club / Carte Blanche,Frederick Reed,2266336382783531,068,10/28
3685,Discover,Susan Williams,4074529419185559,636,10/34
3686,VISA 19 digit,Mary Liu,180050335529274,734,06/30
3687,JCB 16 digit,Robert Williams,30535434941422,170,11/27
3688,JCB 16 digit,Kelly Aguilar DVM,4236726908359,278,12/32
3689,VISA 16 digit,Justin Martin MD,4460642926280942162,060,11/27
3690,Mastercard,Holly Carter,36704378938430,648,07/28
3691,Mastercard,Benjamin Shaw,4023462664656623,718,03/35
3692,JCB 16 digit,Kristi Haynes,378389778141789,426,11/33
3693,Diners Club / Carte Blanche,Valerie Schwartz,4065930221883824886,201,02/27
3694,Diners Club / Carte Blanche,Dr. Charles Santiago,4039049651759,520,08/33
3695,Discover,Aaron Garcia,3567327857132670,757,10/33
3696,Diners Club / Carte Blanche,Alan Gray,4420673170397994,640,05/28
3697,Maestro,Sarah Butler,3555098055402140,461,12/28
3698,Maestro,Jessica Moore,36987435990649,904,06/32
3699,JCB 16 digit,Robert Watts,5596880735185435,101,11/30
3700,American Express,Yvette Martinez,2389430603279353,667,12/30
3701,VISA 19 digit,Bruce Jordan,346650502482750,105,10/29
3702,VISA 13 digit,Tanya Schultz,30391993289468,120,11/35
3703,VISA 16 digit,James Todd,3549493075159821,416,10/35
3704,VISA 19 digit,Sarah Yates,3572632701210389,180,01/35
3705,Mastercard,Abigail Flores,4323135877378790878,594,10/34
3706,VISA 16 digit,Alexandra Barber,4542800567639490124,962,05/35
3707,Discover,Christopher Martinez,4810099439130307,477,04/32
3708,VISA 16 digit,Brent Hughes,3565932272995130,404,01/32
3709,Maestro,Ray Weaver,180020767520372,405,03/27
3710,Discover,Daniel Wilcox,4350014974963,584,02/27
3711,Discover,Tamara Phillips,4894931477592,696,12/34
3712,Maestro,Alexander Long III,3508864945871804,890,07/34
3713,Diners Club / Carte Blanche,Richard Thomas DVM,6011533315774038,103,10/35
3714,American Express,Krista Ramos,4084027448059,956,05/31
3715,Diners Club / Carte Blanche,David Lopez,340588711255177,893,10/28
3716,VISA 13 digit,Matthew Ward,2276498624895867,283,04/27
3717,Mastercard,Lauren Gonzalez,3535964118553135,4536,10/33
3718,VISA 16 digit,Debbie Wright,2351699984997544,568,07/28
3719,JCB 15 digit,David Wade,2260624609469372,282,02/28
3720,VISA 16 digit,Jennifer Craig,4445174670896,929,10/28
3721,JCB 15 digit,Deborah Richardson,6519625868648952,8743,06/31
3722,Diners Club / Carte Blanche,David Moore,6011756509620333,768,10/27
3723,VISA 16 digit,Kevin Romero,503866126843,236,03/34
3724,JCB 16 digit,Stephen Vasquez,36623443939662,698,03/31
3725,JCB 16 digit,Austin Patterson,3554971197226273,188,01/36
3726,Discover,Kyle Calderon Jr.,213182434609599,9820,10/34
3727,Mastercard,Sarah Lewis MD,370903917558899,114,11/34
3728,VISA 16 digit,Gregory Gomez,564111422809,9303,10/29
3729,VISA 19 digit,Maxwell Bell,2337361506179890,915,09/34
3730,VISA 16 digit,Elizabeth Foster,2633106076016050,745,12/29
3731,VISA 16 digit,Jason Green,2255672433153677,253,01/31
3732,VISA 13 digit,Megan Reed,3580098138049552,503,04/35
3733,JCB 16 digit,Chad Santos,4474518999452576,911,12/31
3734,VISA 16 digit,Samantha Schneider,4993186011855960,754,01/33
3735,VISA 13 digit,Robert Holt,4535024469189563,9553,08/34
3736,Mastercard,Tracy James,2274925572848714,342,11/34
3737,VISA 16 digit,Jordan Phillips,6591038631934306,600,02/29
3738,JCB 16 digit,Jeffrey Russo,4624032966663322060,139,02/27
3739,Discover,Terry Duarte,639088651661,072,04/33
3740,JCB 16 digit,Dr. Alicia Simmons,4619262774048,152,06/34
3741,VISA 16 digit,Brett Hayes,4422421622442,1293,08/31
3742,JCB 16 digit,John Bell,340645983878142,9150,06/26
3743,VISA 19 digit,Vanessa James,2530982941977419,040,04/34
3744,VISA 16 digit,Nicole Bowers,180058081213647,809,07/30
3745,Mastercard,James Green,213163238902638,201,07/34
3746,JCB 16 digit,Dawn Page,503883078647,271,11/29
3747,VISA 16 digit,Heather Robinson,213120738326809,125,03/33
3748,JCB 16 digit,Brandon Snyder,4806458952228438755,300,07/28
3749,Discover,Lance Owens,2538503351636196,844,10/27
3750,Maestro,Dr. Kevin Cobb,4880816138002379,519,05/30
3751,VISA 13 digit,Charles Bowman,180019733462701,352,03/32
3752,Discover,Dawn Bowers,4342478316173525812,324,03/27
3753,JCB 16 digit,Maria Johnson,213193563100797,886,09/28
3754,JCB 15 digit,Scott Levy,36406943023637,858,03/28
3755,Maestro,Laura Lane,349836219986574,951,04/30
3756,American Express,Jordan Williams,4614713399438,603,08/34
3757,JCB 15 digit,Erica Lopez,349512293972687,536,08/28
3758,VISA 13 digit,Connie Callahan,30466426397458,987,12/29
3759,Maestro,Sara Hernandez,4405932838705652,304,11/33
3760,JCB 16 digit,Michael Hughes,4064429965995240,143,04/34
3761,VISA 13 digit,Ethan Henry,6011701902143160,880,09/35
3762,Discover,John Evans,344838152274294,796,04/31
3763,VISA 19 digit,Jennifer Jackson,4134223140371583,503,02/30
3764,Mastercard,Kathy Martinez,30445729246752,3545,03/29
3765,JCB 16 digit,Kyle Friedman,2567083815187817,081,05/26
3766,Diners Club / Carte Blanche,Faith Stewart,3556649444989715,182,07/35
3767,Mastercard,Gina Bishop,4364868849371242,8013,12/26
3768,VISA 19 digit,Edwin Ortiz,2267047145509134,110,05/31
3769,Diners Club / Carte Blanche,Robin Lester,4203835509992687,640,06/32
3770,JCB 16 digit,Matthew Patterson,4471349486653717926,169,02/34
3771,Discover,Wayne Nelson,379414330195898,030,09/31
3772,VISA 13 digit,Chad Shepard,30505608116747,156,10/34
3773,Mastercard,Kyle Davidson,4000129019663,602,04/31
3774,VISA 13 digit,Haley Wright,180043987085471,472,02/31
3775,VISA 19 digit,Michael Carter,3590310738935090,310,11/27
3776,American Express,Charles Leonard MD,3513120568879886,799,11/34
3777,VISA 13 digit,Christine Sparks,3506826662168534,893,05/31
3778,VISA 16 digit,Amy Joyce,30394696113654,617,11/28
3779,JCB 16 digit,Kelly Stevens,4390781198419339716,257,05/32
3780,JCB 16 digit,Christina Diaz,3553890130023129,379,03/31
3781,Maestro,Mario Nguyen,4696204634545685316,625,02/34
3782,Discover,Justin Brown,3521542496035804,987,09/27
3783,Diners Club / Carte Blanche,Sarah Warner,3594008516270484,030,02/27
3784,JCB 16 digit,James Clark,2574125571763553,221,05/31
3785,VISA 13 digit,Darren Dillon,213137243106294,146,08/33
3786,JCB 15 digit,Kara Thompson,501848763923,857,04/27
3787,JCB 16 digit,Michelle Hughes,6011735289981925,070,10/31
3788,JCB 16 digit,Connor Cameron,370546552223301,344,02/32
3789,VISA 16 digit,Stacy Nichols,4064107839575215582,914,06/31
3790,JCB 16 digit,Casey Acevedo,4309484828205993,927,07/33
3791,VISA 19 digit,Melanie Lawson,4518873034419645,2313,03/29
3792,VISA 13 digit,Sherry Thompson,501879564349,401,06/29
3793,Mastercard,John Harris,3523306221387999,802,09/34
3794,VISA 16 digit,Brenda Reed,4055271117129,833,02/34
3795,Maestro,Ray Andrews,6580088146491394,616,01/31
3796,VISA 19 digit,Rhonda Johns,4324149936475796246,540,05/31
3797,VISA 16 digit,Samantha Haynes,579556365255,652,05/32
3798,American Express,Amanda Lopez,4470664303460378,539,06/28
3799,JCB 16 digit,Chelsea Romero,676365420055,044,01/33
3800,VISA 16 digit,Ashley Hernandez,2277150714895922,394,08/29
3801,Discover,Olivia Logan,3598390643533380,120,06/33
3802,VISA 16 digit,Debra Jones,4038520343976653924,981,01/34
3803,Mastercard,Nathan Buck,2720788435256206,486,05/29
3804,American Express,Dominique Ray,3519672309007312,159,06/35
3805,VISA 13 digit,Joseph Williams,3586452534421895,376,05/35
3806,VISA 13 digit,Raymond Smith,3500930698084552,008,01/29
3807,Discover,Carla Scott,4480057894152512,756,05/29
3808,VISA 13 digit,Michael Gross,4407976703114183,435,10/31
3809,Maestro,Jennifer Holland,4350148590735028878,438,04/33
3810,American Express,Nicholas Martinez,4319947886717180,675,02/33
3811,VISA 13 digit,Robert Douglas,4258094473274292,755,05/29
3812,VISA 16 digit,Sean Adams,6520375882304219,962,11/26
3813,Discover,Amanda Rodriguez,4303555011927,398,04/32
3814,Diners Club / Carte Blanche,Todd Grant,36330748760831,196,08/26
3815,JCB 16 digit,Allison Hart,4067791358614713,321,03/34
3816,American Express,Karen Taylor,4461953924429735,532,06/33
3817,JCB 15 digit,Maxwell Stewart,213118556318569,5331,07/27
3818,Maestro,Maria Lawson,30185604199342,194,04/33
3819,Discover,Hector Downs,3525399822031031,030,05/27
3820,Diners Club / Carte Blanche,Robert Brewer,4210176122935429564,441,04/34
3821,Maestro,Robert Leon,4877917423470738,898,11/29
3822,American Express,Alexa Price,4282649149115177,200,02/34
3823,VISA 13 digit,Hunter Wilson,36325100717155,470,01/31
3824,JCB 16 digit,James Anderson,3560063165894688,597,09/31
3825,JCB 15 digit,Jonathan May,4903139677543627,995,10/35
3826,JCB 16 digit,Thomas Black,4904475194162,919,01/36
3827,VISA 13 digit,Glenn Alvarez,3582487151290821,218,08/31
3828,American Express,Brian Greene,3526631195575189,6401,01/28
3829,Discover,Matthew Lawson,3595906023769097,437,05/27
3830,American Express,Sheri Morgan,180005514712976,410,02/27
3831,Diners Club / Carte Blanche,Tammy Carpenter,675928420636,538,05/31
3832,JCB 16 digit,Emily Wilson,4432801322885,636,10/27
3833,JCB 15 digit,Timothy Reeves,565403300546,997,08/27
3834,Maestro,Tina Gonzalez,3572491207971964,491,10/28
3835,Maestro,Christy Payne,4839560875707,808,07/31
3836,American Express,Kathy Malone,213121747077219,695,08/34
3837,Discover,Jennifer Fernandez,213165106506078,085,11/34
3838,JCB 16 digit,Carlos Dudley,4346293101794440,250,11/33
3839,Diners Club / Carte Blanche,Holly Lewis,375054962070250,627,09/30
3840,JCB 15 digit,Bradley Hopkins,378477216693196,975,06/32
3841,Maestro,Mary King,501815689911,950,10/34
3842,Discover,Reginald Wilson,6011486022481696,833,12/31
3843,VISA 13 digit,William Fowler,4291526497822,246,08/33
3844,Maestro,Christopher Fuller,676139043514,552,04/33
3845,JCB 15 digit,Patricia Herman,4307470719381261818,005,10/32
3846,VISA 13 digit,Richard Pearson,4264333451823411955,339,11/34
3847,JCB 16 digit,Karen Mays,4572203038079584354,079,01/33
3848,VISA 13 digit,Jamie Wright,30375698136140,747,10/35
3849,JCB 16 digit,Evan Mclean,342745143512785,232,02/35
3850,JCB 16 digit,Jeremy Rodgers,30015999451786,536,10/28
3851,JCB 15 digit,Michael Farrell,3547487539440498,072,08/33
3852,Discover,Olivia Smith,4790052043462,812,11/34
3853,VISA 16 digit,Faith Peterson,180037412548798,163,02/30
3854,Mastercard,Kristin Fisher,379362392959133,717,06/29
3855,VISA 13 digit,Antonio Spencer,30511475772422,230,03/26
3856,Mastercard,John David,4403435312725,370,01/30
3857,VISA 19 digit,Colton Brown,4487398413782154,196,10/33
3858,VISA 19 digit,Brandy Simmons,213153743813925,057,05/34
3859,Diners Club / Carte Blanche,Melissa Mccarthy,4192163978039549,850,12/27
3860,Discover,Ashley Reynolds,6515982212062925,261,01/35
3861,JCB 16 digit,Sara Johnson,6011490004559842,099,08/35
3862,JCB 15 digit,Nicholas Jacobs,4322270278770515806,982,10/35
3863,VISA 16 digit,Carlos George,341771943202865,919,05/29
3864,JCB 15 digit,Kenneth Dorsey,4521123633134,756,05/27
3865,VISA 19 digit,Sierra Barnes,060416299828,676,10/29
3866,Diners Club / Carte Blanche,Derek Reynolds,180061635710456,006,11/31
3867,American Express,Troy Villarreal,180031803500989,703,08/26
3868,JCB 16 digit,Thomas Phillips,30133987175927,5731,03/33
3869,VISA 13 digit,Joshua Hughes,2364191093006149,485,12/30
3870,JCB 15 digit,Christian Rice,4526298850462,3557,10/27
3871,VISA 16 digit,Cody Jones,4665968119214211306,272,02/32
3872,Discover,Tonya Nelson,2396982070210965,647,04/29
3873,Diners Club / Carte Blanche,Joseph Carter,4300845622752,928,05/35
3874,VISA 13 digit,James Anderson,6542087659055965,930,05/26
3875,Maestro,Sean Ward,3558242197112715,479,02/31
3876,JCB 16 digit,Timothy Sanchez,569693421327,507,04/31
3877,JCB 15 digit,Aaron Pratt,180058626555627,671,01/33
3878,VISA 16 digit,Jerome Jennings,3559372302462488,721,03/35
3879,Diners Club / Carte Blanche,Dr. Jesse Mckinney,4903131859107446,626,09/34
3880,American Express,David Gonzalez,4901322410577,835,08/33
3881,Mastercard,Austin Rodriguez,3550671500470485,413,11/26
3882,VISA 16 digit,Melinda Mitchell,4482380195328278,194,07/35
3883,JCB 15 digit,Edward Schwartz,3513065806420094,469,08/34
3884,Mastercard,Erin Palmer,4681788587582787849,152,09/30
3885,VISA 16 digit,Nicholas Werner,370332669773409,041,09/32
3886,Discover,Andrew Rodriguez,3570387639598999,664,12/27
3887,VISA 16 digit,Kenneth Hansen,4920318238851559,787,01/31
3888,JCB 15 digit,Kenneth Butler,30190827488910,478,07/34
3889,JCB 16 digit,James Wilson,36920101213814,533,11/30
3890,American Express,Lindsey Hughes DDS,3562200791648710,462,08/35
3891,VISA 13 digit,Abigail Heath,6545604213106378,506,03/31
3892,VISA 13 digit,Jonathan Shah,213133637279474,9225,10/28
3893,VISA 16 digit,Raymond Davis,4239131927656304,486,04/32
3894,Diners Club / Carte Blanche,Gina Cole,4987473997317985,339,01/31
3895,Mastercard,Melanie Morrison,2222608231312768,092,05/29
3896,VISA 16 digit,Mark Montes,30528681047258,862,10/32
3897,JCB 16 digit,Rachel Harris,4962678507688191,094,04/34
3898,Maestro,Sharon Clark DVM,3537625245386842,289,03/32
3899,Mastercard,Joshua Sutton,4799919578362764,288,12/29
3900,Maestro,Jessica Reese,3570347736609289,676,07/31
3901,VISA 19 digit,Lisa Green,4436448408136254,278,10/26
3902,VISA 19 digit,John Farmer,4005570343313879,027,05/31
3903,JCB 16 digit,Kimberly Thompson,584083021207,990,05/32
3904,VISA 16 digit,Christine Valentine,4437698241353,193,05/35
3905,VISA 13 digit,Laura Williams,4888774026628116587,398,09/32
3906,Mastercard,Vincent Gaines,344533298155065,554,05/35
3907,Diners Club / Carte Blanche,Valerie Potter,4968990149589,717,01/27
3908,American Express,Andrea Davis,4360836309116971,410,09/26
3909,JCB 15 digit,Anthony Byrd,36471630540640,818,12/32
3910,Diners Club / Carte Blanche,Summer Gray,3567182202601436,965,12/33
3911,VISA 16 digit,Danny Scott,180061885499636,411,01/32
3912,JCB 15 digit,Megan Duarte,4923474512153399,763,05/27
3913,American Express,David Barton,6011534603287410,649,02/35
3914,JCB 16 digit,Antonio Jordan,4387494789308533,6825,07/32
3915,JCB 15 digit,Miss Elizabeth Gallegos PhD,4746275774952955,755,10/27
3916,JCB 16 digit,Nicholas Fletcher,348353398697148,123,06/30
3917,Mastercard,Alicia Smith,4254960312581952,108,06/27
3918,Maestro,Rhonda Coleman,4232064753258692658,436,11/27
3919,JCB 15 digit,Roberta Garcia,213152161296324,021,03/28
3920,Discover,Tiffany Huffman,4736761104673,202,02/35
3921,American Express,Randy Steele,4054766845180457,243,12/34
3922,JCB 16 digit,Ann Wilson,2290420617715706,913,01/32
3923,VISA 13 digit,Adrienne Noble,4178336475566523,094,04/30
3924,VISA 13 digit,Martha Martinez,6576256572641768,834,05/35
3925,JCB 16 digit,Jill Lindsey,213135421844819,841,08/31
3926,Discover,Andrea Johnson,30195406113003,469,09/35
3927,Mastercard,John Reyes,3561919869543724,864,09/27
3928,Maestro,Andrea Johnson,4747358894471780,466,11/28
3929,JCB 16 digit,Jaime Jones,4064306482623,9528,11/30
3930,American Express,Shane Ashley,4161576509773202,902,07/26
3931,Diners Club / Carte Blanche,Amy Phillips,502093518798,183,02/31
3932,Mastercard,Amanda Smith,3535813979408881,745,01/27
3933,VISA 19 digit,Jonathan Hess,180092871935044,042,05/31
3934,JCB 16 digit,Gina Phillips,4463336128646,542,02/30
3935,Discover,Tiffany Lopez,4909383101408460,743,07/30
3936,VISA 16 digit,Kayla Patterson,4249662208501320,664,09/35
3937,JCB 16 digit,Heather Williams,4210899773483709,579,09/33
3938,VISA 13 digit,Michael Scott,676139507732,001,10/35
3939,VISA 19 digit,Alvin Williams,4290062660386849,735,09/28
3940,VISA 16 digit,Tammie Williams,30383506550759,913,03/28
3941,Diners Club / Carte Blanche,Kyle Greene Jr.,5183903008721014,729,07/32
3942,Discover,Dr. William Green,6011426393712147,2488,02/30
3943,VISA 13 digit,Timothy Rose,30357748547757,421,11/26
3944,JCB 15 digit,Sarah Lopez,6546195657638751,679,09/31
3945,VISA 13 digit,Gina Dorsey,4285597503963,954,05/32
3946,VISA 19 digit,John Oneal,3596331848858273,102,08/31
3947,American Express,Robert Davis,4488592455920,843,05/35
3948,VISA 16 digit,Scott Phillips,4488203893401664,088,05/30
3949,VISA 13 digit,Maria Robbins,4880901144001514,3603,07/31
3950,American Express,Tara Murphy,4707374956010802,797,11/29
3951,VISA 16 digit,Jeffrey Li,30274486004976,191,01/31
3952,American Express,Crystal Maldonado,347657019404960,982,06/31
3953,Maestro,Margaret Soto,180046125446752,186,03/29
3954,Diners Club / Carte Blanche,Ralph Tyler,060493285286,709,09/32
3955,VISA 16 digit,Amber Ruiz,2720997156167662,2944,01/29
3956,American Express,Mrs. Dorothy Wilson,4819192272565233,768,12/27
3957,JCB 16 digit,Kathy Jacobs,3552371592956099,356,10/26
3958,JCB 16 digit,Brenda Perkins,3586562637770566,262,06/30
3959,VISA 13 digit,John Ortiz,3584913670283920,113,07/29
3960,JCB 15 digit,Jennifer Riley,30337662581180,575,01/28
3961,Discover,Matthew Stanton,213133178145894,8325,12/29
3962,JCB 16 digit,Jacob Russell,3593118790477191,659,10/32
3963,Maestro,Sandra Patterson,4970025779935167,960,03/35
3964,Mastercard,Sharon Davis,5207170896761591,789,12/29
3965,VISA 13 digit,David Wilson,060430291553,134,07/35
3966,VISA 16 digit,Kelly Russo,3546040419146858,662,11/30
3967,Diners Club / Carte Blanche,Bryan Moore,4566019735584,787,04/31
3968,VISA 16 digit,Megan Waters,4096964026188650,577,11/28
3969,Discover,Eric Ewing,4632416754407520606,469,04/34
3970,VISA 16 digit,Philip Martinez,3569794945208473,398,09/33
3971,VISA 19 digit,Steve Murphy,180013899707173,762,05/32
3972,JCB 16 digit,Charlene Matthews,4352711932094931412,1290,01/27
3973,VISA 16 digit,Brent Thompson,180088824080250,376,08/34
3974,Mastercard,Daniel Avila,6011690103962645,541,05/27
3975,VISA 19 digit,Jennifer Bauer,4236434952154804,064,05/30
3976,VISA 19 digit,Natalie Martin,4324044167548477,635,05/34
3977,Diners Club / Carte Blanche,Joseph Villanueva,4287662900912454062,393,08/35
3978,VISA 19 digit,Whitney Arnold,5250909367587324,393,08/31
3979,Mastercard,Oscar Green,30089582143332,687,11/32
3980,VISA 16 digit,Tyler Hurst,4422306666045106920,902,02/35
3981,JCB 16 digit,Anne Roberts,30434812590987,448,11/32
3982,JCB 16 digit,Jessica Smith,6011787636224004,670,03/30
3983,VISA 16 digit,Renee Gutierrez,2271315754955797,708,01/27
3984,Mastercard,Mrs. Amanda Espinoza PhD,4368489068172124,436,07/35
3985,American Express,Chad Blake,3572058409553971,290,06/31
3986,VISA 16 digit,Gloria Mitchell,2710011198473260,326,11/26
3987,JCB 15 digit,Joseph Moore,060452272721,899,12/30
3988,JCB 16 digit,Miranda Dean,4323267888693246,050,07/31
3989,Mastercard,Walter Cardenas,4092214322714,459,12/33
3990,VISA 13 digit,Kyle Lee,4389404273925,872,11/35
3991,JCB 15 digit,Ronald Snyder,3547202226903363,744,05/28
3992,Discover,Audrey Cobb,4663091954502598245,637,10/31
3993,JCB 16 digit,Kimberly Fuller,569229499011,163,03/28
3994,American Express,Benjamin Taylor,3567489447595459,137,09/33
3995,Mastercard,Shannon Miller,4724462908755373,801,08/33
3996,JCB 16 digit,Tiffany Lopez,371716211845054,827,12/28
3997,Diners Club / Carte Blanche,Stephanie Prince,3531532309434920,177,07/31
3998,VISA 16 digit,Stanley Cooper,2293215599397805,977,06/29
3999,VISA 16 digit,Sierra Mosley,4546024127031501,795,06/35
4000,Mastercard,Thomas Sawyer,341844592425861,350,10/35
4001,VISA 16 digit,Carol Rodriguez,4108110937693686567,040,12/30
4002,Mastercard,Jacob Sexton,30056681626376,866,02/30
4003,Discover,Terri Hall,4664584558543023,428,04/31
4004,JCB 15 digit,William Simmons,180085712887846,298,04/26
4005,VISA 13 digit,Colton Houston,6011616881050386,8010,08/29
4006,Diners Club / Carte Blanche,John Gallegos,3510566291309042,180,04/31
4007,American Express,Donna Thompson,4428864506355903,3655,07/26
4008,JCB 15 digit,Mary Reed,213184626648260,915,10/27
4009,Mastercard,Nicholas White,213168894792678,833,03/33
4010,JCB 16 digit,Anthony Vaughn,4853276261005488,360,10/31
4011,Diners Club / Carte Blanche,April Cervantes,4660251646233603,756,08/27
4012,JCB 16 digit,Michelle Allison,4781470742729330,695,07/30
4013,JCB 16 digit,Richard Carr,30240201560824,650,08/32
4014,JCB 15 digit,Robert Le,3595598309096673,852,10/35
4015,VISA 19 digit,James Robinson,4964381966065393,916,03/30
4016,VISA 13 digit,Jorge Williams,4463978175402118206,344,05/28
4017,American Express,Johnathan Fitzgerald,3594352998369137,2670,02/34
4018,VISA 13 digit,Mariah White,5324555574650652,225,02/27
4019,Discover,Catherine Gonzalez,4947765585320142,772,01/29
4020,JCB 16 digit,Matthew Garcia,3584729668809934,841,01/35
4021,VISA 16 digit,Samuel Mcgee,4880099190663,535,09/26
4022,Mastercard,Barbara Buckley,30280701089585,351,06/32
4023,VISA 16 digit,Joe Nash,348757850830676,398,02/34
4024,VISA 16 digit,Nicholas Walker,3515064726133372,5721,09/31
4025,Diners Club / Carte Blanche,John Scott,676380044955,070,01/36
4026,VISA 19 digit,Clifford Warren,371115045285670,732,02/32
4027,JCB 15 digit,Paul Coleman,3578846427194131,846,02/35
4028,VISA 16 digit,Michael Noble,30394392771110,955,08/26
4029,Maestro,John Davis,4565353460196507492,413,01/31
4030,Maestro,Christopher Yates,6555484637156441,909,12/26
4031,JCB 16 digit,Paul Griffin,3507030595684951,375,04/30
4032,Mastercard,Ian Morales,4827555303926,436,01/29
4033,American Express,Lindsay Taylor,4524226406050492,3746,08/32
4034,JCB 15 digit,Chad Watson,373200441033235,680,08/33
4035,Mastercard,Alexandria Vega,4178545571703954687,209,02/28
4036,JCB 15 digit,Robert Peters,213183766406836,880,10/33
4037,VISA 19 digit,Brandon Thompson,6579100974556322,937,09/35
4038,VISA 13 digit,Richard Little,3582964717603606,288,02/26
4039,VISA 16 digit,Daniel Brown,5138922265207190,823,06/34
4040,VISA 19 digit,Tiffany Jones,2242873875783098,198,10/26
4041,VISA 16 digit,Amanda Owens,3520535580502680,095,05/27
4042,Maestro,Jill Williamson,370955752672391,756,06/26
4043,VISA 16 digit,Lucas Smith,4608257146288310920,714,12/27
4044,American Express,Tracy Banks,4072625830310784,885,11/29
4045,VISA 16 digit,Lindsay Anthony,4483970364810,875,06/26
4046,Mastercard,Joel Green,3535708860041132,758,05/27
4047,VISA 19 digit,Sarah Becker,180053403222988,032,11/33
4048,Maestro,Kim Morton,213175100976748,098,04/29
4049,Mastercard,David Bridges,213132797100579,355,09/34
4050,VISA 13 digit,Robin Carlson,3513729512728591,365,07/29
4051,VISA 19 digit,James Rogers,180052096192433,563,06/28
4052,VISA 13 digit,Jessica Smith,4865829523622,5127,09/31
4053,American Express,Teresa Yoder,30275033148091,994,02/33
4054,JCB 16 digit,Tamara Weber,2701135512918097,980,02/30
4055,VISA 13 digit,Donna Lee,6570479705978917,051,10/33
4056,Diners Club / Carte Blanche,Michelle Gordon,4444013981216517,322,11/35
4057,VISA 13 digit,Sara Perry,3558595721894532,743,12/30
4058,JCB 15 digit,Joshua Lee,582345416512,337,07/26
4059,JCB 15 digit,Brian Wood,4180917099270984,758,10/32
4060,VISA 19 digit,Lisa Pennington,6575465574839889,409,10/29
4061,Mastercard,Shannon Green,213109041329097,324,06/27
4062,JCB 15 digit,Norman Barnes,3512027186216527,634,06/34
4063,JCB 16 digit,Emily Ryan,4003474479976223,525,07/26
4064,VISA 16 digit,Sophia Padilla,4232297040508,688,11/29
4065,American Express,Marco Brown,4512811310291,275,10/27
4066,VISA 16 digit,Shannon Hendrix,4134510696004422,116,12/30
4067,VISA 16 digit,John Brady,341226774590912,261,03/28
4068,Maestro,Aaron Campos,3593130291476622,782,02/28
4069,JCB 16 digit,Christina Lowe,4634922087707,833,02/27
4070,JCB 16 digit,Adam Wilson,4726221044951429213,618,03/30
4071,JCB 16 digit,Jessica Rodriguez,4091674125040182,6976,07/30
4072,Diners Club / Carte Blanche,Jennifer Harris,2716266519630097,814,01/32
4073,VISA 19 digit,Gregory Taylor,6596002038861905,334,11/34
4074,JCB 15 digit,Robert Johnson,3550054813504243,138,12/30
4075,American Express,Edward Lucas,3535120928176589,678,12/26
4076,VISA 13 digit,Paula Bennett,180007804909189,932,07/28
4077,JCB 16 digit,Eric Moore,375581187082371,278,11/34
4078,VISA 16 digit,Andrew Flowers,6011603118526081,797,11/33
4079,VISA 13 digit,Brandon Thomas,2613239808319411,328,02/27
4080,VISA 16 digit,Julia Doyle,3581353351861624,1911,04/35
4081,American Express,Lauren Mason,6539616518177837,592,07/26
4082,JCB 15 digit,Zachary Baldwin,6011598939128515,587,02/26
4083,VISA 13 digit,Jacob Blevins,4497523272706972,319,05/26
4084,JCB 15 digit,Julia Huffman,3509113623184869,559,01/35
4085,JCB 16 digit,Tammy Hayes,4820906336571441,169,05/32
4086,Discover,Justin Robles,3515673934762390,707,10/30
4087,JCB 16 digit,Deanna Gutierrez,377783620488433,5465,10/29
4088,Maestro,Darlene Walker,213104527144185,952,05/27
4089,VISA 16 digit,Brian Newman,3547500810131584,956,07/26
4090,Mastercard,Teresa Fisher,374841539061791,020,06/34
4091,Mastercard,Kimberly King,4383205821768,134,07/34
4092,Discover,David Wilkerson,4147061929389797,983,07/29
4093,VISA 16 digit,Ian Tyler,372048036996683,113,11/33
4094,VISA 13 digit,Daniel Miller,30364586246070,241,03/34
4095,Maestro,Danielle Baker,379144359745543,321,08/35
4096,JCB 16 digit,Briana Hall,4028650663396564,1282,08/34
4097,American Express,Lisa Garcia,4419399481052947156,0604,02/32
4098,JCB 16 digit,Courtney Tanner,060419707470,073,07/33
4099,JCB 15 digit,Laura Rodriguez,6522170393512253,374,10/26
4100,Maestro,Corey Carney,30306991873311,995,06/29
4101,VISA 16 digit,Scott Schmidt,180089609379164,214,04/28
4102,American Express,Emily Nash,4741261266730461080,966,05/26
4103,Mastercard,Timothy Smith,348793747817618,224,12/34
4104,JCB 16 digit,William Myers,4430782675362,431,06/28
4105,Diners Club / Carte Blanche,Jessica Morrow,4480059817284109,477,12/30
4106,American Express,Amanda Martinez,4204530669531487,152,04/34
4107,American Express,Craig Miles,5510857684333482,928,06/33
4108,JCB 16 digit,Adam Watson,3538191653031924,323,08/26
4109,VISA 16 digit,Amanda Miller MD,4921630118985,064,04/32
4110,Maestro,Ashley Hamilton,3549602619584027,999,02/29
4111,VISA 13 digit,Anthony Joseph,3595639338718679,369,08/27
4112,JCB 16 digit,Robin Nielsen,630459037820,0701,05/34
4113,Maestro,Catherine Mathis,4201142245259535,158,03/35
4114,VISA 16 digit,Colleen Shaw,4479773112894197,735,12/34
4115,JCB 16 digit,Kirsten Owens,4316402180722976,302,10/32
4116,Mastercard,Tina Wright,4402579832217,673,08/33
4117,VISA 16 digit,Gary Gomez,4841615429713076,411,12/32
4118,Mastercard,Robert Daugherty Jr.,4132084535603747,815,11/26
4119,American Express,Phillip Fuentes,346750445537296,863,04/34
4120,Discover,Claire Melendez,4826289930650604147,938,03/34
4121,VISA 19 digit,Jeffery Kim,501882890400,1898,06/28
4122,VISA 19 digit,Natalie Martinez,2299865148348081,476,05/32
4123,American Express,Misty Heath,4850785961642369,995,12/34
4124,JCB 16 digit,Robert Montes,30508270909647,613,03/29
4125,Mastercard,Ricardo Brown,4572558483676299140,667,04/35
4126,VISA 16 digit,Courtney Hancock,4029677349454345081,036,03/26
4127,JCB 15 digit,Lauren Harper,4166867672755,888,03/27
4128,JCB 16 digit,Ashley Williams,4560104027021306,533,06/28
4129,JCB 15 digit,Natasha Patel,6522026532192029,401,08/35
4130,Discover,Kathryn Marshall,6011145930363087,190,07/32
4131,VISA 19 digit,Zachary Brown,346937696309000,922,07/34
4132,VISA 16 digit,Javier Weber,4842690390670,569,09/35
4133,VISA 13 digit,John Esparza,30014645969705,841,12/29
4134,VISA 16 digit,Nicole Moran,2260916014308504,463,02/35
4135,Diners Club / Carte Blanche,Jennifer Wade,3508549798453632,687,04/28
4136,VISA 16 digit,Sabrina Koch,374699053569460,723,05/33
4137,JCB 16 digit,Jessica Hill,4482933650156502403,1592,11/35
4138,Discover,Charles Cummings,4462768993709218396,747,07/33
4139,Discover,Jessica Campbell,3585366800727812,200,04/29
4140,Discover,Allison Silva,6011682764029855,830,11/34
4141,VISA 19 digit,Cassandra Martin,4178226552677048,956,01/36
4142,JCB 15 digit,Bobby Mayo,348307121927479,726,12/31
4143,Diners Club / Carte Blanche,Cindy Burnett,6530967099674794,4846,05/30
4144,VISA 16 digit,Debra Oconnell,3514809765565632,162,12/34
4145,JCB 15 digit,Gregory Perry,676181299154,452,06/35
4146,JCB 16 digit,Cynthia Howe,4851594001460788435,212,02/27
4147,VISA 16 digit,Kenneth Wilson,6011965895351680,347,10/33
4148,Discover,Ann Perry,180020187012380,121,08/35
4149,JCB 15 digit,Wendy Le,4101098667837730150,093,05/34
4150,VISA 16 digit,Mark Perez,376344305694232,522,09/29
4151,American Express,Kimberly Lara,501849907412,282,10/28
4152,VISA 16 digit,Kimberly Freeman,3577862459752911,400,04/26
4153,Mastercard,Cynthia Curry,583276271124,457,10/35
4154,Maestro,Bridget Williams,2268714752275239,953,10/31
4155,JCB 16 digit,Mark Miller,3542336495667385,097,03/34
4156,VISA 16 digit,Angel Galvan,3546369311552172,592,12/29
4157,American Express,Sheila Farmer,341900946241790,7699,07/34
4158,VISA 16 digit,Alexandria Thompson,379394449532464,6722,12/33
4159,Maestro,Jeffrey Gibson Jr.,3555163363693606,355,04/29
4160,Diners Club / Carte Blanche,Eric Evans,6585624590410517,801,04/35
4161,VISA 13 digit,Ryan Jones,4749747828645464942,364,02/29
4162,JCB 15 digit,Jessica Woodward,560985661126,124,08/31
4163,Diners Club / Carte Blanche,Adam Patrick,3533993044103147,572,08/35
4164,JCB 15 digit,Tara Lucas,4469025001240350,847,08/27
4165,VISA 13 digit,Jacob Smith,371163140447712,524,08/33
4166,VISA 16 digit,Morgan Sullivan,372125582703570,331,04/27
4167,VISA 16 digit,Denise Brown,346227419804762,895,04/32
4168,Discover,Robert Frederick,503834329255,875,02/26
4169,JCB 16 digit,Christopher Kim,3557966736626881,996,10/30
4170,JCB 15 digit,Jay Anderson MD,180034485821434,521,07/29
4171,VISA 16 digit,Laura Nguyen,30001832268082,519,05/27
4172,VISA 16 digit,Michelle Pena,6011582158876368,890,06/35
4173,Diners Club / Carte Blanche,Eric Moyer,180025526265987,548,06/29
4174,VISA 16 digit,Michael Burns,4808338928668734772,0997,03/34
4175,Maestro,Christopher Cunningham,4978470704473672,151,02/26
4176,Maestro,Kathryn Thomas,5588756269087595,020,12/35
4177,VISA 19 digit,Allen Smith,4145031710447554490,156,10/30
4178,JCB 15 digit,Amy Watson,3552059063830956,405,09/31
4179,JCB 16 digit,Joshua Bryant,4364281302079791,2406,02/29
4180,VISA 13 digit,Shelby Baker,573168459432,446,02/27
4181,JCB 16 digit,Michael Smith,213148439844168,594,12/29
4182,VISA 19 digit,Veronica Larson,6570283117077775,4485,03/30
4183,Discover,Sarah Russell,3591424016979552,060,03/27
4184,Discover,William Swanson,213121671303052,652,10/27
4185,Diners Club / Carte Blanche,Samantha Pollard,6011219053685871,459,04/28
4186,VISA 13 digit,Richard House,3550952609620976,740,11/33
4187,Diners Club / Carte Blanche,Morgan Jones,2458067278833548,828,02/27
4188,JCB 15 digit,Juan Williams,5596608891295056,992,01/36
4189,JCB 15 digit,Jennifer Estrada,4193832839686206560,407,01/30
4190,JCB 16 digit,Mathew Rodriguez,376900109635679,078,10/26
4191,American Express,Denise Bradley,4385144322061057689,600,08/28
4192,VISA 16 digit,Elizabeth Rivera,502038194168,618,04/35
4193,VISA 19 digit,Morgan Johnson,2272120756148675,885,05/26
4194,VISA 16 digit,Brian Bishop,3515197607960503,574,05/26
4195,VISA 16 digit,Cristina Villanueva,4777598723661667273,652,01/34
4196,Maestro,Dana Parker,3518324349327224,198,05/35
4197,Discover,Cindy Nguyen,4956763846204536579,381,02/27
4198,VISA 16 digit,Jessica Lynch,3566711582108652,326,01/32
4199,JCB 16 digit,Michael Key,30465455580240,078,07/34
4200,American Express,Megan Thomas,180058777777780,041,01/28
4201,Mastercard,Alicia Krueger,2389896348927672,353,11/28
4202,VISA 16 digit,Timothy Brown,3531165373665929,428,08/34
4203,Discover,Haley Boone,4656425158669,235,01/27
4204,Discover,Laura Doyle,343474369464931,7949,08/32
4205,JCB 16 digit,Lee Johnson,6011684838392194,3130,04/29
4206,VISA 16 digit,Aaron Prince,4942603112454404,2708,03/26
4207,VISA 19 digit,Jessica Barber,348137332545087,691,10/30
4208,Maestro,Michael Martin,213145032428266,949,01/31
4209,Maestro,Amanda Cortez,30070569277525,101,02/27
4210,Maestro,Denise Mora,180017931256743,145,03/27
4211,American Express,Lindsay Kaiser,6557796331339918,376,10/32
4212,JCB 16 digit,Cheyenne Gallagher,2221547609082879,972,11/34
4213,JCB 15 digit,Stacy Miller,4656911296015,914,12/33
4214,VISA 16 digit,Heather Smith,3527998896186023,942,05/30
4215,JCB 16 digit,Tony Thomas,4611833786049976068,301,04/33
4216,American Express,Bryan Cortez,4556621993879384610,336,03/32
4217,JCB 16 digit,Brittany Snyder,4635977209757,149,12/27
4218,VISA 16 digit,Sarah Ruiz,30531459839203,034,03/30
4219,JCB 16 digit,Amy Howard,38511964774907,019,02/35
4220,VISA 16 digit,Megan Burke,4603597833588,323,02/33
4221,JCB 16 digit,Lorraine Hamilton,4613419164477641406,845,07/34
4222,VISA 16 digit,Gina Turner,4667973332793409,326,05/28
4223,Mastercard,Nicholas Gross,4087347777370,077,05/31
4224,JCB 16 digit,Stephanie White,6543555971239854,200,03/34
4225,JCB 15 digit,Patricia Weaver,4782273935833789,062,08/26
4226,Diners Club / Carte Blanche,Linda Thomas,3546912433591550,989,05/35
4227,VISA 16 digit,Lisa Santiago,3541623573665873,921,06/31
4228,Discover,Michael Moran,213112495030229,067,01/28
4229,VISA 16 digit,James Frazier,630410244606,645,07/32
4230,VISA 16 digit,Gina Miller,4500571893820,388,11/35
4231,Discover,Stephen Morris,213196473412434,381,10/32
4232,VISA 16 digit,Kayla House,213175497601271,508,02/28
4233,Diners Club / Carte Blanche,Kyle Bowers,347444583820024,098,03/32
4234,VISA 19 digit,Kimberly Bailey,3584117804194181,8441,07/35
4235,JCB 16 digit,Ryan Foster,5595477879723229,668,02/28
4236,JCB 16 digit,Carly Steele,5297579197205630,599,10/31
4237,American Express,Brooke Swanson,30317735436679,2142,06/32
4238,Mastercard,Peggy Stein,639077639578,930,04/35
4239,Discover,Daniel Jones,5148963607296572,622,05/27
4240,JCB 16 digit,Brian Holder,3510284736438042,289,05/29
4241,American Express,Michael Moses,4901456897557456,879,09/32
4242,JCB 16 digit,Mrs. Toni Jennings,3588176627738083,507,05/26
4243,VISA 16 digit,Samuel Cabrera,30473752926884,042,01/29
4244,VISA 13 digit,Jay Hurst,6011498605181908,533,06/34
4245,JCB 16 digit,Maria King,213147840926432,304,06/28
4246,American Express,Patricia Johnson,3528447784539843,666,01/30
4247,VISA 19 digit,Jasmin Stewart,340461164560248,323,04/35
4248,VISA 13 digit,Edward Taylor,4387305597603644,433,07/26
4249,Maestro,Anthony Diaz,4897276759611753248,596,07/29
4250,VISA 16 digit,Nancy Davis,3541901071054083,779,03/29
4251,JCB 16 digit,Daniel Hernandez,343981380028669,039,02/34
4252,VISA 16 digit,Patricia Smith,3539062346599180,887,09/28
4253,Maestro,Scott Medina,2251936008385970,124,06/31
4254,American Express,Sharon Johnson,3524900261520581,407,10/29
4255,JCB 16 digit,Mrs. Taylor Gallegos,30556139607498,890,11/31
4256,Discover,Jacob Evans,2694229275351585,038,03/27
4257,American Express,Amber Brooks,2245294560958332,178,07/27
4258,VISA 16 digit,Diane King,180005443095287,869,11/26
4259,American Express,Erica White,4067106586378,098,06/32
4260,Discover,Kelly Taylor MD,6556705844448547,349,05/26
4261,JCB 16 digit,Victoria Zuniga,5223197509282418,439,09/26
4262,VISA 19 digit,Mrs. Alexandra Johns,4077648507584,995,11/32
4263,VISA 13 digit,Derek Cooper,180047767766408,9564,08/27
4264,VISA 19 digit,Eric Bradley,4232656163470959,853,06/35
4265,VISA 16 digit,Dillon Crane,2717137896659869,213,04/26
4266,JCB 15 digit,Michelle Vincent,4974028998915560,050,09/33
4267,VISA 19 digit,Kristin Gomez,30237800624118,463,09/35
4268,JCB 16 digit,Rachel Kelly,36063784278299,493,07/29
4269,JCB 15 digit,Denise Rowland,3514491775306057,533,05/32
4270,Diners Club / Carte Blanche,Dean Mercer,4904600330122978186,897,06/28
4271,Diners Club / Carte Blanche,Bradley Nelson,349524184203924,443,02/32
4272,VISA 16 digit,Amy Brown,3547907060092616,525,04/29
4273,Maestro,Elizabeth Allen,2320913120829802,9420,06/28
4274,JCB 15 digit,Christopher Hernandez,5187913426647705,400,02/32
4275,JCB 15 digit,Christopher Hunter,345951163882341,398,10/27
4276,VISA 16 digit,Ryan Rice,6011463484807528,174,08/35
4277,Diners Club / Carte Blanche,Beth Nash,2222363128479268,797,06/28
4278,Maestro,Matthew Baker,630430441265,927,05/33
4279,VISA 16 digit,Robert Miller,4421665055819444930,627,09/33
4280,American Express,Eric Miller,6011260610350310,0672,08/34
4281,JCB 15 digit,Kyle Roberts,30288891111895,071,05/26
4282,JCB 15 digit,Tammy Cohen,4534735017037522,123,06/27
4283,Maestro,Kathleen Hill,3586379570254718,102,03/27
4284,American Express,Stephanie Ruiz,4326468695248797,310,09/31
4285,VISA 13 digit,David Perez,4429017906451,107,02/28
4286,VISA 16 digit,Steven Roman,349209223179315,185,06/26
4287,VISA 19 digit,Stacey Owens,345511428873830,983,12/34
4288,Mastercard,Emily Armstrong,4692884184970241660,428,03/31
4289,Mastercard,Michelle Phillips,3551811817630426,463,07/34
4290,Maestro,Chelsea Herrera,213150389084308,564,07/30
4291,JCB 15 digit,Amanda Brown,180003366165823,692,12/33
4292,VISA 19 digit,Charles Lucas,180079639087614,812,06/33
4293,VISA 13 digit,Anthony Vega,4829347792408383,542,07/32
4294,JCB 15 digit,Michael Olson,4327709562458966229,235,02/29
4295,JCB 16 digit,Jesse Lyons,4565769270974193250,406,08/27
4296,VISA 13 digit,Jennifer Nash,3511861558760550,990,11/32
4297,VISA 16 digit,Daniel Lopez,341366553242028,686,10/30
4298,VISA 13 digit,Kevin Davis,38850421429089,441,12/28
4299,VISA 19 digit,Jason Avery,3583795926411152,859,02/30
4300,JCB 15 digit,Lawrence Singleton,3553565935520582,432,10/32
4301,Discover,Mr. Alexander Joseph,4333312980267461,773,08/31
4302,JCB 16 digit,Zachary Duran,5182809524984591,224,09/26
4303,American Express,Lisa Burke,501870799712,939,11/31
4304,JCB 16 digit,Arthur Miller,5185103906350804,128,03/34
4305,Maestro,John Logan,4099478567595,360,05/31
4306,Maestro,Lori Patel,349324609560978,532,02/28
4307,Diners Club / Carte Blanche,Andrew Mueller,4653495281893,7308,03/34
4308,American Express,Jesus Reed,4036216692303250,822,10/29
4309,JCB 16 digit,Desiree Ortiz,4387869361300,488,09/31
4310,Diners Club / Carte Blanche,Donna Duran,6575378419843737,370,12/33
4311,VISA 16 digit,Lori Mitchell,4400715333844471,948,06/29
4312,JCB 16 digit,Jeffrey Banks,213180433668863,237,02/32
4313,VISA 16 digit,Eduardo Keller,373450604341020,5941,02/32
4314,Diners Club / Carte Blanche,Laura Moore,4920813264962,684,08/26
4315,VISA 19 digit,Jared Cisneros,575931967146,588,03/30
4316,JCB 15 digit,Kenneth Brown,3501690798778300,129,08/31
4317,Maestro,Emily Roberts,213103701674140,452,10/31
4318,Mastercard,James Tucker,6500587443373251,935,09/31
4319,JCB 16 digit,Robin Brown,30191812627223,939,10/29
4320,VISA 16 digit,Crystal Ross,576565103081,960,01/35
4321,Mastercard,Katherine Peters,3531832714928767,121,08/32
4322,VISA 16 digit,Diana Bush MD,4939328069852773,064,05/34
4323,Mastercard,Kathy Leblanc,347336555040542,114,10/30
4324,JCB 16 digit,Melissa Kelly,4312801901018388,788,08/32
4325,Mastercard,Jennifer Taylor,4677912030198808,074,08/32
4326,Mastercard,Lori Day,4714745568845076,312,10/27
4327,JCB 15 digit,Jessica Guzman,180032322178521,950,12/32
4328,VISA 16 digit,Crystal Saunders MD,4356317458627510,449,10/31
4329,VISA 19 digit,Jonathan Huff,4806764688946853,937,06/35
4330,Discover,Paul Hays,4684363244900837214,027,07/29
4331,Maestro,Alicia Wells,4729244812970685,716,01/35
4332,Discover,Mark Harris,4756522663783,171,04/29
4333,VISA 13 digit,Sylvia Webb,180032292041675,150,09/28
4334,VISA 16 digit,Katherine Underwood,30372486684746,154,08/32
4335,American Express,Erica Holland,375013535101190,365,02/32
4336,VISA 13 digit,Sabrina Aguirre,213134094651783,510,05/32
4337,VISA 13 digit,Steven Gonzalez,2295882482878494,503,01/27
4338,VISA 13 digit,Jordan Moran,4276050315946370,708,09/29
4339,Diners Club / Carte Blanche,John Gonzalez,4501352428292305,3989,08/28
4340,Diners Club / Carte Blanche,Ruben Jennings,342387321984328,639,09/29
4341,VISA 16 digit,John Schwartz,4336644092938,237,01/34
4342,VISA 19 digit,Ana Newman,3582034026873751,677,08/28
4343,Discover,Amber Torres,4536709384519683,270,12/30
4344,VISA 16 digit,Jessica Robles,586779758216,3117,01/36
4345,Diners Club / Carte Blanche,Emily Williams,501811292348,979,01/35
4346,VISA 16 digit,Terry Graham,213136218022502,556,08/27
4347,JCB 16 digit,Wendy Green,4337978800979275263,103,05/33
4348,American Express,Jessica Mcdonald,2251646457384107,465,02/35
4349,Discover,Kyle Pennington,379167364844001,048,02/34
4350,JCB 16 digit,Claudia Velasquez,4090170091895897965,360,05/29
4351,Maestro,Katherine Davis,4524919071804926,2978,05/35
4352,American Express,Jesse George,4984926884710,168,05/29
4353,VISA 19 digit,Brandy Reeves,5552046780915678,104,12/26
4354,Mastercard,Taylor Bennett,30120577708316,893,01/31
4355,JCB 16 digit,Daniel Schmidt,3569746337005180,661,05/34
4356,JCB 15 digit,Teresa Davis,4405319343130,980,06/30
4357,Diners Club / Carte Blanche,Matthew Fuller,6579478816630590,337,07/35
4358,Discover,Pamela Johnson,4188657997840922423,900,07/32
4359,VISA 19 digit,Jill Collins,345347796247806,495,06/29
4360,VISA 16 digit,Gabriella Jackson,3571407228660684,924,11/32
4361,Mastercard,Mr. Kyle Davis,30452608481773,836,06/30
4362,JCB 15 digit,Daniel Martinez,3532530314394427,908,11/28
4363,Diners Club / Carte Blanche,Adam Wolfe,6011268603589216,927,10/30
4364,Discover,Corey Taylor,6011991891008306,582,05/29
4365,JCB 15 digit,Scott Davidson,4448123366138081,5025,02/29
4366,Maestro,Kyle Salazar,502081708088,171,03/34
4367,Maestro,Kevin Allen,4987592245735969,8677,10/30
4368,American Express,Tommy Valencia,4927236896363266,670,11/35
4369,VISA 16 digit,Tammy Hernandez,6568383149526817,244,02/27
4370,VISA 19 digit,Jason Morse,3585098899464482,031,04/28
4371,JCB 16 digit,Bryan Baldwin,30000277186270,066,03/29
4372,VISA 19 digit,Mary Fleming,639038600917,867,12/34
4373,American Express,Angela Carroll,4875748637015464099,770,01/29
4374,VISA 19 digit,Jenna Wagner,4131635258055,155,09/34
4375,JCB 16 digit,William Turner,6530432064026660,230,03/30
4376,VISA 13 digit,Alicia Cain,5276765453447900,625,11/29
4377,JCB 16 digit,Jack Aguilar,6520936967011084,002,12/29
4378,VISA 16 digit,Samuel Summers,6011504599705238,121,08/29
4379,JCB 15 digit,Angela Bates,378057299710917,967,05/33
4380,VISA 16 digit,Kevin Hines,4213329230325,248,08/32
4381,VISA 16 digit,Steve Heath,213116907195785,248,10/33
4382,Diners Club / Carte Blanche,Angela Roth,2295619523924626,114,12/27
4383,American Express,Julia Diaz,4208748821060767,275,03/30
4384,Diners Club / Carte Blanche,Susan Rivera,3514075993669360,774,05/29
4385,JCB 16 digit,Alexandra Stephens,4562872219733,899,11/30
4386,American Express,Angel Ibarra,6011559908567067,848,12/29
4387,Discover,Jonathan Fisher,4605588896583999,562,02/35
4388,Discover,Jordan Turner,4240333143202,770,06/26
4389,JCB 16 digit,Alexis Valenzuela,4092764755181346,009,02/35
4390,Mastercard,Brittany Coleman,2256661350494932,3196,03/35
4391,Discover,Karen Owens,6011331708644490,426,04/27
4392,American Express,Joseph Brown,4689084678982,811,11/28
4393,JCB 16 digit,Scott Cox,3568270637241792,399,01/35
4394,Maestro,Heather Walker,4754479111431298,698,05/26
4395,Diners Club / Carte Blanche,Jason Wright,3513722659586104,021,05/33
4396,VISA 19 digit,James Miller,6575983288232076,706,11/35
4397,JCB 16 digit,Margaret Mckee,6011582222510498,247,01/31
4398,Discover,Linda Stout,6584869810099241,843,09/30
4399,JCB 16 digit,Shannon Maxwell,6506081625584681,297,01/31
4400,Diners Club / Carte Blanche,Danielle Leon,4094066415518026,107,12/28
4401,Mastercard,David Barrett,30176846020867,083,06/31
4402,VISA 16 digit,Logan Ross,4621704680239,9571,01/31
4403,Discover,Nancy Wilson,675998273063,5044,06/27
4404,VISA 19 digit,Andrea Bowers,4072641502699836511,209,01/33
4405,VISA 19 digit,Michael Pacheco,348832741772369,259,05/31
4406,JCB 15 digit,Ethan Rivers,4595255080213823,5387,12/32
4407,Maestro,Allen Williams,180018935030639,6542,01/35
4408,JCB 16 digit,Kelly Singh,580183990358,0673,02/31
4409,VISA 16 digit,Christine Morgan,180024567898145,167,05/30
4410,VISA 16 digit,Patrick Berry,4773254174182204879,154,01/28
4411,VISA 16 digit,Richard Miller,2535510830064059,417,05/26
4412,American Express,Colleen Simpson,2253315503679021,809,12/31
4413,American Express,Robin Moore,4823883749100554,024,12/29
4414,Discover,Jacob Gates,372890946143041,956,09/27
4415,VISA 16 digit,Stacey Hicks,502055454974,170,02/30
4416,JCB 15 digit,Jason Blair,639046775446,804,07/35
4417,VISA 13 digit,Chad Berry,4459522937893577128,290,08/27
4418,VISA 19 digit,Kendra Brown,4627922823469,803,11/30
4419,JCB 16 digit,Sean Cole,213178519144098,797,07/35
4420,VISA 19 digit,Joshua Hernandez,4339215729045128,331,04/28
4421,JCB 16 digit,Charles Sparks,3535653184243115,626,09/29
4422,JCB 16 digit,Christina Flowers,3500855894385141,880,10/29
4423,JCB 16 digit,Benjamin Rosario,3534202758728902,381,11/34
4424,JCB 16 digit,Zachary Green,675984366095,425,12/28
4425,JCB 16 digit,Mr. Adam Hansen,2298519891755908,029,03/27
4426,VISA 13 digit,Nancy Salazar,6011538357626863,567,07/26
4427,Diners Club / Carte Blanche,Leslie Holmes,4660861731434840422,917,09/29
4428,Discover,Nathaniel Kerr,30068767794432,720,01/35
4429,American Express,Danielle Roberson,4848191449861660,671,01/34
4430,Diners Club / Carte Blanche,Andrew Nguyen,213119905215787,165,05/27
4431,VISA 16 digit,Sheena Silva,3502271365501562,604,11/32
4432,Diners Club / Carte Blanche,Daniel Perry,4031305493994923,0346,01/30
4433,VISA 19 digit,Tim Davis,3538930777685473,192,01/28
4434,American Express,Patricia Perry,4857849438972,731,09/30
4435,VISA 13 digit,Christopher Schmidt,3562456142847548,409,07/33
4436,Diners Club / Carte Blanche,Jack Moore,340017249725642,849,05/28
4437,Mastercard,Barbara Russell,373151866840077,360,04/30
4438,VISA 16 digit,Joseph Williams,4850921823401,455,12/27
4439,Mastercard,Gabriel Smith,060425359118,549,04/28
4440,Maestro,John Rodriguez,3524979712358163,473,12/32
4441,Mastercard,Kiara Hughes,6011605249993585,320,05/28
4442,Diners Club / Carte Blanche,Kelly Gill,639082929311,130,02/33
4443,VISA 16 digit,Emily Harris,349845013120389,862,04/31
4444,Discover,Ariana Martinez,4562464532976321,947,03/35
4445,Diners Club / Carte Blanche,Jacob Phillips,4535071415930,461,01/33
4446,Diners Club / Carte Blanche,Lisa Perez,4077518761774,795,07/26
4447,Mastercard,Jasmine Perez,3579705587038687,269,07/34
4448,JCB 16 digit,Timothy Bridges,4503615882983132,147,05/31
4449,JCB 16 digit,Kimberly Juarez,180098327238495,653,12/28
4450,JCB 16 digit,Jasmine Castillo,6011057549469587,398,04/32
4451,Mastercard,Nathan Yang,3579905328865287,045,02/31
4452,Discover,Laura Turner,6558601508644901,162,11/35
4453,VISA 13 digit,Linda Olson,4926807869340746,994,09/28
4454,VISA 16 digit,Emily Holland,4442152239528794,981,07/29
4455,JCB 15 digit,Benjamin Holden,676371534782,657,05/30
4456,VISA 16 digit,Jose Smith,4920886506731422739,137,03/31
4457,VISA 16 digit,Brittany Wilkins,2255814350873511,025,09/27
4458,Mastercard,Benjamin Jones,6500674245547264,392,03/34
4459,Maestro,Carolyn Jefferson,6538853766303705,793,10/28
4460,VISA 16 digit,Chad Smith,4131375905519,691,11/27
4461,VISA 16 digit,Jessica Martinez DVM,3540354319480788,414,03/27
4462,JCB 16 digit,Angela Evans,2259679011940686,492,10/35
4463,VISA 19 digit,Marissa Park,4036198578205487819,467,05/27
4464,Mastercard,David Sawyer,4222021756780029,2732,09/27
4465,JCB 16 digit,Shannon Vazquez,4487740613814272282,744,07/34
4466,JCB 16 digit,Nathan Anderson,630434081851,677,07/28
4467,American Express,Angela Steele,372149799264069,726,03/31
4468,JCB 16 digit,Stacy Wilson,4951312448046,223,01/31
4469,JCB 16 digit,Derrick Lewis,6011446928972065,226,09/30
4470,Discover,Ronald Montgomery,060475616060,722,03/33
4471,JCB 15 digit,Joseph Lopez,6011519878293433,653,02/31
4472,JCB 15 digit,Gina Lane,5566684061639924,859,08/30
4473,VISA 19 digit,Scott Yates,502045776320,040,02/34
4474,Mastercard,Gary Campbell,3596291273983428,405,03/28
4475,JCB 16 digit,Jason Baker,6584469519598716,846,07/29
4476,VISA 16 digit,Aaron Taylor,342216619870172,493,10/28
4477,American Express,Anna Scott,378146226854581,775,03/27
4478,VISA 16 digit,Darius White,4723685579792,806,07/29
4479,Maestro,Adam Ingram,6517818415888674,148,07/33
4480,Mastercard,Robert Li,3501728492780014,413,08/33
4481,VISA 19 digit,Stephanie Gallagher,4948856705419,722,10/30
4482,JCB 16 digit,John Holmes,30171848435171,033,01/31
4483,Discover,Henry Morrison,575395682082,773,12/28
4484,Diners Club / Carte Blanche,Adam Daniel,676244196470,9086,11/26
4485,Discover,Craig Mccann,30326528571634,878,06/33
4486,VISA 16 digit,Jennifer Perez,6520625394073714,593,03/34
4487,Diners Club / Carte Blanche,Kimberly Gray,180022776499127,562,09/26
4488,Discover,Jeffrey Hill,4120687843803199,174,01/36
4489,JCB 16 digit,Patrick Sheppard,4579393299915894,087,06/33
4490,VISA 16 digit,Victoria Frey,4167470944813889758,074,10/35
4491,American Express,Laura Miller,30580194260084,577,10/31
4492,VISA 16 digit,Bradley Hawkins,676248477843,057,12/30
4493,JCB 16 digit,John Levine,372647902773009,735,08/34
4494,Mastercard,Sierra Arias,345204563460726,162,05/32
4495,VISA 16 digit,George Gray,340401625572242,599,09/28
4496,JCB 15 digit,Jane Mitchell,501894226312,396,01/36
4497,Maestro,John Johnston,4720747532497010,307,06/35
4498,JCB 16 digit,Holly Morgan,3594808531680066,347,07/26
4499,VISA 13 digit,Stephen Webster,377364130521144,870,05/26
4500,JCB 16 digit,Michael Scott,4031866328360176,874,06/29
4501,VISA 16 digit,Kyle Bowers,180019235806272,326,04/31
4502,VISA 16 digit,Steven Johnson,4655375113744920,874,01/28
4503,American Express,Alan Woodard,180025676120669,044,10/26
4504,VISA 19 digit,Jacqueline Boyd,30510801432628,775,05/34
4505,VISA 19 digit,Robert Vasquez,6011324296096835,474,12/33
4506,American Express,Ashley Tapia,4838107966862,045,07/27
4507,JCB 15 digit,Lisa Taylor,30472918601993,392,03/30
4508,Maestro,Christopher West,4719861728344275,953,12/28
4509,Mastercard,Leslie Smith,3508905147693361,957,10/29
4510,Diners Club / Carte Blanche,Tracy Miller,4846681217998985,895,09/32
4511,JCB 16 digit,Lindsay Brown,4996374616391558364,206,04/26
4512,JCB 15 digit,Casey Mathews,370545853284681,081,02/35
4513,VISA 16 digit,Kenneth Rodriguez,3516795451570374,698,07/31
4514,VISA 19 digit,Jennifer Ellis,4689313989537719157,754,09/31
4515,Mastercard,Allison Jackson,6011834682944141,502,07/31
4516,VISA 16 digit,Brett Winters,180009152248525,794,07/30
4517,VISA 13 digit,John Rodriguez,213144270885287,163,01/28
4518,VISA 16 digit,Selena Skinner,6011918350031057,430,04/32
4519,Diners Club / Carte Blanche,Cathy Kelly,6551899440752363,557,08/34
4520,American Express,Julian Taylor,6514754467915474,746,12/31
4521,Discover,Michelle Tyler,3581463279842265,457,07/29
4522,VISA 16 digit,Diane Bradley,30198772897639,697,05/28
4523,VISA 16 digit,Ronald Lawson,6518793707496602,503,12/33
4524,Diners Club / Carte Blanche,Jennifer White,213130424156493,873,01/33
4525,JCB 16 digit,Cheyenne Berry,3580381368743320,268,09/32
4526,JCB 16 digit,Lauren Jones,3576064551074283,844,01/31
4527,VISA 13 digit,Jesse Melton,4859005915611811,118,08/32
4528,JCB 16 digit,Karen Dyer,3538366111618443,000,09/29
4529,Discover,Tyrone Walton,2633773883005483,341,07/30
4530,JCB 16 digit,Mr. Christian Garcia,3501394097501220,642,06/35
4531,VISA 19 digit,Kristie Mahoney,4929572281888578697,527,08/30
4532,VISA 16 digit,Chelsea Glass,4499496446257964847,096,09/30
4533,Discover,Jennifer Coleman,4637859412181101,8761,07/35
4534,JCB 16 digit,Eric Palmer,30105783652853,425,10/32
4535,JCB 15 digit,Cody Martin,4811459897706247,596,04/27
4536,VISA 19 digit,Jacob Skinner,4511116918923,412,01/27
4537,JCB 16 digit,Jason Fisher,060435357615,780,06/27
4538,Diners Club / Carte Blanche,Christopher Walker,4203532069673142467,279,06/29
4539,American Express,Melissa Green,6564093811023845,891,02/33
4540,VISA 16 digit,Andrew Henson,4125944137495824898,037,11/34
4541,JCB 16 digit,Thomas Sanchez,4719550626308603,737,09/26
4542,Diners Club / Carte Blanche,Julie Santiago,6011357804029575,688,05/31
4543,Discover,Michael Reynolds,4596119759698604396,656,05/29
4544,VISA 19 digit,Paul Obrien,4324894288968,018,04/34
4545,VISA 19 digit,Mary Brown,30552565661059,993,02/27
4546,American Express,Amber Kim,4520270191201831,184,08/29
4547,JCB 15 digit,Jose Ramirez,639044278526,707,03/34
4548,JCB 16 digit,Wesley Tyler,4409748003929539,389,11/35
4549,Maestro,Jaime Browning,4477703546803821,421,02/35
4550,VISA 13 digit,Sandy Gonzalez,377436523693779,273,03/35
4551,American Express,Stephanie Price,6507668288349912,526,08/33
4552,Diners Club / Carte Blanche,Alex Williams,4322477032681358,355,09/31
4553,American Express,Stacey Harrison,3588717653751738,951,03/31
4554,JCB 15 digit,Angela Ramirez DVM,3586965724174701,448,01/36
4555,VISA 19 digit,Jeffrey Campbell,3539818013474142,034,08/27
4556,Mastercard,William Sherman,3591730881186010,9457,11/29
4557,Discover,Autumn Gonzalez,4710527415464527260,390,07/35
4558,Mastercard,Robert Hill,6011745953251505,683,10/31
4559,VISA 13 digit,Jason Davis,6011688353572353,072,10/29
4560,JCB 15 digit,Ashley Martin,6011119134435710,824,12/27
4561,Mastercard,Valerie Swanson,4331630099872,243,12/29
4562,VISA 19 digit,Carolyn Garner,4416052070909677,431,07/33
4563,Mastercard,Matthew Winters,6011290391209088,360,08/29
4564,VISA 16 digit,Jeremy Foley,502050193007,336,08/35
4565,Maestro,Brandon Shaffer,180081632691228,804,02/29
4566,Diners Club / Carte Blanche,Dean Leon,6514775149423041,722,04/28
4567,Discover,Margaret Pierce,340597819679022,310,06/27
4568,JCB 15 digit,Marcus Lambert,3516314388204196,926,02/31
4569,Discover,Lisa Ward,30539794951195,600,04/34
4570,VISA 19 digit,Stephanie Kelley,180087950217637,626,06/35
4571,VISA 16 digit,Rita Carroll,676361538561,052,04/35
4572,VISA 16 digit,Ryan Harris,4342656347111573519,227,12/28
4573,VISA 16 digit,Daniel Ortiz,4494164213812,038,12/28
4574,JCB 16 digit,Diana Sosa,4933008974516624,4503,03/35
4575,Maestro,Joseph Richardson,2720657709372694,323,12/35
4576,Diners Club / Carte Blanche,Mike Williams DDS,379480007959254,877,02/34
4577,JCB 15 digit,Paul Lewis,503896319020,406,05/26
4578,Diners Club / Carte Blanche,Shelby Mccoy,3581441441894943,169,12/28
4579,Discover,James Hall,3522628849257895,373,08/27
4580,VISA 19 digit,Pamela Lucero,4282676161601239471,752,12/31
4581,VISA 16 digit,Kelly Tate,675949387434,7025,05/34
4582,American Express,Joseph Riley,4246986246172601,540,05/29
4583,Mastercard,Scott Sanchez,6011544903659283,999,12/33
4584,VISA 16 digit,Melissa Flores,4683638549228628,379,01/27
4585,VISA 16 digit,Kenneth Mercer,4593138335492,796,09/30
4586,Maestro,Bobby Shah,4869120812838464219,243,04/34
4587,VISA 13 digit,Eric Hunt,30454126039182,511,07/28
4588,VISA 19 digit,Matthew Cunningham,676106214155,535,08/32
4589,Maestro,Scott Arroyo,4933647360030201,881,09/30
4590,Diners Club / Carte Blanche,Ashley Perry,4148489321120373785,923,06/26
4591,VISA 16 digit,Robert Bryant,38450984679178,503,02/26
4592,VISA 19 digit,Donna Williams,4934586076750,977,10/33
4593,JCB 15 digit,Amber Jordan,180098727323525,314,05/27
4594,VISA 13 digit,Andrew Smith,4801163331530187,657,01/33
4595,Maestro,Joseph Jenkins,676136626956,597,07/35
4596,VISA 19 digit,Frank Hart,675966339037,796,09/32
4597,JCB 15 digit,Daniel Hill,4515267550203,785,02/33
4598,JCB 16 digit,John Henderson,6011833159433174,742,02/29
4599,JCB 15 digit,Dominique Williams,30382647338462,463,05/29
4600,VISA 19 digit,Tanya Reyes,639061966011,950,04/26
4601,JCB 16 digit,Kimberly Peters,4987806317998978,579,02/34
4602,JCB 15 digit,Thomas Herrera,3540093383004237,9015,10/32
4603,Discover,Brianna Rowe,30247479824428,248,06/28
4604,JCB 16 digit,Jennifer Bolton,370660104236925,1980,03/35
4605,Diners Club / Carte Blanche,Cassandra Hunter,30085804358617,812,05/28
4606,Maestro,Christopher Savage,6522589843081967,725,11/31
4607,VISA 16 digit,Elijah Carson,3596771337155832,332,05/33
4608,Diners Club / Carte Blanche,Mark Ortiz,2700779829405172,664,02/28
4609,VISA 16 digit,Ernest Colon,4250007605642,120,02/28
4610,JCB 16 digit,Katherine Montgomery,2369096817841512,474,09/26
4611,JCB 16 digit,Corey Bates,38898185278838,695,10/34
4612,VISA 16 digit,Dennis Jackson,342408242018093,459,07/29
4613,Mastercard,Zachary Hammond,4465567692396417,3833,03/30
4614,VISA 16 digit,Sonia Riggs,4358816266587,3293,06/32
4615,VISA 16 digit,Ariel Ray,30232197894119,465,08/35
4616,VISA 19 digit,Dennis Lester,30428641253361,847,05/28
4617,VISA 16 digit,Mrs. Pamela Martin PhD,371469270877242,539,03/34
4618,VISA 16 digit,Lori Riddle,4999702807915521,636,03/31
4619,VISA 19 digit,Nathaniel Johnson,4509422602192807658,253,10/31
4620,Maestro,Holly Gonzalez,6011044772887990,948,08/30
4621,JCB 16 digit,Fernando Cook,3586962669771245,724,03/28
4622,JCB 15 digit,Rhonda Rogers,4773632788021879790,702,02/30
4623,JCB 16 digit,April Wilson,2318455732854848,5967,06/33
4624,Discover,Beth Patrick,4260716941394395,583,01/33
4625,VISA 13 digit,David Kennedy,30359148219524,793,05/32
4626,Discover,John Summers,3520769590628421,003,10/27
4627,Maestro,Clifford Wright,2699281479258830,468,06/31
4628,VISA 16 digit,Danielle Franco,6558544217777226,177,01/35
4629,VISA 13 digit,Tiffany Carter DDS,2631137700391421,930,05/27
4630,VISA 16 digit,Steven Price,4225957790656805395,236,10/26
4631,VISA 16 digit,Kevin Garcia,6011608297549416,239,02/28
4632,Mastercard,Benjamin Soto,4538793484810538332,264,04/34
4633,JCB 16 digit,Thomas Hartman,3514932295199795,536,09/30
4634,Discover,Tina Cole,4205906310874998,627,10/35
4635,American Express,Steven Garcia,2426952835520523,7207,04/31
4636,VISA 13 digit,Billy Williams,6011118980598597,921,11/27
4637,JCB 16 digit,Linda Ramos,3598638326795589,939,08/28
4638,Mastercard,Margaret Williams,2405090677600742,184,11/28
4639,JCB 16 digit,Ronald Mcknight,30527320455278,846,03/27
4640,VISA 16 digit,Lisa Young,3570955810106616,541,08/32
4641,VISA 13 digit,Cheryl Mclaughlin,4451082498024,478,03/29
4642,Mastercard,Stephanie Brown,4295671873893,981,04/26
4643,VISA 13 digit,Olivia Brock,4760300013633,065,10/28
4644,Diners Club / Carte Blanche,Anthony Moreno,5239255214690705,867,07/31
4645,JCB 15 digit,Kayla Fletcher,213161240775612,260,04/26
4646,VISA 16 digit,Jose Collins,581862658274,957,09/33
4647,Discover,Amanda Mccann DDS,213172124341835,575,07/29
4648,Maestro,Cassandra Sandoval,6011273348885614,7845,02/29
4649,JCB 16 digit,Jeffery Hale,4699665486419358264,817,06/30
4650,Discover,Willie Castaneda,503867153739,984,06/30
4651,VISA 16 digit,Brian Thornton,4240607251618536662,818,05/35
4652,JCB 15 digit,Lindsey Rodriguez,180067841590087,2413,05/26
4653,Maestro,Cody Moss,2281407114811683,034,12/35
4654,JCB 16 digit,Sara Adams,38936002049774,703,04/27
4655,American Express,Stephanie Jones,3554415510855343,316,03/32
4656,American Express,Andrea Curry DDS,2713164485806325,545,03/34
4657,JCB 16 digit,Sarah Summers,501828108115,598,05/28
4658,JCB 16 digit,Jason Hall,4636390374020,776,04/34
4659,JCB 16 digit,Gina Santos,36924542419899,530,06/33
4660,Discover,Wanda Hudson,676382641337,082,03/27
4661,Diners Club / Carte Blanche,John Edwards,4937543279541113,294,11/27
4662,JCB 15 digit,Lynn Smith,2707168629597102,418,05/34
4663,Mastercard,Joseph Jones,180014600379955,277,08/29
4664,VISA 16 digit,Angela Dawson,5375704416375056,238,11/33
4665,VISA 16 digit,Alexis Rojas,3526211101237537,648,03/27
4666,Mastercard,Douglas Blevins,377358315921426,343,06/33
4667,Diners Club / Carte Blanche,Christopher Joseph,676365253811,045,08/33
4668,JCB 15 digit,Lisa Sims,6011488164709447,340,04/27
4669,VISA 13 digit,Lisa Murphy,3555311117923676,577,09/30
4670,Diners Club / Carte Blanche,Joseph Oliver,2471910519058883,032,08/33
4671,JCB 16 digit,Kristen Wheeler,343032854884300,936,09/27
4672,JCB 15 digit,Christine Kelly,4097771410448,369,06/32
4673,VISA 19 digit,John Martinez,2251340755017011,468,06/27
4674,VISA 19 digit,Brandon Cook,3533194441407252,006,01/28
4675,JCB 15 digit,Lisa Kennedy,213101040963943,256,03/30
4676,JCB 15 digit,Teresa Delgado,3524845391353991,392,02/29
4677,JCB 16 digit,John Schultz,4828534089529644583,314,01/29
4678,American Express,Shelby Smith,3531924554622418,706,08/31
4679,VISA 13 digit,Raymond Miller,2571858002439558,141,05/27
4680,Maestro,Mackenzie Zamora,4069416659334385,998,05/26
4681,American Express,Kelly Little,36649952071191,235,12/32
4682,Diners Club / Carte Blanche,Christina White,4394643035568055414,110,08/28
4683,VISA 16 digit,Elizabeth Willis,340611807776417,3618,02/30
4684,Diners Club / Carte Blanche,James Brown,585786176149,203,01/27
4685,Mastercard,Crystal Rose,6011756221891717,7422,07/28
4686,American Express,Michelle Lopez,213189658335579,5520,02/26
4687,VISA 13 digit,Robert Dawson,3597731679576382,1263,07/30
4688,VISA 19 digit,Kelly Tapia,346980477732743,467,10/26
4689,VISA 13 digit,Andrew Dillon,3570994358057204,374,07/31
4690,Maestro,Curtis Miller,6566901372076879,189,08/26
4691,JCB 16 digit,Angela Warner,3584383624431555,322,06/28
4692,American Express,John Gonzalez,4817787255265479,927,04/33
4693,JCB 16 digit,Gabriel Wilson,375378491606551,485,05/33
4694,VISA 13 digit,Bernard Black,2641648851250941,092,11/35
4695,VISA 13 digit,Alexander Lopez,4035563879834438,402,03/27
4696,VISA 19 digit,Daniel Huang,180005350906716,926,11/29
4697,JCB 16 digit,Christina Ramirez,3546253427322003,916,11/33
4698,JCB 16 digit,James Wilson,6545811427035240,963,12/31
4699,VISA 16 digit,William Parker,3582152506733129,541,03/30
4700,Diners Club / Carte Blanche,Abigail Roberts,2271683155311948,335,10/33
4701,JCB 16 digit,Candace Jacobs,4830003612816285030,977,12/33
4702,VISA 16 digit,Eric Friedman,6513347904921345,274,09/33
4703,JCB 16 digit,Jacob Kennedy,502061880709,404,12/32
4704,VISA 13 digit,Crystal Gregory,2234606450878325,955,05/31
4705,Discover,Steven Howard,213144260341713,260,05/33
4706,JCB 15 digit,Caitlin Pratt,3577873399742060,094,08/33
4707,VISA 16 digit,Miguel Garcia,4326206734803,345,10/31
4708,JCB 15 digit,Brianna Banks,2588532779398054,783,01/31
4709,JCB 15 digit,Robin Vargas,4389270875571,099,05/28
4710,VISA 13 digit,Regina Bennett,30420444140366,589,06/34
4711,JCB 15 digit,Melissa Wright,3528681793070032,083,12/32
4712,JCB 16 digit,Brittany Jackson,4483535418002112,261,04/31
4713,JCB 16 digit,Eric Arroyo,30308893289018,551,06/32
4714,Diners Club / Carte Blanche,Frederick Romero,374936475828490,138,06/32
4715,Discover,Jody Cook,4228752270891496,399,11/26
4716,American Express,Hannah Williams,4836043400354835,446,04/30
4717,JCB 15 digit,Robert Nunez,3550184170758353,637,12/35
4718,Discover,Robert Knight,3505776361656019,0763,05/30
4719,JCB 15 digit,Gail Bailey,584334628545,518,11/28
4720,Discover,Hector Parker,213148871726345,217,03/32
4721,Mastercard,Caitlyn Washington,3535293565574489,684,09/29
4722,VISA 16 digit,Dominic Todd,4726995989789595,817,03/29
4723,JCB 16 digit,Anthony Garcia,4674875719808810,488,05/29
4724,Diners Club / Carte Blanche,Amy Miller,3595604097424513,9832,04/31
4725,VISA 13 digit,Jacqueline Ballard,4252219900866867,788,02/32
4726,JCB 16 digit,Michael Mejia,4372809976224028,416,06/32
4727,JCB 16 digit,Andrew Mcgrath,213110077108835,6513,11/26
4728,JCB 15 digit,Richard Schmidt,2720967558320201,825,07/34
4729,American Express,Daniel Rich,2255853678205626,659,03/31
4730,VISA 16 digit,Matthew Chavez,213161297239488,252,05/27
4731,JCB 15 digit,Sean Moody,4675358638773539,784,08/32
4732,JCB 16 digit,Brian Callahan,2544444676487134,295,06/30
4733,VISA 19 digit,Alex Cook,4686632862128769,400,09/34
4734,VISA 19 digit,Michael Calderon,3524442808290980,070,03/28
4735,Diners Club / Carte Blanche,Joseph Clark,4550038663290092,198,11/31
4736,VISA 19 digit,Kenneth Hernandez,2248247582606880,351,02/32
4737,JCB 16 digit,Sarah Bailey,180053264582116,797,11/28
4738,VISA 16 digit,Joshua Thornton,30529505862898,656,10/27
4739,Mastercard,Lauren Carter,3548798554775512,932,07/31
4740,JCB 15 digit,Kristen Harmon,6011641585913507,003,09/34
4741,VISA 19 digit,Wanda Pittman,563441239958,621,09/32
4742,American Express,Rachel Snow,3542371725448074,4980,03/33
4743,Maestro,Mary Bailey,4269291600763222363,463,06/29
4744,Diners Club / Carte Blanche,Gene Gregory,560588408313,016,12/30
4745,VISA 16 digit,John Solis,4905687366590401593,195,06/30
4746,Diners Club / Carte Blanche,James Beck MD,3571368559910199,751,01/35
4747,Discover,Rebecca Cunningham,341208803462495,984,09/34
4748,VISA 16 digit,Warren Martinez,571456619600,825,05/31
4749,JCB 16 digit,Kenneth Ryan,180027556164445,871,12/32
4750,Diners Club / Carte Blanche,Haley Grimes,180010524977643,684,03/29
4751,VISA 16 digit,Jeremy Bradford,341337617945575,401,04/33
4752,VISA 16 digit,Debbie Molina,180003477646323,947,01/29
4753,JCB 16 digit,Darlene Kennedy,4697598009898053622,844,10/30
4754,Discover,Robert Baker,4730352045018607,955,10/27
4755,Mastercard,Stephanie Pope,180031663782065,076,03/26
4756,Discover,Brittany Gregory,4400958783134379,243,05/35
4757,VISA 13 digit,Casey Miller,346945335041462,791,07/27
4758,VISA 16 digit,Kelly Baker,180068690487896,217,06/29
4759,Discover,Jason Jenkins,213112671248827,733,07/29
4760,American Express,Brenda Wise,4201359677594474,530,01/29
4761,VISA 19 digit,Stacy Wagner,375226420438622,820,11/32
4762,JCB 15 digit,Phyllis Gomez DDS,6011263363563352,162,01/27
4763,JCB 16 digit,Erin Strickland,4282935098151838,031,07/30
4764,American Express,Paige Scott,3586282374286656,395,07/30
4765,JCB 16 digit,Crystal Summers,6011484680407517,897,09/29
4766,VISA 16 digit,Carmen Parks,4905380839761768,698,08/27
4767,VISA 16 digit,Robert Ellis,3587655573989239,882,06/32
4768,VISA 16 digit,Mike Nelson,4553045024068874,635,02/34
4769,Maestro,Steven Doyle,342615800750491,413,01/33
4770,Diners Club / Carte Blanche,David Green,3502886884494708,524,07/35
4771,VISA 16 digit,Kristen Novak,6011375820006351,672,07/28
4772,VISA 16 digit,Adam Turner,4562265945040716,870,06/29
4773,Maestro,April Blevins,4858808195635371,521,04/26
4774,Maestro,Ashley Johnson,3554542184327224,955,07/26
4775,Diners Club / Carte Blanche,Jose Alvarez,4084986254528813141,784,05/35
4776,Maestro,Heidi Brooks,3548385614297123,635,03/35
4777,VISA 16 digit,Mrs. Danielle Steele,6011235117357851,4392,08/29
4778,VISA 13 digit,Matthew Barnes,4704781329312553,292,03/27
4779,JCB 16 digit,Kara Harrison,213166084258211,235,03/35
4780,VISA 16 digit,Kristina Gomez MD,375970369543062,289,09/35
4781,JCB 16 digit,Philip Brown,213147808294799,853,09/30
4782,American Express,Melissa Christensen,347469375958609,747,01/28
4783,American Express,Gary King,4173003815658692,422,03/30
4784,Discover,Dorothy King,374130342004945,978,05/30
4785,JCB 15 digit,Kimberly Rodriguez,180001345917751,659,11/28
4786,VISA 16 digit,Douglas Jones,4971522323157503,951,09/27
4787,Mastercard,Erika Chen,3529719199344749,877,01/32
4788,Diners Club / Carte Blanche,Rebecca Hoover,371920111735247,494,03/34
4789,American Express,Alexander Jones,4494788792724358,797,01/36
4790,Mastercard,Rachel Conner,5267154552416192,6088,01/31
4791,JCB 16 digit,Kaitlyn Lynch,3597018263745189,782,03/34
4792,VISA 19 digit,Sara Lane,30598447067197,475,04/30
4793,VISA 13 digit,Jessica Smith,3581859365560549,927,12/33
4794,JCB 16 digit,Jeffrey Smith,4771837035153914111,801,02/32
4795,Diners Club / Carte Blanche,Thomas Yu,2537265000745726,656,05/29
4796,Mastercard,David Woodard,4432770718302411778,982,08/32
4797,Maestro,Nicole Freeman,3531416963036678,414,09/34
4798,American Express,Brandon Ortega,30511265237222,2459,03/32
4799,JCB 16 digit,Ronnie Brown,5543221973220788,650,01/36
4800,JCB 16 digit,Mrs. Lindsey Burns,4861082146516,461,07/33
4801,American Express,John Hall,180032744517066,648,06/30
4802,Mastercard,Jared Long,4692766304885,575,07/29
4803,Discover,Nicole Hall,502014116839,655,03/26
4804,VISA 19 digit,Jennifer Ramirez DDS,4302656231186,766,07/29
4805,American Express,Ross Cruz,4852893561266,582,12/28
4806,JCB 16 digit,Brian Huang,180021670025269,6141,02/35
4807,JCB 16 digit,Justin Hamilton,4441758557984061,476,08/34
4808,VISA 16 digit,Barbara Marshall,4070974961667162,035,06/28
4809,Discover,Stacy Shaw,370653256751429,877,03/29
4810,VISA 16 digit,Karen Nelson,2715096286957055,077,08/30
4811,VISA 16 digit,Jerry Taylor,4291602015394722,508,10/35
4812,VISA 16 digit,Joan Howard,4220699673042,711,11/30
4813,VISA 16 digit,Monique Cooke,501863699705,912,11/33
4814,VISA 19 digit,Whitney Reynolds,342197819628034,938,01/30
4815,JCB 16 digit,Alicia Henry,30337963858972,052,08/35
4816,VISA 16 digit,Cassandra Gray,4221505400521,115,07/26
4817,VISA 13 digit,Laura Reyes,2706971613381016,101,10/34
4818,Maestro,Tyler Saunders,4541073349218,907,12/30
4819,VISA 19 digit,Keith Jennings,213135549603501,233,10/27
4820,JCB 16 digit,Hannah Solis,4999983155161071131,656,09/26
4821,Discover,Peter Clark,213169652328093,050,03/30
4822,JCB 15 digit,Maria Young,213164745677838,707,09/33
4823,VISA 16 digit,Michael Edwards,30341421245319,944,05/26
4824,Diners Club / Carte Blanche,Holly Carpenter,4995462889989233,465,11/26
4825,VISA 16 digit,Annette Gonzalez,6507548298735864,1966,03/27
4826,VISA 16 digit,Tracy Brown,586409853379,795,06/29
4827,JCB 16 digit,Amy Farrell,213154386174898,112,12/28
4828,VISA 16 digit,Heather Davis,4269554224768790,079,01/27
4829,American Express,Alicia Williams,2229154356613998,778,07/30
4830,VISA 16 digit,Cameron Anderson,180023552814893,809,07/31
4831,JCB 16 digit,Alejandra Tucker,675909936238,299,06/27
4832,VISA 19 digit,Stacy Saunders,373119117814050,574,10/26
4833,Maestro,Allison Sweeney,3521115961273836,301,12/28
4834,Maestro,Sabrina Roberson,4828278483831008,960,05/31
4835,VISA 16 digit,Nicholas Kemp,213154017248814,349,06/27
4836,Discover,Eric Mendoza,30399450497433,501,03/27
4837,Diners Club / Carte Blanche,Eric Kaiser,4874941362564858,922,03/27
4838,Diners Club / Carte Blanche,Michael Hall,4740006601231184959,367,10/27
4839,JCB 15 digit,Marisa Robinson,4699651448461010,553,01/33
4840,VISA 13 digit,Rachel Kerr,3503951489894527,858,12/35
4841,JCB 16 digit,Cindy Myers,4516186916953090,621,08/33
4842,VISA 16 digit,Daniel Ayers,4750078078538,136,09/30
4843,JCB 16 digit,Charles Newton,4298380891404,822,08/28
4844,Maestro,Jason Ho,2283397738741705,922,09/30
4845,JCB 15 digit,Justin Gould,348398491595780,822,05/35
4846,JCB 16 digit,Kevin Cruz,4041619157114562,524,01/34
4847,Maestro,Emily Garcia,30491375809048,601,06/33
4848,Diners Club / Carte Blanche,Arthur Marshall,4227785124598686,182,08/30
4849,Discover,Kenneth Lopez,4711802939937406,943,07/29
4850,VISA 13 digit,Tammy Gutierrez,4733873434753477,0171,01/29
4851,Diners Club / Carte Blanche,Morgan Marquez,4531218458840152,148,11/30
4852,Maestro,Ariana Phillips,373738292947607,752,01/28
4853,JCB 15 digit,Jennifer Waller,4431854365005442014,097,01/33
4854,JCB 16 digit,Zachary Gomez,38388769312740,755,06/26
4855,JCB 16 digit,Robert Castro,3597006264952193,657,05/26
4856,JCB 16 digit,Dale Morris,3552239401326665,779,06/28
4857,Mastercard,Lauren Moore,3531722883761158,1904,04/34
4858,Discover,Michael Cowan,30027498547576,905,12/32
4859,VISA 16 digit,Anna Villa,4347506523456,995,05/32
4860,VISA 16 digit,Deborah Thomas,6011376334897699,211,07/35
4861,American Express,Patrick Hancock,30318190991471,163,11/35
4862,Mastercard,Christine Wu,30513442423212,340,12/27
4863,Mastercard,Travis Bates,3553385462016049,333,07/35
4864,JCB 16 digit,Michael Fernandez,180077662622471,167,04/35
4865,Maestro,Andrew Lambert,4574399850802449790,865,01/33
4866,JCB 16 digit,Ian Mcclure,639051828239,274,10/32
4867,VISA 13 digit,Katie Clark,2230447752675075,905,11/34
4868,Diners Club / Carte Blanche,Timothy Maldonado,30057442545004,635,02/26
4869,Maestro,Dawn Acevedo,3545101558150415,245,11/35
4870,JCB 16 digit,Cynthia Cruz,4229004331591990177,832,06/31
4871,American Express,Hunter Silva,501806543192,288,10/30
4872,Diners Club / Carte Blanche,Jason Brown,30059627048812,1087,01/33
4873,American Express,Monica Bass,4306079508142756,7380,05/35
4874,VISA 16 digit,Jennifer Thomas,4864762578828041820,583,07/31
4875,VISA 16 digit,David Hansen,4996498847456591,8348,03/26
4876,Maestro,Craig Burton,180032332193320,932,05/35
4877,American Express,Brian Bell,4961242417235,6605,12/31
4878,JCB 16 digit,Beverly Riley,4227512315206,370,05/33
4879,Maestro,Michael Reynolds,503877942378,942,10/27
4880,Maestro,Alicia Richardson,4398244368358727148,615,04/30
4881,Mastercard,Anna Graham,4901130091320827,6763,11/26
4882,American Express,Derek Foster II,4367624327666356,360,09/29
4883,JCB 15 digit,Olivia Sanchez,4133714438038,893,09/27
4884,Discover,Pamela Mendez,3579477583829101,9098,11/30
4885,Discover,Lisa Curtis,3567301487199557,355,05/26
4886,JCB 16 digit,Matthew Barber,4278196187557064,789,03/31
4887,American Express,David Knapp,344682526388731,553,08/30
4888,American Express,Gilbert Murphy,4365947545159454,388,07/31
4889,Discover,April Trujillo MD,6011513879991822,542,01/27
4890,Mastercard,Alexander Murillo,4118116425759458348,480,03/34
4891,Discover,Lisa Perry,3529857539916683,300,02/34
4892,Discover,Nicholas Hernandez,6011487828519317,438,12/28
4893,JCB 16 digit,Lindsay Johnson,4270587120181475,991,01/33
4894,Maestro,Debbie Juarez,4724384850839539652,206,10/34
4895,JCB 16 digit,Erika Chen,3576098730843515,131,04/34
4896,VISA 16 digit,Kimberly Taylor,378676489362633,628,05/27
4897,VISA 16 digit,Jasmine Smith,4001729727598,022,08/34
4898,Discover,Joshua Davis,30096797212638,251,02/34
4899,Diners Club / Carte Blanche,Sarah Benjamin,4339093323023094669,116,12/32
4900,Mastercard,Bryan Nelson,4788812249791,878,10/34
4901,VISA 13 digit,Patricia Rojas,4577794921935,119,05/32
4902,JCB 16 digit,Joseph Best,180057914623410,304,03/28
4903,Mastercard,James Norris,30531226185351,819,09/28
4904,Maestro,Timothy Andersen,6011800410085879,568,06/34
4905,Maestro,Nicholas Hayes,30106458304879,948,08/27
4906,Maestro,Nicholas Richard,180015981340755,9909,09/26
4907,VISA 19 digit,Dr. Jason Rodriguez,180056608003715,756,06/28
4908,VISA 16 digit,Darren Cooper,347154493328212,641,11/30
4909,JCB 16 digit,Julie Walker,4924262708068144,673,12/33
4910,American Express,Adam Bautista,573466774490,849,12/31
4911,Discover,Julia Morales,503806450378,487,05/35
4912,Diners Club / Carte Blanche,Christina Drake,3561521268935665,8342,06/28
4913,American Express,Danielle Walters,30555613491403,3920,03/33
4914,JCB 16 digit,Christy Young,30575451268648,962,01/36
4915,VISA 19 digit,Corey Dyer,3539836610151228,335,12/30
4916,Mastercard,Tonya Brown,6571961919643915,278,11/31
4917,VISA 16 digit,Veronica Bates,4742955003687043,292,05/27
4918,American Express,Zachary Morrow,4996471085109206,362,10/35
4919,Maestro,James Miller,38494590501376,632,07/35
4920,VISA 13 digit,Parker Schmidt,3545945470998149,511,04/35
4921,Mastercard,Derek Butler,2235693075876578,348,03/29
4922,JCB 15 digit,Joseph Smith,347586713005171,870,02/35
4923,VISA 19 digit,Jack Fowler,4296063711497472,477,06/35
4924,VISA 16 digit,George Conway,2266535646140236,947,04/26
4925,JCB 16 digit,Nancy Hall,6011878091034630,547,02/35
4926,Maestro,Russell Jackson,4631392377982159192,743,07/32
4927,JCB 16 digit,Jeffrey Atkins,30439815138536,119,09/32
4928,JCB 16 digit,Anthony Young,378140457702122,579,07/33
4929,American Express,Brittany Mcgrath,585054635750,372,02/31
4930,VISA 16 digit,Pamela Monroe,373013991110935,326,08/35
4931,JCB 16 digit,Mary Nelson,2253066003918548,132,12/27
4932,American Express,David Cook,180083065636456,685,05/35
4933,VISA 13 digit,James Gray,4295059125742,138,03/32
4934,Diners Club / Carte Blanche,Stephanie Sanchez,6011327459744174,705,04/32
4935,American Express,Brent Rowland,060414194476,440,02/35
4936,Diners Club / Carte Blanche,David Taylor,6011479470968496,585,02/32
4937,JCB 15 digit,Matthew Thompson,060409744889,785,08/31
4938,JCB 16 digit,Mary Proctor,4787517555617210,281,03/30
4939,Mastercard,Claudia Howell,4955598226889175444,033,05/29
4940,VISA 16 digit,Kristin Johnson,6011090977114417,013,01/33
4941,Mastercard,Sandra White,38804404669195,633,12/34
4942,VISA 13 digit,Deanna Martin,4496147687322593207,001,08/34
4943,VISA 16 digit,Elizabeth Smith,340390536059995,864,11/28
4944,American Express,Michelle Velazquez,3586681360148053,927,03/27
4945,VISA 16 digit,Ryan White,376982851773023,348,03/30
4946,VISA 16 digit,Joseph Williams,4968162992222323,077,02/36
4947,JCB 16 digit,James Cline,180023263260287,007,05/29
4948,JCB 16 digit,Megan Montes,3580211070460162,149,01/35
4949,Diners Club / Carte Blanche,Ann Moore,38685259001265,867,01/32
4950,VISA 16 digit,Sandra Brown,213116268614051,408,07/27
4951,JCB 16 digit,Nicole Russell,2229425712350230,347,08/34
4952,American Express,Willie Aguilar,4768000687529556,949,06/35
4953,Maestro,Stacey Lara,4266567824335631,830,02/26
4954,VISA 19 digit,Tammy Lawson,3595689497831466,658,07/28
4955,American Express,Zoe Evans,373807439421113,435,10/28
4956,VISA 16 digit,Penny Lopez,213162475088069,398,03/27
4957,American Express,Rachel Espinoza,4032719900353074174,427,11/28
4958,JCB 15 digit,Eric Lee,4814819157256,302,07/33
4959,American Express,Eugene Goodwin,4069892895180974,195,10/27
4960,VISA 13 digit,Savannah Mccoy,2226743561438622,309,01/29
4961,VISA 16 digit,Nicole Williams,30582414287400,502,06/29
4962,Diners Club / Carte Blanche,Carly Briggs,348327560383786,966,06/32
4963,American Express,Jonathan Bowman,4178848020992764,949,09/35
4964,JCB 15 digit,Andre Allen,6501406234969434,935,01/31
4965,VISA 19 digit,Kevin Riley,2425380724782734,294,08/26
4966,VISA 16 digit,Christopher Carney,3538444541552134,561,11/33
4967,VISA 13 digit,Heather Phillips,3552441504113228,5284,10/27
4968,VISA 13 digit,Christopher Fox,4101796227389,562,06/29
4969,Diners Club / Carte Blanche,Patrick Craig,4273332402361573831,422,07/33
4970,JCB 16 digit,Angela Ellis,4829264478829685,916,08/31
4971,Discover,Jane Long,3559096147948977,406,10/31
4972,JCB 16 digit,Curtis Harris,4381698614534,438,07/33
4973,Mastercard,Kelly Allen,6011693467252405,825,12/29
4974,JCB 16 digit,Amy Hunt,213113555527559,958,02/32
4975,American Express,Doris Lowe,30191646864083,050,12/32
4976,VISA 19 digit,James Edwards,4716471314077,648,04/30
4977,VISA 16 digit,Kimberly Holt,4315797016198973,137,01/27
4978,VISA 16 digit,Wanda Marquez,4857439139177055,766,12/31
4979,JCB 16 digit,James Garcia,30190436096732,406,04/30
4980,Mastercard,David Robinson,4113802478515666191,471,11/30
4981,Maestro,Janet Bennett,38027410713019,830,01/32
4982,JCB 16 digit,Edwin Jackson,4053439770210,110,04/31
4983,American Express,Nicole Richardson,4353953137329,205,04/27
4984,American Express,George Smith,3564427295781345,4736,05/34
4985,JCB 16 digit,Jason Dickerson,4074550457012190,257,02/29
4986,Mastercard,Nicole Sutton,060487196010,438,05/33
4987,JCB 16 digit,Bradley Lara,4560104720681844632,577,08/27
4988,JCB 16 digit,Ebony Taylor,180018602011300,951,05/28
4989,VISA 13 digit,Sabrina Martinez,3585478710204095,890,08/30
4990,JCB 16 digit,Jacob Evans,501831037871,3464,11/35
4991,JCB 16 digit,Jason Martin,4651207061371,635,02/29
4992,Mastercard,Michael Sullivan PhD,3506542836329619,359,03/35
4993,VISA 16 digit,Robert Adams,30583230316993,457,09/29
4994,JCB 15 digit,Pamela Taylor,3550819873076476,1872,12/34
4995,VISA 13 digit,David Carroll,4948618493064340307,697,12/30
4996,VISA 16 digit,Gregory Brady,502093774110,907,10/28
4997,VISA 16 digit,Tina Rice,3546464255482666,920,05/26
4998,VISA 16 digit,Bruce Edwards,4018263554923,373,02/34
4999,JCB 16 digit,Diana Barajas,4498642424802940,226,03/30
5000,VISA 16 digit,Kelly Massey,4143899221921443,615,12/33
5001,VISA 19 digit,Donna Travis,3561973593194205,695,08/28
5002,VISA 16 digit,Amanda Rodriguez,3523732148358096,126,12/26
5003,VISA 16 digit,James Vasquez,2720282814560016,174,11/30
5004,VISA 13 digit,Calvin Hickman,6011843522928321,083,02/33
5005,JCB 16 digit,Oscar Nguyen,2263484319383414,204,04/30
5006,VISA 16 digit,Joe Mendoza,4761555656399,127,12/27
5007,VISA 16 digit,Robert Bailey,4069907225515533709,333,10/34
5008,Diners Club / Carte Blanche,James Travis,6538090687705805,856,06/33
5009,VISA 19 digit,Trevor Smith,6011263477450041,866,10/30
5010,American Express,Wendy King,4972701209992196,572,09/32
5011,VISA 19 digit,Jonathan Davis,213199418954759,359,09/28
5012,VISA 16 digit,Kimberly Greene,213132366590945,9350,08/27
5013,JCB 16 digit,Kimberly Fisher,4515131871861780,401,02/35
5014,Maestro,Victor Campbell,3503995913587207,341,11/29
5015,VISA 16 digit,Lacey Mendez,3565964761140837,172,10/34
5016,JCB 15 digit,Roy Schwartz,4865832720387747,549,11/33
5017,Diners Club / Carte Blanche,James Aguilar,340877911741205,747,03/32
5018,VISA 19 digit,Jamie Welch,4435115750115043693,853,09/29
5019,Maestro,Sheila Miller,3539359101890485,220,03/27
5020,Diners Club / Carte Blanche,Eric Bennett,213175989427706,667,02/34
5021,Diners Club / Carte Blanche,Heather Walker,377312110979378,902,08/27
5022,VISA 13 digit,Darlene Richardson,6535649115608437,898,09/35
5023,JCB 16 digit,Natalie Nicholson,4192525781051,073,01/29
5024,Maestro,Daniel Young,3599490346243276,106,10/32
5025,VISA 13 digit,Alexis Cameron,38365118611527,248,02/28
5026,American Express,Mark Perez,4686485274112966,928,01/36
5027,VISA 19 digit,Robert Hale,3512893216065584,3564,05/27
5028,Discover,Kenneth Williams,180078355144690,583,01/32
5029,Maestro,Elizabeth Lester,30179655572028,287,12/28
5030,JCB 15 digit,Stephanie Munoz,30161385565670,987,11/27
5031,JCB 16 digit,Kara Garcia,3550748995271451,999,03/35
5032,VISA 16 digit,Francisco Holland,4492996444925099,107,08/34
5033,Maestro,Tiffany Reyes MD,30554980120752,801,09/35
5034,Discover,Erica Brewer,3517462154644852,677,08/32
5035,JCB 16 digit,Kimberly Campbell,6596726628567080,477,07/26
5036,JCB 15 digit,Wendy Smith,4456988383130767466,081,08/27
5037,Discover,Catherine Keith,676315602364,796,07/35
5038,American Express,Rebecca Hicks,2252433566185454,763,04/30
5039,Diners Club / Carte Blanche,John Hardy,342869484332395,324,11/26
5040,JCB 16 digit,Kaitlyn Lopez,379840915179263,2989,04/29
5041,VISA 16 digit,Laurie Roberts,4017672253217725862,628,10/26
5042,VISA 16 digit,Casey Johnson,3594654658400932,4939,04/34
5043,Discover,Kayla Rogers,4965431254333,447,08/33
5044,VISA 19 digit,Joseph Fox,3575690860177317,795,09/35
5045,American Express,Joseph Miller,4184809525757132052,815,06/30
5046,Maestro,Angela Chang,2294176833450678,775,11/35
5047,Diners Club / Carte Blanche,Michelle Adams,589249458615,3265,12/32
5048,VISA 13 digit,Barbara Jones,4721153106635,547,03/34
5049,VISA 16 digit,Amy Miller,30475837723046,072,11/33
5050,American Express,Derrick Jones,6011407632925286,394,05/30
5051,Maestro,Jared Shields,30203641053198,126,12/26
5052,Mastercard,Dale Townsend,38514561781515,908,11/34
5053,Diners Club / Carte Blanche,Hailey Pham,4978386070653,880,10/32
5054,JCB 16 digit,Terri Brown DVM,3590523866134191,342,12/28
5055,VISA 19 digit,Kimberly Davis,4924242326960310,905,09/27
5056,VISA 13 digit,Lisa Padilla,4794054340093458,411,08/35
5057,Mastercard,Luke Durham,4945807505161960575,267,12/34
5058,VISA 13 digit,Lori Gutierrez,6011317693115315,049,03/29
5059,Mastercard,Veronica Fischer,4945021268877475,122,01/29
5060,VISA 13 digit,Michael Hardin,5203022970037287,822,06/26
5061,VISA 16 digit,Matthew Anderson,3506496067068752,8778,12/27
5062,VISA 16 digit,John Jones,4029240488905515,135,06/32
5063,VISA 13 digit,Bonnie Jones,377480879838406,773,08/31
5064,American Express,Stephen Ramsey,4552614274419,269,01/32
5065,VISA 16 digit,Joseph Brewer,639018808050,565,06/30
5066,JCB 15 digit,Jacob Richards,4840466651069783639,507,05/33
5067,VISA 19 digit,Jordan Jackson,213141335035155,049,02/28
5068,JCB 15 digit,Andrew Gibbs,4858649901995524181,000,06/35
5069,American Express,Jacob Collins,180087767072068,986,12/28
5070,JCB 16 digit,Eric Davis,6011645799232935,286,04/31
5071,VISA 19 digit,Martin Moore,3539295818224123,479,03/29
5072,VISA 16 digit,Lauren Cook,4227407516378201,503,01/30
5073,JCB 15 digit,Timothy Christensen,4645751839409833217,290,03/29
5074,American Express,Lindsay Lyons,630462565304,621,02/35
5075,Mastercard,Jean Sampson,3566202700239702,965,10/32
5076,VISA 16 digit,Lori Taylor,3550318936175623,472,10/35
5077,Discover,Matthew Le,4731147747964,992,03/35
5078,Diners Club / Carte Blanche,Shelby Edwards,6011411406412737,102,01/33
5079,VISA 19 digit,Michelle Davis,564383707465,130,02/29
5080,JCB 15 digit,Cole Hill,341216419294723,855,12/32
5081,JCB 15 digit,Selena York,4072981346972256,729,02/33
5082,VISA 16 digit,Robert Atkinson,4209448116994533476,443,11/33
5083,Mastercard,Miss Christina Wolf,3595643935835316,281,12/26
5084,VISA 13 digit,Nicole Williams,2705224133729319,3676,10/31
5085,JCB 16 digit,Joshua Weeks,36139034351191,320,11/32
5086,Mastercard,William Coleman,344919958319465,365,11/30
5087,Maestro,Timothy Adkins,346817051352235,821,11/28
5088,VISA 16 digit,Mitchell Joseph,30397089633642,441,11/26
5089,JCB 16 digit,Edward Williams,4958849258429616,379,05/30
5090,VISA 19 digit,Joseph Powell,4279723758112190,754,04/29
5091,VISA 19 digit,Jeff Smith,3526859525273627,453,11/29
5092,Mastercard,Natalie Ramirez,4130150946576558,600,12/30
5093,American Express,Kyle Miles,3505887802597389,035,06/33
5094,American Express,John Gonzalez,503894491912,9634,11/27
5095,JCB 15 digit,Jordan Spencer,4372537730789,151,06/35
5096,VISA 16 digit,Gary Jackson,675956003890,526,01/35
5097,VISA 13 digit,Jeremiah Rocha,3523222009554868,339,12/33
5098,Diners Club / Carte Blanche,Maria Cruz,341249659229471,188,01/31
5099,JCB 16 digit,William Johnson,3577263309022318,974,01/27
5100,VISA 19 digit,Nicholas Sutton,4834165111026360,434,11/33
5101,JCB 16 digit,Richard Brown,4770650519629168,018,03/30
5102,VISA 19 digit,Eric Meadows,376510228404749,788,04/31
5103,VISA 16 digit,Nicholas Edwards,180076738553793,313,03/33
5104,JCB 16 digit,Julie Bates,3555106892731736,7593,10/29
5105,Diners Club / Carte Blanche,Jacqueline Bond,341899707998004,660,06/32
5106,VISA 16 digit,Taylor Wyatt,213180813791483,143,11/28
5107,JCB 16 digit,Henry Hamilton,502066216636,312,04/34
5108,JCB 15 digit,Nancy Cuevas,3551319947770484,177,01/27
5109,VISA 19 digit,Rick Dickerson,4889887557827366534,861,02/30
5110,Discover,Amy Davis,4182246544912,461,01/35
5111,Discover,Christine Gilbert,3539594981109636,2275,10/26
5112,Discover,Tina Bradford,4942159165348,6650,06/35
5113,JCB 16 digit,George Mitchell,372258902589567,609,10/35
5114,Mastercard,Edward Davidson,213146168908733,165,05/30
5115,JCB 16 digit,Dean Sanchez,4126367259511628,062,08/32
5116,Mastercard,Connie Gonzalez,5513640771302413,242,01/36
5117,American Express,Steven Smith,4691468645595,404,08/35
5118,JCB 16 digit,Wesley Kaufman,2224312191047393,013,08/28
5119,VISA 16 digit,James King,4629406527015303203,601,02/34
5120,VISA 16 digit,Michael Montoya DDS,4047722755986805,0415,05/31
5121,JCB 16 digit,Christopher Carson,4019244938409,753,06/31
5122,JCB 16 digit,Tiffany Rivera,5460468449537720,162,03/26
5123,Diners Club / Carte Blanche,Ana Kennedy,4759114673913,3623,10/35
5124,American Express,Lisa Nelson,676331838166,199,04/29
5125,JCB 16 digit,Juan Mcbride,36152186149958,987,07/27
5126,JCB 16 digit,Daniel Massey,4446966539870349958,311,02/29
5127,Diners Club / Carte Blanche,Jason Powell,30295866547151,628,08/29
5128,JCB 16 digit,Aaron Wilcox,4457156508995479,933,07/34
5129,Mastercard,Lisa Taylor,4777622393739470918,839,04/26
5130,VISA 16 digit,Joan Gallagher,3507506176905071,160,09/34
5131,JCB 15 digit,Wesley Padilla,3506682897223614,075,03/28
5132,Mastercard,Jessica Jackson,4517820972650,104,10/32
5133,VISA 19 digit,Mr. Mitchell Vaughan,3580946661747903,555,10/28
5134,VISA 19 digit,Wanda Stone,6571524177793267,706,08/31
5135,Maestro,Brady Mason,4821413114864,855,06/30
5136,VISA 16 digit,Paul Young MD,347831356006585,1800,06/27
5137,JCB 16 digit,Brandon Roberts,6011858917401908,5847,08/33
5138,VISA 16 digit,Susan Wu,3502579946579299,201,02/32
5139,JCB 16 digit,Timothy Hanna,346752303012818,119,05/34
5140,VISA 19 digit,Benjamin Moore,4694186201709,087,08/29
5141,JCB 15 digit,Christopher Morris,4829635496830138,609,12/28
5142,VISA 16 digit,Marilyn Roberts,6011034409781054,457,01/28
5143,JCB 15 digit,Kevin Li,3597970905379993,989,10/31
5144,Maestro,Darren Patel,4814859765128431,218,08/32
5145,Discover,Steven Hall,3524992454243089,783,09/35
5146,Mastercard,Brandi Anderson,36739300736023,198,11/26
5147,VISA 19 digit,Riley Kirk,060400135640,283,02/32
5148,VISA 19 digit,Kevin Ortiz,4031553621403990,775,03/32
5149,Mastercard,Kara Dougherty,348280513235746,815,11/33
5150,Diners Club / Carte Blanche,Stephen Rosario,372347534260000,646,07/32
5151,Maestro,Robert Ramos,4543803242528929815,850,05/30
5152,Maestro,Kerry Ponce DVM,573476731001,157,10/35
5153,Mastercard,Tara Myers,340508119585777,923,06/32
5154,Mastercard,Terry Padilla,676151984413,606,05/33
5155,JCB 16 digit,Michael Cruz,6517274529335154,4660,01/27
5156,Diners Club / Carte Blanche,Samuel Rodriguez MD,180050288520882,792,09/33
5157,Maestro,Daniel Kaufman,6582233077593978,431,12/35
5158,Diners Club / Carte Blanche,Rebecca Williams,180048895127224,354,04/31
5159,Discover,Henry King,6011617398793948,155,09/31
5160,JCB 16 digit,Sarah Santiago,4602752771183395438,907,03/26
5161,JCB 16 digit,Jasmine Thomas,2238691703964573,754,07/26
5162,JCB 16 digit,Chelsey Cochran,4232821373120576,294,01/36
5163,American Express,Hannah Tyler,2534006950084143,599,12/29
5164,JCB 15 digit,Jesse Nielsen,30004265646451,4473,04/27
5165,VISA 19 digit,Scott Castaneda PhD,213132838508392,066,05/31
5166,VISA 13 digit,Katherine Daniel,6011597801328864,659,03/26
5167,VISA 16 digit,Joyce Lawrence,4052228776457415345,011,01/33
5168,Diners Club / Carte Blanche,Brittany Dunlap,4953985002994128,153,10/35
5169,VISA 16 digit,Kimberly Brown,3514109094302207,103,08/26
5170,Discover,Destiny Patterson,6011828128434881,800,04/28
5171,JCB 16 digit,Tammy Ferguson,3535704581518979,503,06/29
5172,Discover,Thomas Brown,3533802098838260,7266,09/32
5173,VISA 19 digit,Brandon Foster,6531958832018620,373,08/33
5174,JCB 16 digit,Meagan Golden,213174706006984,506,10/33
5175,Maestro,Luis Carroll,2258761650792387,001,05/29
5176,JCB 16 digit,April Young,374980233727636,005,03/35
5177,VISA 13 digit,Julie Robbins,180058078307063,356,07/28
5178,VISA 13 digit,Karen Cox,213197767688663,215,09/29
5179,Diners Club / Carte Blanche,Lisa Stephens,213156953630053,438,07/27
5180,VISA 16 digit,Jennifer Day,2223852037380830,735,08/26
5181,VISA 16 digit,Hannah Decker,4217106391453525,946,11/34
5182,VISA 13 digit,Brianna Johnson,503819784268,483,01/27
5183,VISA 16 digit,Gary Ray,4652298109533,456,04/27
5184,VISA 13 digit,Jeff Phillips,3514347534640873,919,03/33
5185,JCB 15 digit,Curtis Carr,2720429907757385,8493,03/29
5186,American Express,Jason Holmes,4968215423134556991,934,05/33
5187,Maestro,Samantha Trujillo,4749110004583519,239,02/36
5188,JCB 15 digit,Jeffrey Howell,38367147625924,710,11/31
5189,JCB 16 digit,Geoffrey Montgomery,4300470627122129258,206,01/35
5190,VISA 13 digit,Mary Collins,4282274968469504,238,10/32
5191,VISA 19 digit,Jason Robinson,4061644018325,990,01/30
5192,American Express,Joseph Mills,4454601909988749305,232,04/34
5193,Mastercard,Debbie Brown,213129044136588,728,06/35
5194,VISA 13 digit,Amanda Jennings,4791411770295990,398,01/34
5195,VISA 16 digit,Brian Collins,3508456270359354,955,12/29
5196,Discover,Theresa Lee,30010379841219,101,07/29
5197,JCB 16 digit,Karen Garcia,3576126365220731,449,04/30
5198,Diners Club / Carte Blanche,Kathy Sherman,4027942546746208349,550,02/26
5199,Diners Club / Carte Blanche,Gerald Scott,2637859820718282,7019,09/33
5200,Diners Club / Carte Blanche,Joyce Carroll,3544291206247480,040,07/28
5201,VISA 16 digit,Ian Bryant,340233151760739,191,01/30
5202,Maestro,Amy Cisneros,2261398794696532,355,06/35
5203,VISA 16 digit,Christina Romero,6011381755297445,870,06/30
5204,American Express,Stephanie James,6011865225838705,777,05/28
5205,Diners Club / Carte Blanche,Brittney Love,4876217842375,6183,08/35
5206,JCB 16 digit,Amber Pineda MD,2253208805626560,698,06/30
5207,JCB 16 digit,Valerie Nichols,6503387220254106,242,01/28
5208,American Express,Steven Moore,180016149143511,343,08/27
5209,JCB 16 digit,Jonathan Osborne,4920882324265997256,206,01/32
5210,VISA 16 digit,Christina Brady,503854138180,830,10/35
5211,VISA 13 digit,Robin Wilson,502091914197,326,06/33
5212,VISA 16 digit,Vanessa Herrera,3562298206823464,796,08/34
5213,Maestro,Jessica Williams,4859697288610287,345,07/28
5214,Diners Club / Carte Blanche,Timothy Parker,4312696222699475277,455,11/31
5215,VISA 13 digit,Jessica Lambert,4772459268437239,453,06/28
5216,VISA 13 digit,Ashley Jones,4963002950389547,344,11/30
5217,Discover,Kimberly Montes,060446262770,173,07/31
5218,JCB 16 digit,Robert Allen,4709493096681,572,08/31
5219,VISA 13 digit,Paul Perry,4835710281424,045,10/35
5220,VISA 19 digit,Stephanie Todd,4863835785294353,594,10/30
5221,Discover,Tammy Levine,371321336387940,037,06/30
5222,Discover,Craig Pierce,348936102892649,494,09/28
5223,JCB 16 digit,Lisa Powell,3543592016515490,269,10/29
5224,Mastercard,Elizabeth Scott,6500522729997119,250,08/32
5225,Diners Club / Carte Blanche,Darryl Randall,6011528292655705,253,02/27
5226,VISA 16 digit,Angie Avila,30268199045375,9592,10/28
5227,VISA 19 digit,Steven Rollins,4719190562218035624,1436,01/28
5228,JCB 16 digit,Jessica Taylor,501895715933,529,05/26
5229,JCB 16 digit,Heather Murray,562600764558,493,12/29
5230,JCB 16 digit,Ryan Oliver,4846650293224848,914,12/30
5231,VISA 19 digit,Jacqueline Mcgee,372360040287847,428,03/29
5232,Discover,Cynthia Ramirez,3508088867639904,600,12/30
5233,JCB 16 digit,Cassandra Reese,349345135186426,600,09/26
5234,Discover,Sheri Price,3563560514390448,683,03/34
5235,JCB 16 digit,Alison David,3504313034853947,720,09/30
5236,VISA 16 digit,Richard Velez,4253321171836362956,537,05/32
5237,VISA 16 digit,Eric Kelly,213184018008248,258,05/33
5238,JCB 16 digit,Margaret Collier,3515172019007490,790,10/32
5239,VISA 19 digit,Timothy Hall,4858028394552307,263,11/27
5240,JCB 15 digit,Ann Richardson,374038076352564,469,11/34
5241,JCB 15 digit,John Oneal,3573753070132332,882,08/33
5242,American Express,Jeffery Jones,4478299133937790,847,10/35
5243,VISA 19 digit,Jeffrey Dunn,3554883784657960,888,12/27
5244,JCB 16 digit,Donald Estrada,3532816718702780,526,08/28
5245,American Express,Brittany Gomez,3539274177474090,079,05/33
5246,VISA 13 digit,Katherine Moran,3579330450992264,545,09/35
5247,Mastercard,Dawn Rodriguez,180082153478318,055,07/31
5248,American Express,Donald Diaz,4597299094905733,897,03/28
5249,JCB 16 digit,Cody Williams,2263088935519093,344,01/30
5250,Diners Club / Carte Blanche,Raymond Anderson,6011460672737996,2346,04/34
5251,Mastercard,Daniel Hartman,6011621058550796,710,04/30
5252,JCB 16 digit,Lindsey Robinson,180084295284307,2625,05/26
5253,Discover,Benjamin Wilkerson,3579619264245772,430,12/33
5254,Maestro,Kylie Willis,2254528323035351,366,11/33
5255,JCB 15 digit,Cathy Sanchez,2463667956639571,111,05/33
5256,JCB 15 digit,Ann Murphy,378585166987119,692,03/29
5257,VISA 16 digit,Michelle Campbell,581181157313,651,10/33
5258,JCB 15 digit,Kathy Ramirez,4914500775938434123,865,07/26
5259,VISA 16 digit,Ian Williams,4771302375706,970,09/33
5260,VISA 19 digit,Faith Turner,4667881270179,727,02/35
5261,Maestro,Karen Martin,3531711860486483,226,04/29
5262,VISA 16 digit,Morgan Chung,3579520893424913,387,10/33
5263,Diners Club / Carte Blanche,Natalie Eaton,370779883289226,538,09/31
5264,Diners Club / Carte Blanche,Danielle Knapp,6011196610513129,755,09/31
5265,Maestro,Abigail Huff,6500365645730945,105,07/33
5266,VISA 16 digit,Christina Schmidt,343056391686597,903,05/35
5267,JCB 16 digit,Beth Moses,4928029339225773,621,11/33
5268,JCB 15 digit,Veronica Fuller,3599673969416218,802,05/30
5269,VISA 19 digit,Christopher Larsen Jr.,379097064520215,698,06/32
5270,VISA 16 digit,Jeffrey Vang,30335147383669,736,11/29
5271,JCB 16 digit,Jill Larsen,2246799236977697,209,06/35
5272,VISA 16 digit,Donald Howard,373736648345542,136,02/29
5273,Discover,Dennis Gutierrez,4329869946267289976,247,03/34
5274,VISA 16 digit,Stanley Frye,4941735670364384,268,01/36
5275,VISA 13 digit,David Carrillo,345065634639378,282,12/27
5276,VISA 19 digit,Nicholas Smith,4459242133928,876,01/33
5277,VISA 19 digit,Joseph Brown,30384909276299,414,03/30
5278,Mastercard,Mark Duncan,3531353038660697,1168,05/31
5279,Diners Club / Carte Blanche,Tracy Phillips,2243849245147460,340,04/34
5280,Diners Club / Carte Blanche,Michael Wood,4624317853275028,370,01/27
5281,Discover,Rebecca Bell,370837622583521,6044,03/30
5282,JCB 16 digit,William Montoya,630478141272,268,07/29
5283,Discover,Nicholas Mclaughlin MD,213147607609023,212,07/29
5284,Discover,John Young,3548648837763761,664,03/31
5285,JCB 16 digit,Ariel Smith,4802286093955836,995,05/28
5286,JCB 15 digit,Paul Dunn,4382481972618849,2975,05/31
5287,JCB 15 digit,Nathan Avery,6516996085543356,795,02/33
5288,VISA 19 digit,Kevin Fuller,30273555450078,261,04/35
5289,Diners Club / Carte Blanche,Kenneth Smith,30050859834052,849,12/27
5290,Discover,Timothy Osborn,4870853707239149628,535,12/28
5291,JCB 16 digit,Matthew Stewart,5490499505122069,066,09/30
5292,JCB 16 digit,Brenda Pineda,4396595945844275,107,01/35
5293,JCB 15 digit,Lee Jacobson,3527228262787299,0332,03/29
5294,JCB 16 digit,Thomas Mitchell,6559777486005361,111,12/32
5295,American Express,Nicole Morales,4575774802109,546,12/33
5296,VISA 19 digit,Megan Warner,30002795130418,810,12/35
5297,VISA 16 digit,Hannah Williams,36222217587334,830,08/27
5298,VISA 16 digit,Patricia Bernard,4922806275701198,879,04/33
5299,VISA 13 digit,Karen Barker,3501981061791538,331,07/35
5300,Diners Club / Carte Blanche,Paul Lucas,577726340182,796,02/32
5301,Diners Club / Carte Blanche,Ethan Miller,676307204815,9752,04/27
5302,Mastercard,Nicholas Dixon,4098856134896348218,348,02/36
5303,VISA 19 digit,James Glass,3527251981647461,5421,01/28
5304,Mastercard,William Dougherty,180045473422829,024,09/28
5305,Maestro,Stacey Tate,4638847338758108140,107,05/33
5306,JCB 16 digit,Fernando Ibarra,4203524118632069889,2108,09/33
5307,Mastercard,Veronica Lawrence,3579955174364448,632,03/31
5308,Diners Club / Carte Blanche,Joshua Garcia,4699593357427386,771,11/26
5309,JCB 16 digit,Heather Scott,213171742448782,500,12/34
5310,American Express,Laura Thompson,4798540947673987,862,07/33
5311,JCB 16 digit,Amber Newton,503817695029,608,06/33
5312,Maestro,Richard Stevens,6524577751667719,425,04/33
5313,JCB 16 digit,Eduardo Hill,3526060006830684,503,05/33
5314,VISA 16 digit,Karen Chapman,4056625168487,023,10/33
5315,JCB 16 digit,Emily Wise,4722061527229908390,284,04/31
5316,VISA 13 digit,John Barnes,180027127994072,103,05/33
5317,JCB 15 digit,James Smith,38523199508158,084,01/32
5318,VISA 19 digit,Mr. Craig Williams DVM,4080764062196486,334,05/33
5319,JCB 16 digit,Mrs. Kendra Wells DVM,6519932238319102,451,01/31
5320,JCB 16 digit,Dr. Michael Nichols MD,4983070698973341638,458,11/31
5321,Diners Club / Carte Blanche,Carrie Smith,344333517553376,7090,12/28
5322,VISA 13 digit,April Meyers,345918076131348,526,11/35
5323,Discover,Rachel Jennings,3528698988711469,232,11/28
5324,JCB 16 digit,James Clark,6011122231393931,109,04/30
5325,Diners Club / Carte Blanche,Bryan Barker,4323166628113418,881,01/30
5326,JCB 16 digit,Denise Calhoun,630447453667,981,07/33
5327,JCB 16 digit,Lindsay Baker,3556996253832720,836,06/30
5328,JCB 15 digit,James Mathews,2224132683584392,722,09/27
5329,VISA 13 digit,Peter Jackson,4968631475926923,803,03/31
5330,JCB 16 digit,Melissa Hancock,30063081869960,486,11/34
5331,American Express,Steven Sullivan,3599706596118557,278,05/35
5332,Diners Club / Carte Blanche,Jennifer Butler,2288582288367226,623,06/26
5333,JCB 16 digit,Kyle Lopez,30052831739151,039,12/26
5334,JCB 16 digit,Kaitlyn Hernandez,676259325139,429,09/26
5335,Diners Club / Carte Blanche,Laura Allison,374526032532212,005,06/29
5336,JCB 15 digit,Dominic Smith,3531255256565526,9645,08/35
5337,VISA 19 digit,Ashley Reynolds,2283028593246882,381,10/26
5338,JCB 16 digit,Vincent Hill,4198702653278,361,12/35
5339,Maestro,Craig Bell,4921339588611,583,08/29
5340,Maestro,Sherry Williams,4283411236755566,0074,07/32
5341,Maestro,Rachael Fuller,180002444940793,899,02/27
5342,Mastercard,Mrs. Ashley Burnett DDS,373314546952049,357,05/30
5343,Maestro,Brittany Jones,3519307991647428,875,12/33
5344,American Express,Mr. Jeremiah Atkinson,581947784657,831,04/35
5345,VISA 13 digit,Donna Butler,30335950646574,604,05/34
5346,VISA 16 digit,Morgan Jacobs,4231547398705726,980,01/33
5347,JCB 16 digit,Nancy Lutz,501879197488,897,12/32
5348,VISA 16 digit,Nicholas Garcia,38588465344422,2861,02/31
5349,JCB 15 digit,Terry Smith,4856963766952,226,06/31
5350,VISA 16 digit,Chris Jones,4976802692068,691,11/26
5351,JCB 15 digit,Kevin Larson,377627098448686,262,06/31
5352,VISA 13 digit,Daniel Webb,4780462778324764,218,08/32
5353,VISA 16 digit,Nancy Jackson,6011923811941357,969,01/31
5354,VISA 16 digit,John Hernandez,30133787184590,661,12/32
5355,Discover,Alexander Davis,30359681453084,468,08/35
5356,JCB 16 digit,Justin Hicks,6589565202204846,439,12/29
5357,Maestro,Sarah Burton,346335872278315,381,05/33
5358,Mastercard,Mark Browning,213148077118248,677,04/26
5359,Diners Club / Carte Blanche,Tyler Cox DDS,2266847894090538,921,08/31
5360,VISA 19 digit,Amber Coleman,4972977357680602082,947,11/27
5361,American Express,Peter Howell,3513078316174887,591,08/32
5362,VISA 16 digit,Lorraine Lambert,2263304669422853,503,01/29
5363,Diners Club / Carte Blanche,Megan Ali,6503942119620526,029,01/36
5364,Maestro,Felicia Brown,4930844214008853633,001,12/33
5365,American Express,Terri Tucker,38922592541966,862,12/31
5366,Maestro,Kimberly Brown PhD,4957467870274053,343,01/29
5367,JCB 16 digit,Spencer Bauer,3533550481872657,727,06/31
5368,JCB 15 digit,Suzanne Marshall,374935988357385,986,01/29
5369,Discover,Julian Grant,675949873110,181,02/32
5370,Maestro,Jennifer Rodriguez,4478575085521272,669,06/31
5371,VISA 16 digit,Emily Thompson,379824777876737,405,07/27
5372,VISA 13 digit,Christopher Roman,30500928569311,249,11/32
5373,JCB 15 digit,Makayla Palmer,2221161510194029,8654,10/35
5374,VISA 19 digit,Pamela Castillo,6011340869830426,3845,03/29
5375,JCB 16 digit,Charles Gonzalez,3537624939061944,568,02/31
5376,VISA 19 digit,Brittany Vargas,4534556005773993994,226,03/28
5377,JCB 16 digit,Gary Miller,375240083996230,091,05/28
5378,VISA 13 digit,Dennis Leonard,30485177476618,835,04/32
5379,JCB 16 digit,Daryl Scott,30222418523712,676,05/30
5380,JCB 16 digit,David Cook,676219418230,365,12/30
5381,VISA 19 digit,David Bond,561381410670,547,05/29
5382,JCB 16 digit,Aaron Kelly,343445639370843,203,07/33
5383,JCB 16 digit,James Horton,30593883475509,464,08/32
5384,VISA 16 digit,Frederick Jordan,3501115430792147,179,08/26
5385,American Express,Donna Hardin,30592717231260,454,07/28
5386,JCB 15 digit,Shannon Sandoval,4388288874014702,765,02/30
5387,Discover,Luis Taylor,180028075662604,304,03/33
5388,VISA 16 digit,Tara Johnson,676364182946,475,10/29
5389,VISA 13 digit,Sean Mendoza,30599302885434,233,03/34
5390,JCB 16 digit,Judith Gill,503870170878,609,08/27
5391,Maestro,Ryan Owens,180034229817508,253,01/36
5392,VISA 16 digit,Jacqueline Evans,4331359919686610,488,05/32
5393,VISA 13 digit,David Cobb,6011592092761444,179,10/34
5394,VISA 16 digit,Wendy Lawrence,4963243333770702,616,06/31
5395,Maestro,Melissa Myers,3558776217154967,494,01/35
5396,JCB 16 digit,Danielle Roman,4350419294249,192,10/26
5397,JCB 16 digit,Renee Blake,3576297678573734,576,02/26
5398,VISA 16 digit,Lindsey Clark,4197067141337849915,8686,01/34
5399,Maestro,Samantha Ortiz,30217092250111,396,08/34
5400,Diners Club / Carte Blanche,Jasmine Pratt,6011730193153562,196,07/26
5401,Discover,Eric Lawson,3517389272999043,072,02/33
5402,Diners Club / Carte Blanche,Scott Munoz,4543629212671293,541,12/32
5403,JCB 15 digit,Regina Ryan,676281797990,412,09/28
5404,VISA 16 digit,Jonathon Smith,4510718242812214,072,04/29
5405,JCB 15 digit,Laura Porter,6593246705700101,398,07/28
5406,American Express,John Guerrero,563263825264,064,07/32
5407,American Express,Kenneth Davis,4197788455806,947,11/33
5408,VISA 16 digit,Michael Marshall,4883888341083,560,07/30
5409,JCB 15 digit,Michelle Acosta,2266795329642805,151,09/32
5410,JCB 16 digit,Juan Jones,4133128734946944028,160,06/31
5411,VISA 19 digit,Gary Smith,6585024462607938,250,12/28
5412,VISA 19 digit,Renee Soto,3525889313769503,483,09/32
5413,JCB 15 digit,Lorraine Reynolds,3581899330990918,015,04/33
5414,American Express,Brandy Fisher,3596117781977497,246,11/32
5415,VISA 16 digit,William Sanchez,4385901912668,772,10/33
5416,American Express,Ashlee Myers,36363436199210,714,05/27
5417,JCB 15 digit,Anthony Jackson,2282783637041100,3378,12/26
5418,JCB 16 digit,Jennifer Miller,676215934776,734,02/28
5419,JCB 15 digit,Matthew Hamilton,345194652290961,156,04/31
5420,VISA 16 digit,Casey Schroeder,6527728592624164,980,03/34
5421,American Express,Ashley Stewart,213117353156966,450,02/29
5422,VISA 13 digit,Angela Thomas,6504344800643611,331,03/34
5423,JCB 16 digit,Joel Rose,4112833832571575,235,03/32
5424,VISA 13 digit,Richard Johnson,36774734600719,620,06/33
5425,Discover,Wendy Armstrong,4326427885939,571,01/27
5426,Diners Club / Carte Blanche,Donna Bell,38452230238429,387,02/35
5427,Diners Club / Carte Blanche,Jose Norris,180012844013638,960,10/30
5428,VISA 16 digit,David Thompson,4697407377598815,087,12/29
5429,Maestro,Andrea Small,2287683873967668,742,09/28
5430,Mastercard,Samuel Short,4743194286946475,756,08/35
5431,JCB 16 digit,Sonya Parker,2467893965648322,1563,04/35
5432,JCB 16 digit,Stacey Morales,180092255842030,293,08/34
5433,Maestro,Andrew Bush,4641076226254,050,12/34
5434,JCB 15 digit,Charles Perry,3514357721850706,277,11/32
5435,VISA 16 digit,Jesus Osborne,340156223905398,2230,12/33
5436,VISA 16 digit,Desiree Carpenter,6011790525558375,802,06/27
5437,Maestro,Dillon Moore,4837248241086,721,02/28
5438,Maestro,Jennifer Johnson,3582596120541856,942,08/31
5439,VISA 16 digit,Matthew Simmons,341285195234591,883,06/28
5440,VISA 16 digit,Christina Wagner,3521074465617685,749,01/29
5441,Diners Club / Carte Blanche,Christopher Cooper,5171678085623804,744,09/34
5442,JCB 16 digit,Jason Brown,3516374784429136,946,10/32
5443,Diners Club / Carte Blanche,Richard Wilson,502049049617,280,02/29
5444,JCB 16 digit,Melissa Mcdonald,4799518484921,6233,04/32
5445,VISA 16 digit,Karen Dunn,6541737396436834,475,10/26
5446,VISA 16 digit,Elizabeth Wood,30301052552284,763,01/32
5447,Maestro,Jonathan Carrillo,4397694437365,865,06/28
5448,Diners Club / Carte Blanche,Leslie Smith,372833395617966,986,06/26
5449,Discover,April Arroyo,4082720432230,096,04/32
5450,Discover,Julie Miller,3500336465450523,966,05/33
5451,JCB 16 digit,David Lee,3511520176401043,390,05/32
5452,Diners Club / Carte Blanche,Hunter Long,4185940428036405414,391,10/35
5453,VISA 13 digit,Kevin Hoffman,6011544103883691,094,06/26
5454,American Express,Brooke Reyes,340102812397258,548,02/35
5455,Discover,Laura Hubbard,4282316464258863,523,07/30
5456,Mastercard,Joanna Pacheco,4891740342689838,500,10/35
5457,Diners Club / Carte Blanche,Terry Watkins,2284587181637611,2529,05/30
5458,Discover,Jose Rodriguez,4505352983336669663,371,11/26
5459,American Express,Angela Park,5161242984960528,972,05/33
5460,Diners Club / Carte Blanche,Diana Simpson,30161643888385,508,11/32
5461,Maestro,Scott Rollins,675927314087,651,04/29
5462,JCB 15 digit,Calvin Johnson,375303968396445,677,01/28
5463,Diners Club / Carte Blanche,Andrea Hamilton,6011520545612096,616,11/27
5464,Discover,Michael Wall,342472935768463,733,05/29
5465,JCB 16 digit,Louis Arias,573812615983,1787,05/28
5466,VISA 16 digit,Dawn Craig,4259204963327752,955,06/34
5467,VISA 19 digit,Audrey Baker,38797484478828,939,06/26
5468,JCB 15 digit,Lindsay Horne,570496340516,400,03/27
5469,VISA 13 digit,Christopher Mcmillan MD,4337957917735240,215,11/26
5470,VISA 16 digit,Melissa Ford,571853868685,586,11/31
5471,VISA 16 digit,Christopher Barton,180011571418051,819,06/28
5472,VISA 19 digit,William Miller,4734091262929858,639,02/28
5473,VISA 16 digit,William Preston,180071435975167,084,12/33
5474,Diners Club / Carte Blanche,Alison Johnson,180003356199923,286,04/31
5475,American Express,Christopher Murphy,4615585511857129,387,03/30
5476,JCB 16 digit,Kevin Dickerson,373168890884715,776,01/28
5477,JCB 16 digit,Krystal Jones,4243996309813,312,07/31
5478,VISA 16 digit,Danielle Macias,2720978935320095,602,02/26
5479,VISA 16 digit,Tanya Smith,3505219299956268,331,09/35
5480,American Express,Connor Alexander,30325279580190,527,05/31
5481,American Express,Cassie Nguyen,675965523102,790,03/30
5482,VISA 16 digit,Joshua Reese,6534629498287158,779,11/30
5483,Diners Club / Carte Blanche,Ricky Porter,060441879750,698,03/29
5484,American Express,Tracy Suarez,4648405890320584,621,09/34
5485,Maestro,Deborah Sanford,6526341786974410,027,12/26
5486,JCB 15 digit,Cynthia Dawson,3533357185498247,436,07/31
5487,Maestro,Kevin Smith,30283569350446,715,06/30
5488,VISA 19 digit,Brandon Garcia,4547200168194189,195,09/30
5489,Diners Club / Carte Blanche,Jose Ortega,566270600489,625,10/27
5490,Mastercard,Taylor Patrick,180015277794319,708,12/29
5491,VISA 16 digit,Matthew Hunter,371714307528965,652,12/33
5492,VISA 13 digit,Andrew Thompson,4379264373519,023,12/31
5493,American Express,Patricia Gomez,6011118039990357,560,12/32
5494,VISA 16 digit,Sabrina Hall,213108441071564,361,03/35
5495,American Express,Jordan Cummings,5350675208269534,343,07/33
5496,JCB 16 digit,Lisa Ballard,372501208476751,816,05/35
5497,VISA 13 digit,Katie Wilson,4695619279154,835,10/28
5498,Diners Club / Carte Blanche,William Keith,3536756129314179,420,11/33
5499,JCB 16 digit,Paul Miller,4157551960671,491,02/35
5500,JCB 16 digit,Cameron Larson,4063834769603992,088,02/27
5501,Discover,Steven Harrison,3526675106390808,480,12/26
5502,Discover,Stephanie Hall,4802586883608253536,043,10/27
5503,JCB 16 digit,Richard Silva,4796506244112385,218,07/32
5504,VISA 16 digit,Brenda Kennedy,180060365411616,578,09/31
5505,VISA 16 digit,Rachel Bradley,180007261134362,011,12/33
5506,JCB 15 digit,Natasha Taylor,6011404465592150,713,07/32
5507,American Express,Mario Wu,4872291049615539,947,02/29
5508,Diners Club / Carte Blanche,Laura Mata,372000256173303,228,02/26
5509,VISA 13 digit,Thomas Contreras,38990510104050,444,02/26
5510,VISA 13 digit,Jennifer Mitchell,060432137796,196,11/28
5511,Diners Club / Carte Blanche,Kari Young,3513345351318533,335,03/27
5512,JCB 16 digit,James Shepard,4095187850823546,1683,07/34
5513,VISA 16 digit,Elijah Fuller,4916663136226107,325,12/31
5514,Mastercard,Danielle Smith,3537968798664805,237,11/35
5515,Diners Club / Carte Blanche,Briana Bell,2720796453499939,086,11/31
5516,JCB 16 digit,Amanda Wells,675972264120,805,06/32
5517,Diners Club / Carte Blanche,Kristen Miller,4811308253794,911,06/31
5518,Mastercard,Breanna Young,4216706132541271,718,05/31
5519,Diners Club / Carte Blanche,Mr. Jacob Smith,5416933489714336,3254,12/32
5520,JCB 16 digit,Jose White,180012988370604,428,06/31
5521,VISA 16 digit,Randy Velez,3517908422580518,4954,09/32
5522,VISA 16 digit,Sara Nguyen,060429717600,3350,11/31
5523,Discover,Amber Doyle,4723748741786455,221,06/28
5524,JCB 15 digit,Scott Hendricks,4837072849661392443,508,06/26
5525,JCB 16 digit,Jennifer Bowers,501876357242,884,04/29
5526,VISA 19 digit,Kevin Watson,347161642580411,470,03/33
5527,JCB 15 digit,Jacqueline Dean,375943958122390,693,04/27
5528,American Express,Steven Thomas,3516978742068008,129,02/27
5529,JCB 15 digit,Anna Stephens,2391175521637051,3004,12/32
5530,VISA 16 digit,Nathan Taylor,4703510755583950693,867,02/33
5531,Mastercard,Michelle Johnson,4438294348444,319,08/33
5532,American Express,Deborah Martin,4929570988572,287,03/35
5533,JCB 15 digit,Kathryn Clements,4880955715885183037,388,11/26
5534,VISA 16 digit,Raymond Howard,2720515553523038,251,04/30
5535,VISA 16 digit,Evan Marsh,2283105972054663,814,09/34
5536,JCB 16 digit,Leah Owen,2247263345928298,066,05/30
5537,Mastercard,Austin Jones,3569836031813532,098,03/28
5538,VISA 16 digit,Katie Flores,3550358904493160,000,05/32
5539,American Express,Julie Mclaughlin,346089911427066,610,07/32
5540,JCB 15 digit,Jodi Davis,4244328286645083,016,01/29
5541,American Express,William Skinner,180010914212585,908,07/28
5542,VISA 13 digit,Leslie Bennett DDS,4586558341187905,576,09/30
5543,JCB 16 digit,Micheal Stanley,180010432491497,732,09/27
5544,American Express,Pamela Craig,3536993304764908,371,04/31
5545,Diners Club / Carte Blanche,Carly Mercer,30478063240099,973,09/31
5546,JCB 16 digit,Christopher Hernandez,372055498089071,793,02/32
5547,VISA 19 digit,Tiffany Adams,180072595814758,614,05/33
5548,Mastercard,Mary Diaz,4501594495583983264,033,09/26
5549,JCB 15 digit,Jennifer Stone,4776718057368,516,10/26
5550,Diners Club / Carte Blanche,Robert Sosa,4134833273632955,743,02/36
5551,Diners Club / Carte Blanche,Adam Melton,4406926008381814,159,02/28
5552,Discover,Dr. James Allen,4448127554723492287,472,02/34
5553,Diners Club / Carte Blanche,Michele Chapman,3567122746512269,112,01/34
5554,Mastercard,Stacey Beck,180035214534180,756,02/30
5555,JCB 16 digit,Larry Jackson,4182084956020,903,03/27
5556,VISA 16 digit,Yesenia Banks,6568177047893406,567,07/31
5557,JCB 16 digit,Kevin Johnson,3532015174184787,137,08/26
5558,VISA 19 digit,Gloria Haney,213125354566455,095,07/33
5559,VISA 16 digit,Hector Scott,3560884312356119,585,02/35
5560,JCB 15 digit,Tyler Vega,4123924557096224,800,01/35
5561,American Express,Michael Clayton,6542015201804143,818,11/32
5562,JCB 15 digit,Ashley Jones,4859763018913613,451,10/31
5563,Maestro,Miss Cynthia Ayala,3571587571507515,831,03/28
5564,VISA 16 digit,Michael Mendez,4818294023800,986,01/32
5565,Maestro,Frank Mckinney,576048960321,209,12/28
5566,Discover,Joseph Anderson,630467311787,696,02/33
5567,VISA 16 digit,Christopher Ferrell,30534384679827,035,10/32
5568,VISA 16 digit,Melissa Jimenez,4593682683574297,986,01/27
5569,Discover,Rodney Gardner,4625348885548341374,815,07/26
5570,JCB 16 digit,Mary Allen,213195880140422,169,09/30
5571,VISA 13 digit,Carl Barnes,503810079643,055,11/32
5572,VISA 16 digit,Crystal Wallace,3521434145630310,225,08/34
5573,Maestro,Richard Powell,3502499804563543,572,01/30
5574,American Express,Carl Hernandez,213119872708160,138,04/29
5575,Discover,Ricky Henry,3525889109757928,9067,03/26
5576,Discover,Jeffrey Smith,180074918465375,853,06/29
5577,VISA 19 digit,Lindsay Poole,4513300511944,172,06/34
5578,VISA 16 digit,William Nguyen,6011318297877466,7291,03/33
5579,Discover,Steven Taylor,4996991901764918,555,10/31
5580,JCB 16 digit,Kenneth Rogers,30512836576601,566,03/31
5581,Maestro,Andrew West,375368774615643,575,12/28
5582,Diners Club / Carte Blanche,Claudia Friedman,376337367155563,438,04/35
5583,American Express,Steven Riggs,3525075336422128,915,01/32
5584,VISA 16 digit,Caitlin Tapia,3527872951914654,411,09/32
5585,Maestro,Amy Green,4338671589562,057,12/29
5586,Diners Club / Carte Blanche,Melissa Chavez,4587659797136278,175,03/29
5587,American Express,Tracy Lewis,180004736285119,727,02/33
5588,Maestro,Mary Hicks,4763501273496873,9393,08/30
5589,VISA 13 digit,Nicole Elliott,30033750488681,603,04/35
5590,VISA 13 digit,Anna Jackson,568238322859,272,03/31
5591,VISA 19 digit,Carol Vega,4302711683059165,335,01/30
5592,Diners Club / Carte Blanche,Daniel Arnold,342173982063010,550,04/32
5593,VISA 16 digit,George Randolph,4100064098199823668,3122,05/31
5594,VISA 16 digit,Matthew Stokes,4580917592562016,589,08/26
5595,Diners Club / Carte Blanche,Vincent Bates,3547426806426145,632,04/29
5596,Discover,Diana Johnson,38669108305507,547,09/30
5597,JCB 16 digit,Linda Burton,4540543345036463168,611,07/34
5598,Mastercard,Jennifer Becker MD,30330878896732,635,07/29
5599,VISA 13 digit,Dr. Joshua Hanson PhD,3588505669532246,508,07/31
5600,VISA 13 digit,Nicole Harris,4057627993088504639,585,07/26
5601,Discover,Emily Johnson,676176840699,2186,02/28
5602,Maestro,Austin Clark,180092100197275,095,04/30
5603,JCB 16 digit,Anthony Turner,3536385706416577,5727,10/33
5604,American Express,Kevin Peters,4046117797026,428,07/32
5605,VISA 19 digit,Amy Cantrell,4751961185756711,559,05/27
5606,Maestro,Carla Shannon,6011329824979022,217,10/35
5607,JCB 16 digit,Joseph Odom,4332693083735699,083,12/33
5608,Maestro,Lisa Glover,580554695305,914,03/31
5609,VISA 16 digit,Jo Jennings,3568925172023034,478,01/27
5610,VISA 16 digit,John Love,3595599175613161,182,10/29
5611,Maestro,Mr. Derrick Roberson,583209655328,962,02/33
5612,American Express,Margaret Ortiz,4361440855116074631,468,10/29
5613,American Express,Lisa Dudley,676235491393,583,02/27
5614,Maestro,Kimberly Pace,4682205184610360,1035,04/30
5615,JCB 15 digit,Timothy Hall,4759884335115111,7128,06/33
5616,VISA 13 digit,James Arnold,2700729448037963,818,10/28
5617,Diners Club / Carte Blanche,Justin Delgado,6011061395387521,645,03/26
5618,JCB 16 digit,Michael Williams,213145841704600,658,12/32
5619,VISA 16 digit,Yolanda Morgan,4657273745149147,719,10/26
5620,Mastercard,Gregory Newman,30415498208002,324,12/28
5621,VISA 19 digit,Darren Rodriguez,3534238391105389,442,01/32
5622,VISA 19 digit,Kristin Parker,213153840424642,589,07/33
5623,JCB 16 digit,Kerri Coleman,213195407215400,513,08/30
5624,VISA 16 digit,Charles Turner,370743270964437,037,09/30
5625,Discover,April Burns,4427628225911239164,228,12/33
5626,Maestro,Theresa Miller,30229160414388,247,12/34
5627,Diners Club / Carte Blanche,Anthony Odonnell,4030040528913009,979,09/35
5628,Diners Club / Carte Blanche,Robin Willis,376903726650923,6770,11/28
5629,Discover,Eric Camacho,4740626372695592,648,07/35
5630,VISA 13 digit,Michael Alvarado,060401021617,228,08/31
5631,VISA 16 digit,David Cox,180036346317254,877,12/27
5632,VISA 19 digit,Richard Nelson,4669410562477567,266,12/33
5633,Discover,Brandon Bowman,4001321513604604,515,06/28
5634,Discover,Ebony Berg,3539553274006545,050,09/33
5635,VISA 13 digit,Tyler Henry,377271216013955,752,08/33
5636,VISA 16 digit,Melissa Turner,180010656651362,589,02/30
5637,Diners Club / Carte Blanche,Louis Hodges,4177949173233,080,01/30
5638,JCB 16 digit,Mary Taylor,4484863883275354,479,04/27
5639,American Express,Michelle Frederick,630495157624,705,06/34
5640,JCB 16 digit,James Bailey,3584821025890846,725,02/32
5641,JCB 16 digit,Nicholas Johnson,5462627515507630,336,11/28
5642,Mastercard,Tricia Sellers,376365002640905,574,09/31
5643,VISA 13 digit,Adam Morgan,30411721068172,463,03/33
5644,Diners Club / Carte Blanche,Mr. Luis Miller,6520946606666362,362,05/34
5645,JCB 16 digit,Scott Lopez,503808468378,5563,11/28
5646,JCB 15 digit,Richard Walker,5371200860742085,550,08/27
5647,Mastercard,Brian Pearson,341613207240803,097,08/32
5648,Discover,Erika Williams,2237166204902308,129,12/29
5649,American Express,Kim Avery,180072350345519,189,12/29
5650,VISA 16 digit,Mr. Daniel Hall,4979879234215073,593,03/30
5651,VISA 16 digit,Dr. Nicole Barton,180016849680416,034,01/36
5652,VISA 19 digit,Mr. John Bowman,4004844624963,724,06/31
5653,American Express,Anthony Thomas,3541144896374424,658,03/30
5654,Diners Club / Carte Blanche,Jay Holt,4685665946175803,136,03/29
5655,JCB 16 digit,Caleb Williams,4782495638160042,598,06/33
5656,Maestro,Jacob Ellis,30554938074416,345,06/31
5657,Discover,Nicholas Williams,6011235016297893,933,02/35
5658,VISA 19 digit,Shaun Price,4411114175305,308,03/35
5659,Discover,Margaret Barber,3505268019636288,249,12/27
5660,Maestro,Derrick Vega,4516606166709017,927,01/27
5661,VISA 13 digit,Kelsey Mcfarland,4472184730627661,345,10/28
5662,VISA 13 digit,Autumn Walker,6011247173192569,726,03/26
5663,Mastercard,Katherine Rose,3565192911832737,333,07/35
5664,VISA 16 digit,Kyle Garner,4211188852940,185,08/27
5665,VISA 16 digit,Cathy Lewis,4506474720470564,265,12/30
5666,JCB 16 digit,Timothy Simmons,561051658566,111,12/33
5667,VISA 13 digit,Amanda Koch,4718379571610891,459,01/28
5668,VISA 16 digit,Mary Mooney,4111542001521425,007,01/35
5669,VISA 13 digit,Christina Harris,4452022270770,941,05/35
5670,JCB 16 digit,James Hutchinson,4429438387414,747,08/26
5671,JCB 16 digit,Pam Castro,3562966446038495,207,03/33
5672,VISA 16 digit,Elijah Burton,4600556635862730,343,09/32
5673,VISA 16 digit,Michael Morris,346121917316512,689,11/28
5674,American Express,Jared Howard,4445489183351727166,548,02/27
5675,JCB 16 digit,Ebony Conley,3536895805579182,169,06/32
5676,VISA 16 digit,Kevin Pugh,5217689990949925,467,09/29
5677,VISA 19 digit,Terrence Brown,4635808684095,758,01/32
5678,American Express,Paige Davis,676283781307,713,09/31
5679,Maestro,Tara Simon,6530749512713262,650,09/30
5680,JCB 16 digit,Terri Gonzales,4324368925335,955,03/27
5681,JCB 15 digit,Amanda Montes,3567597762167322,596,05/27
5682,Maestro,Tony Wilson,4475979636883,274,04/34
5683,Diners Club / Carte Blanche,Kathryn Barrett,180002423579299,529,10/35
5684,JCB 15 digit,Russell Navarro,30527205765452,290,09/30
5685,Mastercard,Angela Mills,2299219689792523,9538,01/30
5686,Mastercard,Richard Simmons,30335015692365,420,10/26
5687,American Express,Joshua Woods,4771845211749,649,09/34
5688,JCB 16 digit,Lynn Reese,3592805269630075,388,05/31
5689,American Express,Seth Allen,4156881030458213961,502,04/26
5690,VISA 13 digit,Harold Mendez,4080127658351115,284,04/31
5691,JCB 16 digit,Vanessa Harris,3560341054057868,051,04/26
5692,VISA 16 digit,Robert Davis,060400816546,162,06/34
5693,Discover,Mr. Gary Griffith,6011853897611451,831,04/27
5694,Mastercard,Christine Wallace,3550778397934448,803,09/26
5695,American Express,William Durham,4875340740068,948,09/28
5696,Discover,Justin Hansen,4961550259335402223,148,07/32
5697,Discover,Julia House,5472130655958687,697,12/30
5698,JCB 16 digit,Benjamin Gray,3549311734704136,380,10/35
5699,Diners Club / Carte Blanche,Elizabeth Mcmahon,6586259831195368,288,04/26
5700,JCB 16 digit,Shane Nichols,4855879555693162,2703,06/29
5701,VISA 13 digit,Joseph Phillips,5449764107924812,791,08/26
5702,Maestro,Joseph Hanson,2260088583212390,736,03/31
5703,JCB 15 digit,Samantha Wilson,3597410158074827,083,11/35
5704,JCB 16 digit,Colleen Garrett,3550667862033747,190,05/32
5705,Discover,Natalie Everett,3577228516450685,529,07/30
5706,Diners Club / Carte Blanche,Hannah Cook,4445936105538,454,09/28
5707,Diners Club / Carte Blanche,Danielle Fuller,30580625633727,447,10/26
5708,VISA 16 digit,Joseph Mann,3594040912253780,932,02/26
5709,JCB 15 digit,Daniel Marquez,349511524862352,145,08/34
5710,JCB 16 digit,Tanner Bennett,3504881650056086,457,07/26
5711,Mastercard,Crystal Sandoval,379409725934083,724,07/31
5712,VISA 16 digit,Jeffrey Mann,2707927498643127,094,12/33
5713,VISA 16 digit,Charlene Wilson,4162914855345888,170,05/32
5714,Discover,Thomas Love,30556704520514,570,01/28
5715,VISA 16 digit,Robert Hall,3531226995891101,619,05/34
5716,JCB 15 digit,Derrick Tapia,30336191519612,371,11/29
5717,American Express,Joseph Rush,36703691195413,280,08/34
5718,JCB 16 digit,Pamela Diaz,3545935729839384,093,07/28
5719,VISA 13 digit,Rick Barker,30239766871873,545,11/29
5720,VISA 19 digit,Christopher Thompson,3539986913911511,793,06/29
5721,JCB 16 digit,Christina Gilmore,341614265616637,149,06/31
5722,VISA 19 digit,Christopher Steele,060495225074,047,12/33
5723,Maestro,Mrs. Samantha Garza,30060768120105,821,02/30
5724,VISA 16 digit,Kathryn Brooks,676244063456,200,06/33
5725,VISA 16 digit,Anthony Mathis,4262866816772,986,04/28
5726,American Express,Holly May,348989867247442,270,09/27
5727,VISA 16 digit,Francisco Garrison,4914544122490,428,11/29
5728,JCB 15 digit,Anita Adkins,213198531620487,751,02/34
5729,VISA 16 digit,Scott Jackson,676241130225,854,11/30
5730,Mastercard,Beverly Alvarez,30015630544874,919,10/30
5731,VISA 16 digit,Samuel Strickland,2228413545377647,261,04/33
5732,VISA 19 digit,Deborah Wilson,30253802485945,5336,01/33
5733,Maestro,Mary Lambert,342620228554202,649,12/35
5734,JCB 16 digit,Vanessa Garcia,4128215234638212440,235,04/30
5735,Diners Club / Carte Blanche,Robert Edwards,4632625069485,208,12/28
5736,VISA 16 digit,Donna Perez,4584883491494250204,541,03/35
5737,VISA 16 digit,Kevin Fernandez,3539297396890564,397,09/31
5738,Diners Club / Carte Blanche,Carol Johnston,30199158239081,8556,03/29
5739,Diners Club / Carte Blanche,Donna Garcia,3565524755584489,665,06/32
5740,VISA 13 digit,Amanda Malone,4119848803451279,034,02/27
5741,VISA 13 digit,James Fields,4114527047611634,577,11/32
5742,JCB 15 digit,Michael Vargas,6596756024390316,183,09/32
5743,JCB 15 digit,John Ramsey,2284367127077416,549,11/27
5744,Discover,Richard Lopez,342196982340203,391,04/31
5745,JCB 15 digit,Scott Harris,4138024685619741,085,08/27
5746,Mastercard,Derrick Delacruz,213153355091869,857,08/32
5747,Mastercard,Stanley Bailey,4969596888935,436,12/33
5748,Diners Club / Carte Blanche,Taylor Hamilton,4495724839806,910,08/34
5749,American Express,Anthony Richards,30312476025740,281,03/30
5750,American Express,Thomas Cordova,3526495792625163,5559,04/34
5751,VISA 16 digit,Christopher Smith,4886517506455,083,01/27
5752,American Express,Matthew Small,6011150844027737,985,11/32
5753,JCB 16 digit,Stephanie Golden,180004730052879,237,02/27
5754,JCB 15 digit,Arthur Parsons DDS,4850446244455,339,12/26
5755,Discover,Ruth Willis,6573758386723958,635,07/32
5756,American Express,James Smith,4254171453833786,609,11/26
5757,VISA 19 digit,Allison Pratt,630444407245,312,01/31
5758,VISA 16 digit,Paul Buchanan,3552220325152411,075,06/32
5759,Discover,Lisa Adams,213196481725769,134,07/29
5760,VISA 16 digit,John Wells,3506485796682868,367,06/32
5761,JCB 16 digit,Leslie Washington,4447562509242170,739,07/30
5762,VISA 16 digit,Gregory Collins,6011109762259607,973,12/29
5763,JCB 15 digit,Jordan Davis,502086841405,6575,08/34
5764,Diners Club / Carte Blanche,Phillip Green,3582457730649268,938,08/27
5765,JCB 16 digit,Travis Singh,4012520470553061,440,03/26
5766,VISA 19 digit,Mr. William Day,6011319228630024,736,01/27
5767,Maestro,Michael Burns,6011383699288746,674,06/31
5768,American Express,Christopher Sampson,4648466245891265,951,08/27
5769,JCB 16 digit,Marisa Odonnell,3565924010645465,853,12/26
5770,VISA 16 digit,Craig Johnson,4017815484537513,201,11/27
5771,Discover,Ryan Moore,180080786133250,116,11/30
5772,American Express,William Davis,213124713401439,173,08/27
5773,American Express,Rhonda Morris,3502898597056609,038,12/35
5774,VISA 19 digit,Travis Washington,4131562668673570,397,10/29
5775,JCB 15 digit,Tara Lawson,4904230943200,957,12/29
5776,Mastercard,James Ramos,30429572077993,667,04/35
5777,VISA 16 digit,Heather Miller,3503440738793060,523,02/33
5778,VISA 19 digit,Richard Foster,3543105386709690,032,01/34
5779,VISA 16 digit,Susan Thomas,4072750242173776,480,03/33
5780,VISA 19 digit,Denise Barry,374712853076972,935,08/34
5781,Mastercard,Tyler Lawrence,6011794151331636,442,12/29
5782,Discover,Rachel Leon,5388185663509800,089,09/27
5783,VISA 16 digit,Katie Skinner,5573251656955338,940,06/26
5784,Discover,Amanda Hull,3528001520089744,0357,10/27
5785,Maestro,Alison Pineda,213194624539890,508,09/28
5786,VISA 16 digit,Adam Berry,5422704659022996,276,11/29
5787,VISA 16 digit,Diana Knapp,3571606866508507,041,01/32
5788,VISA 16 digit,Jennifer Keith,3550999594070071,362,12/33
5789,VISA 13 digit,Richard Singleton,180079706247018,882,08/35
5790,VISA 16 digit,Kelly Porter,4567579857707354872,539,06/29
5791,JCB 15 digit,Kevin Branch,2261630643198439,754,07/33
5792,Mastercard,Eric Hamilton,2695033515546742,265,05/29
5793,Diners Club / Carte Blanche,Gina Jackson,30464883648174,671,07/26
5794,VISA 16 digit,Anthony Coleman,3579275835312342,673,12/28
5795,VISA 16 digit,Teresa Taylor,4127748093650699,411,12/29
5796,JCB 15 digit,Stephanie Blackburn,213105016488686,530,06/33
5797,VISA 16 digit,Brandon Stevens,2232795506517524,874,03/27
5798,Mastercard,Beth Jones,4735523255161387,532,05/33
5799,JCB 16 digit,Timothy Cohen,3501480505480899,391,07/28
5800,Diners Club / Carte Blanche,Troy Hernandez,4593133367878158,878,07/34
5801,American Express,Christine Delgado,3581447014918654,747,01/27
5802,JCB 15 digit,Haley Schwartz,3565304683703729,058,01/28
5803,Mastercard,Deanna Perez,180032295454735,428,08/35
5804,JCB 15 digit,Whitney Long,676100751236,332,08/26
5805,JCB 16 digit,Edward Rogers,30428469728239,391,09/32
5806,JCB 16 digit,Morgan Stone,566633922976,600,07/27
5807,VISA 16 digit,William Schmidt,4980305060383148736,979,11/29
5808,JCB 15 digit,Jimmy Jones,4251645093520948,908,10/35
5809,VISA 19 digit,Brandon Frazier,2411636129145819,336,11/34
5810,Maestro,Sue Hunter,4578398935667828436,719,06/29
5811,VISA 19 digit,Dustin Williams,3562819224510112,626,06/29
5812,Diners Club / Carte Blanche,Melissa Noble,4076913079393984,085,10/28
5813,VISA 13 digit,George Arellano,4221343634475890,552,11/27
5814,Discover,Thomas Barnes,4205718937241299,0423,08/27
5815,VISA 19 digit,Abigail Cooper,3563275250586386,010,01/27
5816,VISA 13 digit,Bryan Gonzales,30545545161273,090,09/32
5817,Mastercard,Daryl Ray,4367352106473980,907,04/26
5818,VISA 16 digit,Ana Kelly,30550948602766,4097,11/27
5819,Maestro,Michelle White,180063006285324,195,05/29
5820,American Express,Christina Lewis,38386800517780,896,05/32
5821,Mastercard,Maria Smith,4566296407074489259,234,03/33
5822,Mastercard,Robert Parsons,374856941495478,6181,09/33
5823,Maestro,Shannon Matthews,372035373657432,867,09/26
5824,Maestro,Tyler Hansen,3503280609405554,663,01/32
5825,VISA 16 digit,Jennifer Flores,213107244063216,499,01/29
5826,Diners Club / Carte Blanche,Kimberly Moore,4285411710091791,973,10/31
5827,VISA 13 digit,Kristin Weaver,676165182574,520,04/34
5828,Mastercard,Beth Soto,4270492982044194,766,09/29
5829,VISA 16 digit,John Lewis,3591228259761852,623,10/29
5830,VISA 13 digit,Christopher Ortiz,4664520629286863523,836,09/31
5831,JCB 16 digit,John Goodman,4155592466013,694,02/28
5832,JCB 16 digit,Jennifer Thompson,3501558680149452,846,11/26
5833,VISA 13 digit,Laura Carlson,4665489008913496,469,09/35
5834,VISA 16 digit,Lisa Hall,4714403458171712,114,01/29
5835,VISA 16 digit,Craig Rios,4117650215586929726,872,04/30
5836,VISA 19 digit,Jacob White,347022312119411,820,01/34
5837,VISA 13 digit,Shannon Garrett,4103465757471522,928,07/34
5838,Discover,Larry Bowman,30158930038534,106,12/28
5839,Discover,Teresa Hopkins,349359023772163,711,10/30
5840,VISA 19 digit,Samuel Harris,3598303810973206,011,03/34
5841,VISA 13 digit,Jeffery Kramer,3562029053812734,551,01/32
5842,VISA 16 digit,Kirsten Ross,213197070544512,705,10/29
5843,Maestro,Yvonne Harrington,213118977765786,691,02/36
5844,Discover,Jaclyn Charles,3587788520675856,342,09/29
5845,American Express,Joseph Marshall,4748172000285300,034,12/30
5846,JCB 16 digit,Jesse Drake,6011732184735415,263,12/26
5847,VISA 16 digit,John Freeman,4029515254483149916,413,06/32
5848,Mastercard,Tiffany Oconnor,3555115318367819,296,11/32
5849,Diners Club / Carte Blanche,Courtney Lewis,370302056320270,119,10/32
5850,VISA 19 digit,Joseph Roberts,3504633893577646,896,06/29
5851,VISA 16 digit,Jennifer Flynn,4807278965159212,1972,06/30
5852,JCB 16 digit,David Turner,30510585975156,848,11/28
5853,Maestro,Joshua Rice,4688771434469,957,04/26
5854,VISA 19 digit,Aaron Haynes,4785763702136223,165,04/27
5855,Discover,Lori Lawson,30305010641600,717,08/27
5856,VISA 16 digit,Melissa Scott,6011145355869881,387,06/32
5857,VISA 19 digit,Miss Samantha Benitez,4983148237508286071,708,05/35
5858,Mastercard,Scott Vasquez,639022646728,071,08/35
5859,VISA 16 digit,Clarence Warren,6530586767794252,096,06/30
5860,JCB 16 digit,Brandon Hall,3560334763384103,896,01/36
5861,Discover,Dustin Ramirez,4479269070910,859,05/27
5862,JCB 15 digit,Christopher House,2285252253197742,923,12/26
5863,Maestro,Brandon Harvey,501866868562,5337,09/34
5864,VISA 16 digit,Ariel Ferguson,2235998415013349,955,01/36
5865,VISA 19 digit,Taylor Lane,6011559582750658,095,06/28
5866,VISA 19 digit,Donna Pace,630437947884,729,12/33
5867,VISA 16 digit,Margaret Carlson,4708550094908689,225,07/27
5868,VISA 19 digit,Stacy Martin,30375117358606,053,11/35
5869,VISA 16 digit,Edward Fritz,4761203748044352427,457,10/30
5870,VISA 16 digit,Shirley Morgan,4387553381226215160,057,12/28
5871,Mastercard,Tami Sharp,4787379304811549,040,11/26
5872,American Express,William Rodriguez,6011648397594219,0200,07/32
5873,Discover,Kirsten Weber,4424412345903477,799,01/32
5874,VISA 19 digit,Shelia Pennington,4088011008038626,954,04/28
5875,JCB 16 digit,Gordon Wong MD,213193586792125,093,01/29
5876,Diners Club / Carte Blanche,Steven Mckay,372611001405343,406,10/26
5877,American Express,Adam Hansen,4141840687740374,009,10/30
5878,JCB 15 digit,Latoya Parrish,30064212855944,636,11/29
5879,Maestro,April Vaughn,376334378128150,405,11/28
5880,VISA 13 digit,James Adams,4974353357411906,806,01/27
5881,Discover,Patrick Suarez,180080190128524,674,08/34
5882,American Express,Timothy Anderson,6011770970001246,5607,02/32
5883,American Express,Donna Martinez,213147499704767,338,05/35
5884,Maestro,Hannah Bass,378040540376050,625,05/30
5885,American Express,Morgan Wilson,180032768161247,791,10/35
5886,Diners Club / Carte Blanche,Stephanie Cruz,6548191690875086,152,07/33
5887,Diners Club / Carte Blanche,Michael Ayala,6011054182921610,697,12/35
5888,American Express,Tiffany Spencer,4699615070975415,310,05/31
5889,JCB 15 digit,Mr. Carl Espinoza,30551171093269,841,04/31
5890,VISA 19 digit,Nathan Pennington,4627403190595000,735,02/26
5891,VISA 19 digit,Laura Jones,2295179371680291,204,12/29
5892,VISA 16 digit,Tony Meza,4670618848416,112,10/31
5893,Diners Club / Carte Blanche,Mary Blankenship,3592623724978504,811,10/29
5894,JCB 16 digit,Nicole Hansen,4264024180104915541,010,07/31
5895,Diners Club / Carte Blanche,Randy Byrd,4837131292209362,310,02/28
5896,Diners Club / Carte Blanche,Steven Mercer,4844318399409315,386,02/32
5897,VISA 16 digit,Richard Brown,3551751048547512,285,12/34
5898,VISA 19 digit,Paul Henderson,4962434183733554270,953,11/34
5899,VISA 13 digit,Edward Powell,4734255432433154,262,07/26
5900,American Express,Diane Brown,4262121062812945,856,04/29
5901,VISA 16 digit,Jesus Holloway,630452371069,853,02/35
5902,VISA 16 digit,Melissa Collins,4980390913729274,033,05/33
5903,JCB 16 digit,Benjamin Cabrera,3574898425639041,884,03/34
5904,JCB 16 digit,Crystal Rojas,3513552173239926,157,03/26
5905,JCB 16 digit,Courtney Hamilton,4166201415309,580,12/26
5906,VISA 13 digit,Mariah Craig,3526799758849588,040,02/33
5907,VISA 16 digit,Tamara Boyd,30208304403309,559,07/33
5908,Mastercard,Nicole Walker,4912692742260642,842,02/32
5909,JCB 16 digit,Denise Logan,3566057842853616,149,09/35
5910,American Express,Laura Mccoy,6507418125351063,235,02/29
5911,JCB 15 digit,Gail Gonzales,6011766781093620,211,06/34
5912,JCB 16 digit,Mallory Castro,180055339587129,169,12/29
5913,American Express,Michael Payne,3552700017348096,908,12/32
5914,Discover,Andrea Kennedy,3500771988248352,342,09/26
5915,Mastercard,Ashley Lee,373852710986285,785,08/31
5916,Maestro,Denise White MD,2232301342414461,499,10/35
5917,JCB 16 digit,Rachel Martinez,343608777315249,743,10/35
5918,VISA 13 digit,Yvonne Hoffman,3576562968320793,365,02/35
5919,VISA 16 digit,Derek Kerr,180014028894981,663,07/29
5920,JCB 16 digit,Donna Schwartz,3522840583215688,655,11/26
5921,VISA 16 digit,Greg Hines MD,5477373477584092,950,06/29
5922,VISA 16 digit,Dr. Ryan Mckinney,3507573094792916,560,03/34
5923,VISA 19 digit,Kyle Hubbard,30055971287220,870,03/27
5924,JCB 16 digit,Stephanie Jackson,3585575627896614,506,03/27
5925,Diners Club / Carte Blanche,Kimberly Jenkins,3576885717980397,8927,09/28
5926,JCB 16 digit,Joseph Young,30360196076642,239,10/35
5927,JCB 15 digit,Dan Perez,4187002284966940024,691,12/35
5928,Diners Club / Carte Blanche,Aaron Church,180049595290726,695,07/28
5929,VISA 19 digit,Paul Daniel,3526414483223642,7243,03/26
5930,JCB 16 digit,Donald Clark,4787617077863910,353,01/27
5931,VISA 16 digit,Stephanie Chavez,2475068804007523,536,11/31
5932,Diners Club / Carte Blanche,Emily Alexander,3573666026216902,5208,03/26
5933,JCB 15 digit,Jessica Howard,630419328673,164,11/28
5934,VISA 19 digit,Charles Cline,4327205933419353,959,07/34
5935,VISA 19 digit,Melody Flores MD,4887572070481001383,527,09/34
5936,JCB 16 digit,Taylor Andrews,6011940350650785,628,12/34
5937,Mastercard,Jesus Vazquez,30322544761945,369,04/29
5938,VISA 19 digit,Karen Ferguson,3530946072868125,352,10/30
5939,American Express,Amanda Rangel,30008489706322,021,04/26
5940,Discover,Travis Huff,341597125964315,1211,07/35
5941,VISA 16 digit,Katelyn Baker,4291223656363163,914,03/35
5942,VISA 19 digit,Meagan Landry,2714858711902704,526,01/33
5943,VISA 16 digit,Jennifer Chaney,376561985432894,8185,11/29
5944,JCB 16 digit,Michael Mcdonald,180093652581692,651,01/36
5945,Diners Club / Carte Blanche,Sara Obrien MD,180093886162327,025,03/26
5946,VISA 16 digit,Nicholas Kline,2283041194429716,152,06/27
5947,VISA 16 digit,Rebecca Harris,213113555131766,392,06/34
5948,Maestro,Debbie Mack,3546101464451468,044,02/35
5949,VISA 16 digit,Dustin Wood,5304546688642358,611,02/28
5950,VISA 19 digit,Briana Johnson,3505367967795102,094,11/35
5951,JCB 16 digit,Karen Gardner,3577123622609813,451,09/26
5952,JCB 15 digit,Rebecca Powell,6567356971910664,413,06/28
5953,VISA 19 digit,Angela Lee,180017534398918,366,08/33
5954,JCB 15 digit,Chelsea Adams,4009755646879793,686,06/32
5955,Mastercard,Michelle Brown,3542681697436364,545,05/27
5956,JCB 16 digit,Toni Rodriguez,4177048305861146,209,06/27
5957,JCB 16 digit,Dean Mcneil,4262546095106441721,756,04/35
5958,JCB 15 digit,David Kelly,4141734414706131,211,06/27
5959,JCB 16 digit,Grace Zamora,4978604007891,185,04/32
5960,VISA 13 digit,David West,4063413305688351,542,09/30
5961,Mastercard,Antonio Wheeler,30152687482607,136,12/29
5962,VISA 16 digit,Debbie Kelley,4028796572524,383,06/31
5963,Maestro,Paul Everett,3537383840105601,062,12/33
5964,American Express,Danny Wise,2667798574646419,896,05/33
5965,American Express,Roger Sharp,4725392547910890,312,02/31
5966,VISA 16 digit,Brandi Spears,6011052114292217,388,09/28
5967,VISA 19 digit,Colleen Lucas,180070473194897,342,05/31
5968,VISA 16 digit,Patricia Gonzales,213140304691196,667,05/34
5969,JCB 16 digit,Rachel Webster,4798955391471805,553,09/28
5970,VISA 19 digit,Julie Schneider,213120250985149,441,01/27
5971,JCB 16 digit,Shawn Fisher,5455197489883465,975,02/30
5972,VISA 16 digit,Jessica Powell,503842745807,218,03/34
5973,VISA 16 digit,Robert Ramos,3530164712419859,502,08/28
5974,Mastercard,Timothy Alvarez,4558486881086366,500,11/33
5975,American Express,Christine Estrada,4243720981503552,572,05/31
5976,Mastercard,Daniel Fox,370600428837735,444,05/31
5977,VISA 16 digit,Kelly Thomas,30371457543345,233,07/30
5978,Diners Club / Carte Blanche,Anna Kirk,38690561399605,554,09/33
5979,American Express,Mary Bell,4634254114357212,843,10/29
5980,Discover,Miss Patricia Bradley,4018090809849923621,241,02/26
5981,JCB 16 digit,Natasha Bowen,585469899900,441,01/35
5982,JCB 16 digit,Robert Lee,180055365810064,026,12/30
5983,VISA 13 digit,Paula West,3561037049463075,0565,09/29
5984,American Express,Angela Mcbride,4868585659956939286,201,09/30
5985,Mastercard,Bobby Harris,4699242883549,690,07/28
5986,Maestro,Katherine Romero,30108307372941,058,05/29
5987,JCB 15 digit,Gary Mills,4147982256690,717,11/30
5988,VISA 16 digit,Sheila Mendoza,3517117115812564,547,10/26
5989,JCB 15 digit,Wesley Baker,3582894895483093,483,11/28
5990,Maestro,Walter Benson,4488741207400807614,811,03/30
5991,VISA 16 digit,Jesse Allen,4488966617055,118,11/30
5992,Discover,Sarah Holmes,6011283766543405,377,09/31
5993,VISA 16 digit,Jennifer Cooper,4377484792720723548,460,09/29
5994,VISA 16 digit,Amanda Ray,4232537371427322,2089,09/28
5995,JCB 16 digit,Kimberly Boone,6540460412843856,897,08/29
5996,VISA 19 digit,Sarah Davis,3575746352143439,552,01/28
5997,VISA 16 digit,Matthew Williams,2298997541964767,855,09/32
5998,American Express,Deborah Mclaughlin,4392970330886831,379,12/34
5999,VISA 16 digit,Brittany Mckenzie,5304320002578825,690,08/27
6000,American Express,Edward Santos,4335146875688540,799,06/26
6001,VISA 16 digit,James Garcia,348548634914773,180,09/27
6002,JCB 16 digit,Terry Matthews,30546391234503,896,08/28
6003,JCB 15 digit,Kathleen Dominguez,378789161393196,006,06/33
6004,JCB 16 digit,Austin Smith,30237638015653,601,05/29
6005,Mastercard,Robert White,5253456176587761,642,08/27
6006,VISA 13 digit,Shawna Mclaughlin,6517000757773448,951,10/26
6007,American Express,David Rodriguez,30556912430464,290,06/28
6008,VISA 16 digit,William Campbell,3516004353744355,474,12/26
6009,Maestro,Jennifer Boyd,4509540785413,438,05/33
6010,JCB 16 digit,Madison Thompson,5304042228483768,012,08/28
6011,VISA 16 digit,Todd Smith,4976277710676,245,04/28
6012,VISA 16 digit,Justin Payne,3559592210016361,044,09/32
6013,VISA 13 digit,Chris Bonilla,4153275480884936,150,10/26
6014,JCB 16 digit,Tiffany Warner,6512686957965613,3498,11/30
6015,VISA 19 digit,Susan Watson,2264851558735513,876,12/35
6016,JCB 16 digit,Jennifer Hicks,370639882094995,019,12/28
6017,Mastercard,Hannah Adams,502042073804,783,03/35
6018,VISA 13 digit,Susan Spencer,4035571147083,157,04/34
6019,JCB 15 digit,George Ward,180038753700048,874,06/33
6020,American Express,Jeremy Owens,3553414140746080,386,04/34
6021,VISA 16 digit,Ronald White,36782442667516,736,08/30
6022,VISA 19 digit,Sara Padilla,2299375383238732,012,11/32
6023,VISA 16 digit,Garrett Case,3544530930347060,877,05/28
6024,VISA 13 digit,Travis Cain,3501160400352530,166,08/34
6025,JCB 16 digit,James Riley,4122795001773126,042,09/27
6026,Discover,Ryan Welch,376047021571309,466,08/31
6027,Discover,Daniel Smith,3514951826240779,657,03/27
6028,Diners Club / Carte Blanche,Richard Jones,4710429310116490,790,03/34
6029,VISA 13 digit,Matthew Browning,375592348409924,901,10/30
6030,Mastercard,Emily Carson,4425833938087270,835,06/32
6031,Mastercard,Matthew Ward,4256392701546719,071,06/31
6032,VISA 16 digit,Dana Erickson,577231912954,3066,02/36
6033,American Express,Craig Escobar,4484116105281,354,11/26
6034,JCB 16 digit,Karen Shelton,376034207150389,584,07/32
6035,Diners Club / Carte Blanche,Savannah Morrison,3548230003248800,970,01/32
6036,VISA 16 digit,Amanda Guzman,4299129743725151,046,06/31
6037,Discover,Thomas Brooks,2269838631019465,067,11/35
6038,American Express,Leah Shannon,30306903803885,565,04/33
6039,Mastercard,Joshua Little,4415581254810794855,866,04/32
6040,Maestro,Stephen Davis,6524342412704116,107,01/34
6041,Mastercard,Brent Kim,3524532822923309,616,05/29
6042,Discover,Scott Smith,4990658967151,624,07/35
6043,Discover,Daniel Chandler,4666295703171598078,840,06/30
6044,VISA 19 digit,Donna Casey,30224450724745,217,10/31
6045,American Express,Tanner Schmidt,4583088295649158,628,10/33
6046,Discover,Glenn Jackson,3506029488050362,338,01/30
6047,VISA 13 digit,Andrew Wallace,676243132138,811,03/30
6048,American Express,Rhonda Rowe,4356980769469,751,12/33
6049,JCB 16 digit,Colin Alvarez,3567275936678983,964,07/30
6050,JCB 16 digit,George Brown,6514613299519468,235,02/32
6051,American Express,Dylan Nunez,4663432098222693,692,11/32
6052,American Express,Stephanie Day,3578951828129304,482,07/35
6053,Discover,Willie Graves,676372118080,221,12/32
6054,JCB 15 digit,Anthony Powell,4275847684504818941,880,05/27
6055,JCB 16 digit,April Miller,4774131864585,664,09/26
6056,JCB 16 digit,Crystal Wood,180022366638712,385,07/27
6057,VISA 13 digit,Daniel Murphy,3597818479081109,117,06/34
6058,Discover,Melvin Jarvis,4830483048734277,212,09/31
6059,JCB 15 digit,Debra Hanson,180055459936049,364,02/35
6060,VISA 19 digit,Patricia Long,4119224822595068,844,11/28
6061,American Express,Sherry Carter,38302206573426,627,02/35
6062,Discover,Cynthia Mcdaniel,630407097579,740,03/28
6063,Discover,Pamela Walsh,4158379861737,994,10/30
6064,Discover,Aaron Gallegos,341866781555547,236,07/34
6065,Maestro,Christopher Rodriguez,4754879921091606,043,05/32
6066,VISA 19 digit,Yvonne Mason,2270009619444086,852,07/28
6067,VISA 16 digit,Michael Fernandez,213147446222756,937,08/33
6068,VISA 16 digit,Devon Lee,503896474080,488,04/34
6069,American Express,Anita Nunez,3568617792535618,011,05/30
6070,JCB 16 digit,Sarah Maxwell,4030579770862083,284,12/32
6071,VISA 16 digit,Rebecca Griffin,4226010632245,684,07/34
6072,Diners Club / Carte Blanche,Michael Buck,502089618123,352,03/30
6073,JCB 15 digit,Angelica Ramos,6011300884031723,505,09/26
6074,Discover,Robert Young,3580432300421770,261,09/32
6075,JCB 15 digit,Jennifer Murray,4206042382481667,442,10/35
6076,Discover,Eric Brooks,3584088257324379,277,04/29
6077,VISA 16 digit,Kelsey Perez,579124810741,928,07/26
6078,VISA 16 digit,Emily White,4863247443189100,405,10/27
6079,JCB 15 digit,Derek Shah,6011750419171545,991,10/32
6080,Mastercard,Kelsey Guzman,4223808757923924,2457,09/29
6081,American Express,Aaron Lopez,2714199113965068,778,12/31
6082,JCB 16 digit,Danielle Garcia,4080813345110400649,000,04/30
6083,Diners Club / Carte Blanche,Michael Gonzalez,30122806707523,335,01/36
6084,VISA 19 digit,Laura Thompson,4947119115025503840,706,04/31
6085,VISA 16 digit,Calvin Waller,3527292557823946,055,02/33
6086,Diners Club / Carte Blanche,Laura Meyers,3533839026416793,483,03/26
6087,American Express,Javier Pena,3535548329744474,697,03/29
6088,JCB 15 digit,Drew Maldonado,4482121877019,688,08/32
6089,JCB 16 digit,Matthew Mcgrath,36069219195891,222,10/28
6090,Maestro,Robert Peters,2274718768031207,192,12/30
6091,JCB 16 digit,Madison Perez,4132666248845415113,094,01/34
6092,Diners Club / Carte Blanche,Joanne George,36301806762977,838,11/28
6093,VISA 19 digit,Virginia Gross,4521404075855483710,2112,09/29
6094,VISA 19 digit,Jessica Barnes,180065271659836,161,12/35
6095,Diners Club / Carte Blanche,Tanya Moore,561387959647,096,12/32
6096,VISA 13 digit,Michelle Parks,6507869480136996,595,05/31
6097,Maestro,Kerri Morrison,6011796038179625,903,09/29
6098,Mastercard,Christina Frey,4596233129608369,664,12/35
6099,JCB 16 digit,Allison Carpenter,373667233723290,179,04/29
6100,VISA 13 digit,Mary Jimenez,4679097086348529,115,03/27
6101,Mastercard,Wendy Green,344311702474319,178,02/32
6102,Mastercard,Taylor Rodriguez,180019703259871,124,04/35
6103,Diners Club / Carte Blanche,Sarah Russell,6011693569027804,775,12/27
6104,Diners Club / Carte Blanche,Dustin Woods,4680638467971614454,7430,03/31
6105,VISA 16 digit,Justin Stone,4852303857200736,089,11/30
6106,JCB 15 digit,Joel Christensen,2277965169631591,0645,08/34
6107,VISA 19 digit,Robert Petersen,6011413434640693,664,11/27
6108,VISA 13 digit,Dylan Williams,3507242913858965,631,06/33
6109,Discover,Bradley Turner,3579709047681250,014,04/35
6110,Maestro,David Morrow,370312570360694,323,01/32
6111,JCB 16 digit,Frank Arnold,2720758080271214,115,09/29
6112,JCB 16 digit,Austin Mcgee,347471705621022,161,10/28
6113,VISA 13 digit,Ryan Lawson,213156811861643,8618,04/28
6114,JCB 15 digit,Renee Campbell,060464111511,946,04/27
6115,VISA 16 digit,Courtney Davis,4240484288240442255,876,11/27
6116,American Express,Deborah Suarez,4527939480016638,7137,08/26
6117,VISA 13 digit,Sarah Valencia,503877884810,245,07/32
6118,American Express,Timothy Hines,180033771822510,596,10/33
6119,Discover,Brandy Reed,4884463073283332450,5243,08/34
6120,Maestro,Susan Fisher,38559612787516,979,11/30
6121,JCB 16 digit,Pamela Grant,3528794350334665,198,04/33
6122,VISA 19 digit,Jennifer Cordova,3585169096051792,946,07/32
6123,American Express,Wayne Peterson,341084750743009,642,08/33
6124,VISA 16 digit,Nicholas Barrett,3548571852907891,454,01/33
6125,JCB 15 digit,Philip Brown,30337541774105,255,02/34
6126,JCB 16 digit,Angela Gomez,30105668129951,994,08/32
6127,Mastercard,Wesley Robinson,6011753939699128,264,07/31
6128,Discover,Harold Moore,4089629691535,186,08/34
6129,Maestro,Daniel White,349244420408746,550,07/31
6130,Mastercard,Jeremy Garza,344533151478406,5411,01/32
6131,American Express,Nancy Perry,4779888484520727015,613,04/28
6132,Diners Club / Carte Blanche,Danielle Walker,4289716694747093,200,05/35
6133,JCB 16 digit,Erin Roberts,3525072971378335,689,01/27
6134,Maestro,Jason Gonzales,2235487187290970,910,10/34
6135,Mastercard,Stephanie Craig,30018465347983,626,09/35
6136,VISA 19 digit,Charles Jordan,4402094292437273,083,11/34
6137,VISA 16 digit,Miranda Walter,4240551060886137475,239,07/32
6138,JCB 15 digit,Dwayne Peterson,3552001983329933,067,12/33
6139,VISA 16 digit,David Valdez,3509863875826894,768,06/30
6140,VISA 16 digit,Michael Smith,4298448380408819334,766,02/28
6141,Maestro,Kari Ruiz,676235621569,949,01/27
6142,American Express,Andrew Travis,4424624723261100,698,10/33
6143,Diners Club / Carte Blanche,Carol Jackson,4401054349389007834,209,04/30
6144,American Express,Tammy Gonzalez,4729846711417477254,6635,11/35
6145,VISA 19 digit,Brian Gutierrez,3584566165365295,081,02/26
6146,VISA 16 digit,Donna Peck,4316031635719759740,187,04/29
6147,JCB 15 digit,Victoria Le,370928830521492,9905,10/27
6148,Discover,Denise Benjamin,4568110323153,971,06/34
6149,VISA 13 digit,Steven Russo,3539711957871722,915,08/35
6150,VISA 19 digit,Jennifer Marquez,3589546862764318,8448,04/33
6151,VISA 19 digit,Brenda Mitchell,30493991126799,420,12/30
6152,VISA 19 digit,Carol Hensley,6541766156773235,401,05/26
6153,American Express,Stephen Blake,676388436526,024,04/30
6154,VISA 16 digit,Gabriela Brock,2229870621201018,055,04/29
6155,Discover,Christy Williams,571170565592,658,05/34
6156,JCB 16 digit,Douglas Scott,3504828271632647,106,04/31
6157,Discover,Robert Preston,30388735352364,515,08/34
6158,Discover,Anna Ortiz,30035032454852,443,04/34
6159,VISA 13 digit,Samantha Gallegos,2260262880059982,8570,06/33
6160,Diners Club / Carte Blanche,Michael Smith,2720069463307991,399,11/32
6161,VISA 16 digit,Rachel Shepherd,340484947354911,975,09/30
6162,Maestro,Robert Johnson,3570376117211340,856,03/35
6163,VISA 13 digit,Michael Williams,3547681126443077,920,05/35
6164,VISA 13 digit,Michelle Palmer,30325420615044,338,11/31
6165,JCB 16 digit,Jason Powell,579675035607,882,10/31
6166,American Express,Craig Walls,3582812798599492,367,09/26
6167,Mastercard,Matthew Hughes,5396295305012756,514,08/27
6168,JCB 16 digit,Johnny Hamilton,372079616297481,888,05/32
6169,Maestro,Alan Mccullough,3553831166265291,069,04/35
6170,VISA 13 digit,Lisa Ramirez,30394483965357,117,09/34
6171,Maestro,Katrina Steele,180061542765833,481,07/31
6172,Maestro,Abigail Mcpherson,3563217254495453,137,03/31
6173,American Express,John Allen,4261988603910,941,07/31
6174,Maestro,Jonathan Armstrong,6011268633736589,669,04/28
6175,VISA 13 digit,Susan Smith,374272921567064,867,08/27
6176,VISA 13 digit,Jessica Crawford,180067330061343,040,09/31
6177,Discover,Erica Mccoy,4683565292474291,216,08/34
6178,Diners Club / Carte Blanche,Margaret Griffin,4268838731167781,343,07/29
6179,VISA 16 digit,Craig Rivera,4459666721723044251,184,09/31
6180,VISA 16 digit,Brenda Graham,4303170923227448,526,10/28
6181,VISA 19 digit,Dorothy Proctor,4202994862424811,242,01/35
6182,VISA 13 digit,Tracy White,213119656110898,790,09/31
6183,JCB 16 digit,Shannon Oneill,3565092101685392,591,01/34
6184,VISA 16 digit,Sara Saunders,675968439223,9661,04/34
6185,Diners Club / Carte Blanche,John Knox,3500799810587713,293,09/34
6186,JCB 15 digit,Eric Thomas,4785540459272033,523,10/30
6187,JCB 16 digit,Shawn Watson,4700332815802071,367,10/31
6188,VISA 16 digit,Jasmine Byrd,6515383729447834,528,04/35
6189,Diners Club / Carte Blanche,Luke Hood,3501392520425587,4938,02/27
6190,VISA 16 digit,Mrs. Valerie Villanueva,3522458582466481,356,11/27
6191,Mastercard,Dr. Stephanie Cabrera,4563102918876527105,332,03/26
6192,JCB 15 digit,Veronica Love,213116144038459,311,11/35
6193,American Express,Stephen Freeman,675931610546,414,07/26
6194,VISA 13 digit,Krista Johnson,379826174674490,670,03/28
6195,VISA 13 digit,Jesus Flores,4397942960027130,407,03/34
6196,JCB 16 digit,Andrew Macdonald,6011195773880168,936,01/29
6197,JCB 16 digit,Rebecca Johnson,30351556378876,003,01/28
6198,VISA 16 digit,Carol Cabrera,213197774048331,068,07/31
6199,Discover,Michael Rhodes,4528903661049684,866,02/31
6200,JCB 16 digit,Melinda Anderson,4127465689246903,987,12/26
6201,VISA 13 digit,Judith Marshall,630499447492,346,12/31
6202,VISA 16 digit,Lauren Perry,30412635991079,202,06/29
6203,VISA 13 digit,Bryan Zimmerman,2296844639114578,874,11/33
6204,VISA 16 digit,Robert Rodriguez,213141937546179,583,07/33
6205,VISA 16 digit,Natalie Hensley,2456648325569441,472,04/29
6206,American Express,Michael Long Jr.,4529208858076113,386,04/27
6207,Diners Club / Carte Blanche,William Dorsey,4884425223884828,412,10/27
6208,American Express,Andrew Hayes,3517001487917427,657,08/33
6209,Mastercard,Thomas Fowler,379456626526666,820,03/28
6210,Diners Club / Carte Blanche,Brandon Carney,2233738281592790,271,03/28
6211,Diners Club / Carte Blanche,Holly Gutierrez,30538117993850,0000,02/27
6212,Maestro,Bradley Moon,4401449935583233,658,11/35
6213,VISA 19 digit,Joseph Sosa,30292325838628,590,02/27
6214,VISA 13 digit,Charles Medina,4209568501178,627,10/28
6215,Mastercard,Elizabeth Simpson,4990186067914615,851,12/28
6216,VISA 16 digit,Michael Farmer,4220188198835174,796,09/33
6217,JCB 16 digit,Samuel Meza,4930339645102665,612,08/34
6218,VISA 16 digit,Christian Smith,4086693319223992257,521,09/34
6219,VISA 19 digit,Jason Mitchell,562660801944,814,07/29
6220,JCB 16 digit,Scott Brennan,6543503912452871,745,03/35
6221,JCB 15 digit,David Peterson,4924150932363,372,06/32
6222,Diners Club / Carte Blanche,Richard Walters,4155782965215278,806,09/27
6223,Mastercard,Stephen West,4432919220333943,796,10/28
6224,American Express,Richard Schultz,3598407088867469,094,06/28
6225,JCB 15 digit,Christopher Montgomery,348664647758956,486,04/31
6226,VISA 16 digit,Kimberly Williams,3513847902070273,295,04/28
6227,VISA 16 digit,Samuel Blair,5128081734534866,006,10/29
6228,JCB 16 digit,Alexander Orozco,4108728727573718,609,03/26
6229,JCB 16 digit,Cynthia Singh,4833274625497286727,428,03/26
6230,VISA 16 digit,Jennifer Carr,639049194520,620,08/28
6231,Mastercard,Matthew Crawford,6505191974678009,534,03/32
6232,VISA 13 digit,Brian Cummings,676197727784,719,04/29
6233,Mastercard,Katherine Swanson,4065722035470593,136,04/34
6234,VISA 13 digit,Janice Miller,3564829335367151,193,02/31
6235,VISA 16 digit,Matthew Griffin,38705825113624,597,08/35
6236,Diners Club / Carte Blanche,Dustin Diaz Jr.,4182927845165139,4096,12/33
6237,Discover,Alejandra Long,4037101389660354021,1842,10/33
6238,JCB 16 digit,Cameron Miller,3553557183996556,889,04/35
6239,VISA 16 digit,Crystal Silva,3575759541086484,742,03/34
6240,Diners Club / Carte Blanche,Marilyn Young,3565289324935147,482,03/28
6241,Mastercard,Mrs. Patricia Ward,3511184428283400,289,06/34
6242,Diners Club / Carte Blanche,Christopher Briggs,6011576309299397,249,08/26
6243,VISA 13 digit,Donald Swanson,3551269697061966,376,08/28
6244,American Express,Peter Sawyer,346820801417183,225,11/30
6245,American Express,Joseph Johnson,6011081591708650,502,10/30
6246,VISA 16 digit,Austin Smith,4698291261690452688,897,12/30
6247,VISA 16 digit,Heather Anderson,4822776960194986,906,03/35
6248,VISA 19 digit,Jonathan Perry,180056171873486,654,02/31
6249,American Express,Tonya Scott,377461066553909,514,01/31
6250,VISA 16 digit,Jonathan Cruz,4464362926379780,535,11/34
6251,VISA 16 digit,Hannah Spencer,4273833924775808,717,07/29
6252,VISA 16 digit,Zachary Noble,4171895051576096,142,07/26
6253,American Express,Sabrina Burton,4218110796336169,394,05/32
6254,VISA 13 digit,David Osborne,2226395509354500,565,01/33
6255,Mastercard,Sarah Diaz,4631266945661698,483,02/34
6256,JCB 16 digit,Tami Thomas,213113699255877,258,10/32
6257,VISA 16 digit,Karen Houston,4541705557051051,952,01/35
6258,JCB 15 digit,Michael Morales,4529356929004,636,09/28
6259,JCB 15 digit,Shaun Nixon,2257101144851229,028,05/28
6260,Diners Club / Carte Blanche,Jay Lawrence,6011349124158846,382,11/34
6261,Discover,Margaret Carpenter,2274525208997602,777,01/34
6262,JCB 16 digit,Edward Johnson,180012030589987,893,07/29
6263,VISA 16 digit,Samantha Buchanan,4027388899686170560,870,09/32
6264,VISA 13 digit,Aaron Smith,4109873415908260,430,09/33
6265,VISA 19 digit,Jesse Vaughn,676318977946,8245,12/35
6266,VISA 13 digit,John Mckinney,377892355434841,474,07/30
6267,VISA 13 digit,Tammy Villa,503831306835,766,12/28
6268,American Express,Elaine Wilson,4603371954221121,949,04/26
6269,VISA 16 digit,Heather Moreno,378192513558154,744,07/26
6270,Mastercard,Andre Smith,3564230135986201,332,03/30
6271,Diners Club / Carte Blanche,Christopher Hall,30016345864946,913,07/35
6272,Mastercard,Eddie Smith,4274143496368431,157,04/30
6273,JCB 15 digit,Theresa Miller,180074215153906,533,03/30
6274,JCB 15 digit,Teresa Rodriguez,4833319585839334,787,12/28
6275,American Express,Desiree Boyle,6559591211006796,582,01/29
6276,JCB 16 digit,Mark Hutchinson,2505774074106499,907,05/35
6277,VISA 16 digit,Brandon Randall,2550586872630361,941,02/30
6278,VISA 19 digit,Amanda Rosario,4853679493618201516,960,02/34
6279,VISA 19 digit,Angela Huynh,343219411358643,940,02/33
6280,American Express,Angela Taylor,3532982499339802,280,11/29
6281,VISA 16 digit,Taylor Phillips,3540648510164533,076,05/29
6282,VISA 16 digit,Shawn Williams,4174458856563,071,06/31
6283,VISA 19 digit,Angela Andrews,347822619103210,820,07/26
6284,VISA 13 digit,Andrea West,3555531082519742,397,07/30
6285,VISA 13 digit,Brittany Pierce,3515584223012134,442,02/34
6286,Mastercard,Brandon Rivera,30456886121035,345,12/32
6287,Discover,Mary Daugherty,3516734278997650,262,08/35
6288,Mastercard,Jeremy Smith,370155760771919,625,07/32
6289,VISA 13 digit,Daniel Burns,6581401585932670,093,01/32
6290,VISA 13 digit,Debra Mclaughlin,4113524324343735,404,04/29
6291,American Express,Logan Collins,4594498106440,987,12/29
6292,VISA 16 digit,Justin Smith,344870727187560,621,12/35
6293,JCB 15 digit,Douglas Wilson,4318986621546559330,462,09/27
6294,VISA 16 digit,Melissa Johnston,180072111587540,346,02/30
6295,VISA 16 digit,James Gordon,180082547350546,824,01/33
6296,JCB 16 digit,Jimmy Guzman,4448913061310,563,11/35
6297,American Express,Michael Fowler,6555546815324767,1912,08/32
6298,Mastercard,Drew Callahan,5588507308477358,078,01/27
6299,Discover,Kaitlyn Bailey,370821367674752,158,09/33
6300,VISA 16 digit,Roy Lewis,4962823222411467,514,05/35
6301,American Express,Laura Johnson,6532817462601312,820,09/35
6302,Mastercard,Matthew Parks,3562883392920917,030,06/31
6303,VISA 16 digit,Christopher Bailey,4789349496846957,023,04/30
6304,Mastercard,Christopher Baker,3576946562899494,614,12/30
6305,VISA 16 digit,Kayla Peterson,30121824353096,725,01/34
6306,American Express,Nancy Schwartz,060481987083,370,11/32
6307,Diners Club / Carte Blanche,Candice Fuentes,3532487618530273,719,04/29
6308,JCB 16 digit,Jessica Bailey,374691452050143,313,11/28
6309,VISA 19 digit,Shannon Fuentes,30160177802978,945,06/26
6310,JCB 15 digit,Brian Drake,3532376119569742,000,12/28
6311,JCB 15 digit,Gabrielle Miranda,340863649638871,333,04/30
6312,JCB 16 digit,Mark Fitzgerald,6011060498905072,3638,01/35
6313,Discover,David Taylor,4620391913769639,663,08/26
6314,JCB 16 digit,Xavier Schultz,213105695249003,040,10/31
6315,VISA 13 digit,Shannon Lee,4362299055103300129,251,07/27
6316,JCB 16 digit,Jason Reed,6011812381500703,462,04/28
6317,JCB 16 digit,Amy Frye,6597726547494654,598,03/28
6318,VISA 16 digit,Dominic Davidson,30133480355240,5249,02/34
6319,VISA 19 digit,Miranda Price,2230761301125139,845,08/30
6320,VISA 16 digit,Emily Horton,3549862458743395,101,06/27
6321,American Express,Larry Trujillo,180058908519440,388,03/28
6322,American Express,Sierra Johnson,2548317256479406,306,06/32
6323,JCB 15 digit,Eric Merritt,3521153373403964,149,02/33
6324,Discover,Jesus Brooks,36000194797617,075,10/30
6325,Diners Club / Carte Blanche,Laura Velez,180032577673622,329,04/27
6326,JCB 15 digit,Susan Smith,30008872681173,797,09/26
6327,VISA 13 digit,Anna Stevens,3518012684302189,983,04/29
6328,JCB 15 digit,Donna Robbins,4187622472422,928,10/28
6329,JCB 15 digit,Johnny Hall,5406565470383531,790,03/27
6330,VISA 19 digit,Kayla Thomas,4415268060072,2610,07/30
6331,American Express,Brenda Hernandez,4821008171545330,460,07/32
6332,JCB 16 digit,Cody Allen,213138235800928,771,10/33
6333,Diners Club / Carte Blanche,Dakota Hall,6011702523389471,317,04/27
6334,VISA 16 digit,Ricardo Johnson,372450250992960,133,06/28
6335,American Express,Matthew Hall,3524015099004185,119,02/30
6336,JCB 16 digit,Robert Hernandez,4607852137809,576,02/26
6337,JCB 16 digit,Laura Barron,4809793015135705,7449,10/35
6338,Diners Club / Carte Blanche,Destiny Graham,4611447958224,647,02/35
6339,JCB 16 digit,Christopher Reilly,377828231881326,816,04/30
6340,VISA 16 digit,Juan Adams MD,4723994214747984,8679,05/29
6341,Mastercard,Timothy Salas,4893133465225013399,451,03/32
6342,VISA 13 digit,Cassie Hart,2295671932472689,869,04/29
6343,VISA 16 digit,William Perkins,6011503802331386,2297,10/35
6344,American Express,Alicia Neal,4921087379073161,9638,07/31
6345,Maestro,Caleb Atkinson,4276221612436622457,314,09/30
6346,VISA 19 digit,Shirley Mendoza,30006027844225,8108,04/29
6347,Maestro,Mrs. Ashley Young MD,676398509882,198,06/29
6348,VISA 19 digit,Michelle Vargas,4312168067731757417,011,07/34
6349,Maestro,Kristen Leonard,3581842796893986,060,07/31
6350,Diners Club / Carte Blanche,Eddie Lynch,578870580094,037,12/26
6351,VISA 16 digit,Jesse Garcia,3521190444382322,554,05/32
6352,JCB 15 digit,Garrett Martinez,676209199642,099,08/26
6353,JCB 16 digit,Robert Chapman,563619567503,971,04/29
6354,VISA 19 digit,Sharon Moore,2264299666826941,377,08/29
6355,VISA 16 digit,Alicia Hawkins,213144369735302,720,09/33
6356,Mastercard,Tracey Craig,376574546524042,514,12/28
6357,JCB 16 digit,Katie Massey,6510333556277023,354,11/29
6358,Mastercard,Michelle Koch,180076293827095,009,10/29
6359,VISA 13 digit,Gregory Dominguez,2255031905962257,618,08/30
6360,VISA 13 digit,Melinda Vega,30258531633301,4075,02/35
6361,JCB 16 digit,Andrea Wilson,676166239381,814,10/29
6362,Maestro,Christopher Flores,2291060769514744,6661,05/28
6363,VISA 16 digit,Taylor Gomez,6555198300407382,189,08/32
6364,VISA 13 digit,John Burns,3529598665031703,930,10/32
6365,Mastercard,Melissa Merritt,3521337539006593,3560,02/34
6366,VISA 16 digit,Anita Johnson,36222841520354,319,06/34
6367,JCB 15 digit,Amber Underwood,180070317038110,555,04/32
6368,Diners Club / Carte Blanche,Frank Turner,36121339988877,969,06/34
6369,VISA 16 digit,Timothy Clay II,4730136382044034350,285,04/35
6370,JCB 16 digit,Nancy Bowers,3505692744225044,649,10/29
6371,JCB 16 digit,Alexis Valentine,6567800177120222,098,11/29
6372,Mastercard,Richard Francis,180098416941827,919,12/34
6373,Maestro,Zachary Sanchez,30152276941534,3833,05/35
6374,VISA 13 digit,Brittany Rogers,503814434745,304,11/35
6375,American Express,Geoffrey Lopez,180015678160524,662,10/28
6376,VISA 19 digit,John Rose,3563168038589824,935,04/26
6377,VISA 19 digit,Brenda Casey,3525407758687773,118,09/31
6378,American Express,Jocelyn Mccormick,4994898347924133,496,05/29
6379,JCB 15 digit,Anthony Cochran,2708412505734382,518,09/31
6380,Diners Club / Carte Blanche,Anthony Watts,375314761017989,869,10/33
6381,JCB 16 digit,Peter Barker,4577351405207057091,331,05/28
6382,JCB 16 digit,Bradley Morales,4620510734724883,974,06/29
6383,JCB 15 digit,Dawn Hunt,30503091497765,974,06/35
6384,VISA 16 digit,Joseph Brown,4649109957274,9444,03/34
6385,VISA 19 digit,Thomas Miles,4926923151269178,206,05/34
6386,VISA 13 digit,Charles Callahan,4765465104579794,073,06/33
6387,American Express,Manuel Greene,342227604474680,012,02/29
6388,Diners Club / Carte Blanche,Hannah Palmer,3545907574273829,578,04/30
6389,American Express,Mitchell Dominguez,180069351428369,834,06/26
6390,JCB 15 digit,Lisa Osborne,180057244284644,981,05/31
6391,VISA 13 digit,Ian Bates,349917690489732,162,05/32
6392,Maestro,Jessica Velasquez,38205588706219,041,01/36
6393,American Express,Larry Mathis,346828372743994,257,08/28
6394,VISA 19 digit,Laura Rodriguez,2701300329022117,710,06/30
6395,JCB 15 digit,Maria Johnson,4542656166565,396,10/30
6396,JCB 15 digit,David Sloan,5440391888696267,980,08/26
6397,VISA 16 digit,Timothy Harper,4754201691456,984,09/34
6398,Discover,Holly Morgan,3555924658939750,491,09/33
6399,JCB 15 digit,Sarah Cox,4784643243405014915,098,06/33
6400,Discover,Katherine Black,4039402681563800,463,11/30
6401,Diners Club / Carte Blanche,Jade Riley,2700491103501680,944,12/33
6402,VISA 19 digit,Crystal Campbell,6011493761887000,801,04/32
6403,VISA 16 digit,Steven Haynes,4657954088388160743,569,12/29
6404,Mastercard,Anita Snyder,4112442523782,754,03/27
6405,Diners Club / Carte Blanche,Matthew Vaughan,345961616042849,796,01/29
6406,Diners Club / Carte Blanche,Michael Mathis,370391394915156,805,10/33
6407,American Express,Debbie Chambers,6592206217999287,038,03/30
6408,JCB 16 digit,Lauren Ramsey,4595012748062,121,09/35
6409,VISA 19 digit,Robert Andrews,4207382711619663,587,12/30
6410,JCB 16 digit,Joshua Williams,6011930629808082,861,12/28
6411,American Express,Adam Jackson,4724011841501665,083,08/34
6412,JCB 16 digit,Tyler Anderson,568264591062,956,11/28
6413,Diners Club / Carte Blanche,Christina Wright,4454427307975,448,06/34
6414,JCB 16 digit,Jessica Jones,3522871614339932,723,05/27
6415,Diners Club / Carte Blanche,Cole Wolf,4035876211790,818,08/34
6416,JCB 16 digit,Amy Rodriguez,3572857883677010,793,09/30
6417,JCB 16 digit,Christopher Lopez,501885501137,7393,11/29
6418,JCB 15 digit,Glenn Fisher,213141810672738,758,01/32
6419,VISA 19 digit,Heather Williams,4988828891691992,350,01/30
6420,JCB 15 digit,Katherine Murray,2232636380032307,723,10/29
6421,VISA 16 digit,Mrs. Renee Brown DVM,4798137578142042,793,08/32
6422,Diners Club / Carte Blanche,Emily Roberson,4108074486632779,845,02/35
6423,American Express,Sarah Gutierrez,4164362103053458,095,03/34
6424,Discover,Tammy Carroll,6011263843584127,610,06/29
6425,American Express,Sean Smith,3517787633767555,593,10/34
6426,VISA 16 digit,Blake Love,4537792065976777,737,01/30
6427,Maestro,Travis Bartlett,213175341785189,836,03/26
6428,JCB 16 digit,Anne Fuentes,4261443946621404,717,06/35
6429,VISA 13 digit,Miranda Fowler,213146028341166,287,04/28
6430,VISA 19 digit,Cody Cobb,347474201796355,842,05/30
6431,Mastercard,Margaret Brown,3570779209228090,578,12/31
6432,Mastercard,Vincent Olsen,503881090339,973,07/35
6433,American Express,Pamela Smith,6576624823454051,400,05/32
6434,VISA 13 digit,Wendy Fuller,371976178271526,774,03/28
6435,JCB 16 digit,Scott Warren,3580418255689388,861,03/33
6436,American Express,John Rivera,4830158503751,883,03/35
6437,Mastercard,Anna Gutierrez,213159081165794,324,08/34
6438,Diners Club / Carte Blanche,Vicki Harding,3536184141322197,592,03/29
6439,American Express,Patrick Walker,4938016243508988,099,06/35
6440,VISA 19 digit,Leslie Ware,30300189751439,610,10/30
6441,Discover,Carol Jones MD,346108810409742,528,08/29
6442,JCB 16 digit,Todd Wright,676274763074,212,05/26
6443,VISA 19 digit,Valerie Rodriguez,180003494071463,318,02/31
6444,VISA 16 digit,Aaron Bowman,3508264948314946,601,09/30
6445,Maestro,Timothy Leon,4236733724063932,717,02/31
6446,JCB 16 digit,John Castillo,347864608324837,969,01/32
6447,JCB 15 digit,David Campbell Jr.,30525539307710,890,04/28
6448,JCB 15 digit,Sandra Smith,4526695547885982,858,08/33
6449,Diners Club / Carte Blanche,Mark Wells,5580138998600022,365,01/28
6450,VISA 19 digit,Amber Castro,4812307112331516,134,06/35
6451,VISA 16 digit,Jeremiah Thompson,30275213827274,251,08/29
6452,Discover,Billy Mitchell,344976442615064,268,03/34
6453,VISA 19 digit,Timothy Cross,180060083734588,794,01/32
6454,JCB 16 digit,Brooke Johnson,4856760674867676473,114,06/28
6455,JCB 16 digit,Alexander Russo DVM,4912569296532190203,0855,03/26
6456,JCB 15 digit,Emma Jordan,4480021350849733401,031,03/33
6457,Maestro,James Roberts,4279198841779620,830,05/35
6458,VISA 16 digit,Tyler Richardson,3582554845008016,726,12/28
6459,Mastercard,Justin Stewart,2618055007665072,866,03/32
6460,JCB 16 digit,Sergio Baldwin,4298359781385911985,1370,09/27
6461,JCB 16 digit,Rebecca Hall DDS,3510912771840561,755,11/30
6462,Maestro,Anna Villegas,639027036123,109,08/28
6463,JCB 15 digit,John Rice,348082567283378,521,09/30
6464,VISA 13 digit,Thomas Larsen,4554762190942,227,09/31
6465,VISA 16 digit,Christina Lewis,4646991413267610,591,09/34
6466,VISA 19 digit,Edward Santiago,213121973546382,202,11/34
6467,Maestro,Jerry Ryan,30201322806884,074,10/35
6468,Mastercard,Robin Hoffman,30023252131244,718,08/33
6469,Maestro,William Smith,348305297471488,0024,09/33
6470,VISA 19 digit,Alicia Martinez,585133608133,802,08/32
6471,Discover,Eric Obrien,3504280769044275,113,02/31
6472,American Express,Tim Kirk,3536008697986610,367,01/28
6473,JCB 16 digit,Daniel Evans,3597049539370114,442,03/32
6474,VISA 16 digit,Krista Townsend,30091133064314,351,11/29
6475,Mastercard,Donna Washington,30109774990884,581,01/28
6476,JCB 16 digit,Timothy Hudson,347116894062948,498,02/33
6477,VISA 19 digit,Roy Norman,4247149773095567,460,06/31
6478,Discover,Vickie Gomez,4344244002794135723,103,12/26
6479,JCB 16 digit,Jenna Jenkins,340671893090164,5878,06/32
6480,Discover,Michelle Mccullough,30582570709460,462,07/28
6481,Discover,Diane Dickson,4139176713388,909,02/32
6482,American Express,Bruce Escobar,4965870991833,634,03/28
6483,VISA 16 digit,Logan Potts,6011099363078839,731,05/31
6484,JCB 16 digit,Brittany Smith,349049542336919,441,01/32
6485,VISA 16 digit,Tonya Baker,4809285820890863,273,10/35
6486,VISA 16 digit,Mackenzie Kane,4802708363282672114,418,01/31
6487,Diners Club / Carte Blanche,Michael Johnson DDS,371593407367031,666,11/30
6488,Maestro,Katherine Turner,4214607205720143,884,06/29
6489,JCB 16 digit,Rebecca Holden,4488218128299,833,10/30
6490,Discover,Justin Anthony,4776935527516,452,08/27
6491,JCB 15 digit,Benjamin Nguyen,4088392558407373,702,07/35
6492,Diners Club / Carte Blanche,Mark Evans,586893146223,8889,09/30
6493,VISA 19 digit,Chase Mcguire,6011053081389655,7492,05/29
6494,Diners Club / Carte Blanche,Abigail Thompson,3539148577830038,8211,03/35
6495,Maestro,Benjamin Miller,503834747217,456,10/33
6496,JCB 16 digit,Brittany Coleman,4409671984777141,387,01/33
6497,JCB 15 digit,Jennifer Frye,30106826381864,873,04/31
6498,VISA 13 digit,Sara Johnson,180013667827674,9231,03/29
6499,Maestro,Mark Yu,4899658049341457,0501,01/33
6500,American Express,Emily Baldwin,4524225386700263756,464,02/31
6501,Mastercard,Mark Johnson,340680390170056,9022,03/35
6502,VISA 16 digit,Karen Norman,588936452170,623,07/28
6503,JCB 16 digit,Katherine Rivera,180054174153121,919,12/31
6504,Discover,David Lopez,30134068065847,225,03/32
6505,VISA 16 digit,Ryan Martinez,4247389784410724,987,03/31
6506,VISA 16 digit,Thomas Meza MD,213174256907755,184,07/31
6507,VISA 19 digit,Christopher Wheeler,4934795527243446,932,08/30
6508,Diners Club / Carte Blanche,Gary Griffin,4015259923307596,248,08/27
6509,VISA 16 digit,Erin Smith,630438466454,510,05/31
6510,American Express,Courtney Fitzgerald,213192446021790,681,02/31
6511,Maestro,Anthony Clark,4844032153675546,888,06/32
6512,VISA 16 digit,Jeffrey Webb,3560650551699034,029,03/31
6513,VISA 16 digit,Michele Smith,213181536690564,672,04/28
6514,VISA 16 digit,Natalie Robinson,3539477774850980,786,09/35
6515,JCB 16 digit,Charles Barrera,3585979304702899,466,04/29
6516,VISA 16 digit,Dawn Martin,4111709980383859,645,10/33
6517,JCB 16 digit,David Ortiz,3520376486078016,839,08/31
6518,JCB 16 digit,Christopher Hill,4951399525880,404,08/26
6519,Maestro,Jessica Morgan,3590684006510177,160,05/31
6520,Mastercard,Elizabeth Robinson,343487486624385,404,07/30
6521,American Express,Michael Nelson,348337902204277,601,01/29
6522,Discover,Cynthia Bailey,4049823229920,543,07/28
6523,American Express,Michael Robinson,4897455309552549,100,05/34
6524,Diners Club / Carte Blanche,Shawn Kim,4096990938148,151,08/35
6525,VISA 16 digit,Daryl Le,371178883125481,216,04/27
6526,VISA 19 digit,Michael Evans,4547961237855759,743,02/36
6527,Diners Club / Carte Blanche,Megan Cooper,4247003427765,440,03/26
6528,Mastercard,Lisa Adams,377616414859718,401,07/34
6529,VISA 16 digit,Natasha Thompson,3522007581550330,394,07/28
6530,VISA 16 digit,Nicholas Price,4430832445066689,595,01/29
6531,American Express,Norma Golden,3502598406027607,077,04/30
6532,VISA 13 digit,Vincent Martin,4732625637576043,475,11/35
6533,Discover,Adam Rogers,213152253582904,156,10/33
6534,JCB 16 digit,Jordan James,340320015308951,066,04/29
6535,Diners Club / Carte Blanche,Matthew Meza,36117425995271,487,12/30
6536,VISA 16 digit,Christina Allen MD,30441409821659,568,09/32
6537,Diners Club / Carte Blanche,Matthew Johnson,2715922670631669,133,12/30
6538,JCB 15 digit,Alexander Jones,6011636191615397,571,09/33
6539,JCB 15 digit,Latoya Nicholson,3501418584465068,865,09/31
6540,VISA 19 digit,Michael Dixon,4341339258752,414,02/35
6541,Discover,Jeremy Cortez,675921562723,438,08/31
6542,VISA 16 digit,Jay Knapp,30259357316674,001,07/31
6543,VISA 13 digit,Benjamin Shaw,3584418936041336,056,03/29
6544,Discover,Andrew Arellano,3586193017918052,270,03/28
6545,VISA 19 digit,Brandon Edwards,4822756384470188,938,07/29
6546,Mastercard,Manuel Bennett,676331062957,048,07/27
6547,VISA 16 digit,Katherine Green,4292187715807363822,648,08/32
6548,JCB 16 digit,Edward Garcia,180042787820947,941,10/26
6549,Discover,Shelly Kelly,2239852458958959,110,07/30
6550,Diners Club / Carte Blanche,Jacqueline Summers,4585596620370595,732,02/35
6551,JCB 16 digit,Dawn Barrett,371688239667366,284,04/33
6552,VISA 13 digit,William Simpson,6011565272916426,542,11/31
6553,JCB 16 digit,Christina Roberts,2265627691533281,832,02/33
6554,Mastercard,Laura Clark,6599576483428366,872,08/35
6555,Discover,Adam Conway,370977434787504,749,08/34
6556,VISA 13 digit,Elizabeth Stevenson,4580452781184034,346,10/32
6557,Diners Club / Carte Blanche,Vickie Sanchez,4096136219908,1691,11/34
6558,VISA 16 digit,Allison Dean,3527246598076625,442,02/35
6559,VISA 13 digit,Angela Walker,4000074917234,5004,12/35
6560,Maestro,Michele Young,639021938910,060,03/28
6561,VISA 13 digit,Nathaniel Barnett,4048378860378,676,07/27
6562,Diners Club / Carte Blanche,Dakota Thompson,3548938386422707,089,05/29
6563,VISA 19 digit,Donald Anderson,503851667884,473,12/33
6564,JCB 15 digit,Carl Higgins,6011982056028858,098,05/31
6565,Discover,Kenneth Schultz,4721730146622863731,961,04/33
6566,VISA 16 digit,Debra Johnson,3524832700176180,407,02/29
6567,Diners Club / Carte Blanche,Tamara Park,6507030823670478,366,05/34
6568,Discover,James Brown,3502841849874908,461,12/33
6569,VISA 16 digit,Robert Rodriguez,4313950240930,274,03/26
6570,JCB 15 digit,Brandon Saunders,213168435957491,718,11/26
6571,VISA 19 digit,Roberto Anderson,30312461880927,749,01/36
6572,Discover,Nicole Carpenter,2615419530300032,187,12/26
6573,VISA 16 digit,Jared Odom,4192085158192683,212,12/26
6574,American Express,Jill Turner,4246800274441306600,055,08/31
6575,JCB 16 digit,Jillian Moore,2235406868851116,189,01/31
6576,VISA 13 digit,Samantha Smith,374029854103923,797,09/33
6577,JCB 16 digit,Stephanie Lynch,4348832578511,640,07/32
6578,VISA 16 digit,Mrs. Deanna Henderson,371651797310183,602,01/32
6579,VISA 16 digit,Kathryn Taylor,36746857511535,835,07/30
6580,JCB 15 digit,Crystal Lutz,4496488430312835,939,10/28
6581,VISA 13 digit,Bruce Scott,4268642550917478,518,01/28
6582,VISA 19 digit,Austin Garcia,6555807311294189,306,10/34
6583,Diners Club / Carte Blanche,Jessica Richardson,180032413925111,992,07/35
6584,Mastercard,Alexis Marquez,2263245191444917,0633,07/34
6585,JCB 16 digit,Paul Vasquez,4980036468115613,469,06/28
6586,Discover,Anna Jones,4690208625476730,580,02/26
6587,VISA 19 digit,Matthew Silva,6011741561258008,155,04/33
6588,American Express,Mitchell Bender,4165009103615012358,7360,09/32
6589,Mastercard,Daniel Walker,38685699761627,325,10/31
6590,VISA 16 digit,Margaret Stewart,3544172992172837,826,07/28
6591,Discover,Whitney Welch,6559552934141799,224,05/28
6592,Maestro,Candice Goodman,374067686112787,024,04/33
6593,VISA 19 digit,Brandon Rose,2305961927147083,410,12/34
6594,Diners Club / Carte Blanche,Robin Wilson,4480980166326,9194,11/29
6595,Mastercard,Joseph Wilson,4788793681549911,807,11/26
6596,Diners Club / Carte Blanche,Makayla Allen,502098099554,422,08/27
6597,VISA 16 digit,William Bruce,4808783401578692,985,01/32
6598,JCB 16 digit,Jessica Acosta,180029872439154,619,09/29
6599,Diners Club / Carte Blanche,Eileen Miller,3566135967979448,338,10/28
6600,JCB 16 digit,Kathleen Scott,6578021189605509,601,07/26
6601,JCB 15 digit,April Delacruz,4219239755795914955,498,06/27
6602,Discover,Lisa Clark,4112637336859,420,07/27
6603,VISA 16 digit,Robert Vasquez,379555823328881,402,05/33
6604,VISA 13 digit,Barry Clark,378300207291772,436,02/31
6605,Mastercard,Jeremy Sandoval,3542147274082278,806,12/32
6606,Mastercard,Mary Chen,4200838846882366,9007,03/31
6607,VISA 13 digit,Ronnie Kelley,4752065057842551438,786,04/28
6608,VISA 13 digit,Leslie Benson MD,6011624962745775,921,03/33
6609,VISA 16 digit,Kristin Smith,4709522199721993,134,12/29
6610,JCB 16 digit,Megan Hart,6011969539774893,893,07/30
6611,VISA 16 digit,Rhonda Ortiz,36078965178498,627,12/34
6612,JCB 15 digit,Edward Sparks,6564544212374534,437,11/29
6613,VISA 13 digit,Patrick Rodriguez,180021589655347,970,01/27
6614,JCB 15 digit,Dalton Mayer,3562581270808226,877,04/29
6615,VISA 13 digit,Alexandra Guzman,5337486076701261,853,01/29
6616,JCB 15 digit,Ashley Cox,377032476183858,280,01/35
6617,VISA 19 digit,James Kerr,6011172271094733,514,11/26
6618,Discover,Melissa Todd,6512025098514255,857,10/26
6619,VISA 16 digit,Kyle Lynch,6011805359151525,038,07/34
6620,VISA 13 digit,Amy Duffy,30432598310174,0365,03/27
6621,Maestro,Dennis Stewart,3519889869863641,675,09/31
6622,VISA 16 digit,Caitlin Austin,4763264785766131,603,03/30
6623,VISA 19 digit,Jennifer Carter,377079038870431,204,05/34
6624,VISA 16 digit,Brenda Lewis,060448480974,107,06/31
6625,VISA 13 digit,Corey Barnett,30515483416302,676,03/27
6626,VISA 19 digit,Jennifer Salazar,2271920737866555,647,07/31
6627,Mastercard,Amy Crawford,4450069335621,443,05/32
6628,VISA 16 digit,Todd Shields,3551375388342183,641,11/28
6629,JCB 16 digit,Angela Kirby,5436279496362552,542,05/33
6630,JCB 15 digit,Elizabeth Myers,3587604235941469,554,10/30
6631,JCB 16 digit,Richard Richardson,379488679378281,978,03/26
6632,Discover,Laura Hill,30266305616022,828,06/35
6633,Mastercard,Taylor Mcintosh,4414699530390150515,8094,01/34
6634,JCB 16 digit,Chad Williams,4837266639185477,560,06/30
6635,Diners Club / Carte Blanche,Alexander Morales,2713929758931640,636,06/29
6636,Maestro,Michael Torres,6011984941722471,5910,12/31
6637,JCB 16 digit,David Hamilton,180066113469780,009,07/35
6638,American Express,Douglas Garner Jr.,4143087159543948,128,10/31
6639,Mastercard,Ricky Cole,30302979839200,064,03/35
6640,JCB 15 digit,Kurt Snyder MD,6502457170207569,717,09/28
6641,Discover,Christina Hines,4627344911983,058,03/34
6642,Diners Club / Carte Blanche,Pamela Stewart,4166060133284331031,997,04/32
6643,VISA 13 digit,Matthew Nelson,180021466367172,262,10/31
6644,Discover,Brittany Reed,4208563452155,553,09/35
6645,Diners Club / Carte Blanche,Rachel Fischer,30442565945449,651,07/30
6646,Mastercard,Caroline Lewis,060430040836,450,07/28
6647,VISA 13 digit,Jessica Price,6011987833817747,161,01/30
6648,Maestro,Angela Nash,4727063718633,530,02/32
6649,Discover,Nicole Velazquez,30008277886047,642,03/32
6650,VISA 16 digit,Jason Hernandez,502029312084,957,04/30
6651,Maestro,Christine Woods,375125398287427,517,11/30
6652,JCB 16 digit,Thomas Graham,180048060362242,437,01/34
6653,VISA 16 digit,Michael Lin Jr.,4585901609251,612,09/29
6654,JCB 16 digit,Tracey Stewart,4108728875456419,308,08/31
6655,JCB 16 digit,Gregory Owens,4363505769823635,248,06/33
6656,Discover,Angela Gregory,213186356217265,346,01/34
6657,VISA 13 digit,Kara Smith,4186649543785093,265,08/30
6658,American Express,Melissa Goodwin,6011006281053687,167,09/32
6659,VISA 16 digit,Maureen Johnson,30018450535576,703,09/27
6660,Maestro,Dr. Nancy Clayton,2255615031223715,9437,06/27
6661,Mastercard,David Banks,4398870344786718,352,04/31
6662,VISA 16 digit,Stephen Gardner,6570657017781521,083,06/32
6663,VISA 16 digit,Robert Hamilton,4727098996630149,762,06/27
6664,Maestro,Charles Rojas,2471133660340345,266,05/35
6665,VISA 13 digit,Teresa Nguyen,30205758384696,966,05/26
6666,Maestro,Walter Hayes,30125317551777,095,09/33
6667,Maestro,Dr. Kimberly Campos,4580264823789,420,09/34
6668,Discover,Kristy Buchanan,503882696506,204,08/31
6669,JCB 16 digit,Caitlyn Burton,3568966793327651,181,08/35
6670,JCB 16 digit,Matthew Delgado,180040543570590,037,09/26
6671,VISA 16 digit,Daniel Richardson,4227062869979632708,167,04/32
6672,JCB 15 digit,Megan Fitzgerald,4913939518098,552,10/32
6673,Diners Club / Carte Blanche,Heather Patterson,3593594853769999,802,09/26
6674,JCB 16 digit,Paul Anderson,4113715248226507,438,12/34
6675,Mastercard,Christina Green,4251846438217584,817,06/27
6676,Diners Club / Carte Blanche,Erin Franklin,4440158910357132,719,02/30
6677,JCB 16 digit,Jason Barnes,3597869597598466,330,12/27
6678,VISA 16 digit,Jessica Robinson,30529354910798,443,03/26
6679,JCB 16 digit,Donna Jones,2233813477137476,717,08/33
6680,Maestro,Rebecca Berg,2419634243597124,311,06/34
6681,VISA 13 digit,Pamela Diaz,4665925714237506,562,10/35
6682,American Express,Kimberly Williams,4066085954292,800,08/29
6683,JCB 15 digit,Julia Howard,4103640133396128,077,02/29
6684,American Express,Peter Short,376706994796306,8159,02/33
6685,JCB 16 digit,Nicole Thompson,6011671007490859,798,03/29
6686,VISA 16 digit,Richard Church,5391147325402100,584,07/28
6687,American Express,Michael Henry,4414140183015748,974,03/31
6688,Discover,Jennifer Williams,30094678713584,616,06/29
6689,VISA 19 digit,Micheal Lutz,373974491855966,436,05/34
6690,Mastercard,Christopher Owen,6502651455325720,132,05/29
6691,VISA 16 digit,Edward Hansen,2638134497482680,155,05/27
6692,Diners Club / Carte Blanche,Jamie Walls,2254426059290110,471,01/28
6693,American Express,Julie Cardenas,4284375121015680256,087,09/34
6694,American Express,Renee Hall,4668287302185820,138,04/28
6695,JCB 16 digit,David Ferguson,340077474764047,297,08/30
6696,JCB 16 digit,Stephanie Pearson,2363145863856555,352,07/30
6697,Discover,David Tucker,4146460986244302,846,02/32
6698,VISA 16 digit,Kurt Davis,4752698064773,148,01/30
6699,Maestro,Joan Ingram,4727833361441882,461,03/29
6700,VISA 19 digit,Bryan Phillips,4507486787724,716,05/27
6701,VISA 13 digit,Miss Alexandria Tran,180009164664107,808,03/31
6702,VISA 16 digit,Michelle Simmons,4437135251238274,183,07/28
6703,American Express,Amy Campbell,371182580463153,8843,06/27
6704,VISA 13 digit,Jessica Mclaughlin,2720062597431530,799,10/35
6705,JCB 16 digit,Jennifer Daniels,3531588408087340,232,02/32
6706,VISA 19 digit,Angel Matthews,675964537608,465,07/34
6707,Maestro,Daniel Ward,213102159002218,178,10/28
6708,Diners Club / Carte Blanche,Breanna Armstrong,343737497491749,861,03/28
6709,Mastercard,Kenneth Yates,4987328046366,3910,01/30
6710,VISA 19 digit,Wendy Smith,378227073087077,0440,06/31
6711,JCB 16 digit,Tamara Hayes,2239057942560169,802,12/35
6712,Diners Club / Carte Blanche,Zachary Johnston,2713565868469434,010,11/34
6713,Maestro,Sabrina Jackson,342804571565904,923,04/35
6714,Mastercard,Carol Diaz,3529820063180621,233,05/26
6715,JCB 16 digit,Matthew Mcdonald,3587360036894023,771,09/34
6716,Mastercard,Amanda Saunders,4736902991137415,289,06/26
6717,Mastercard,Michelle Walker,6011048599848606,552,02/35
6718,Mastercard,Anthony Fisher,4463900833373,160,09/33
6719,Maestro,Jeffery Beck,6011137143532202,866,02/30
6720,VISA 19 digit,Alan Thompson,180020669643959,142,12/26
6721,Mastercard,Kendra Williamson,4820673421392345,115,12/29
6722,JCB 16 digit,Mitchell Thomas,4713100354536128,888,12/29
6723,VISA 13 digit,John Alexander,4054960410080891,529,05/31
6724,Discover,Lori Goodman,4384301039322490,2535,04/30
6725,JCB 15 digit,Taylor Williams,5396602286883735,510,09/31
6726,Mastercard,Heidi Parker,4826471225169060289,8059,02/27
6727,VISA 13 digit,Rose Gonzalez,2277376946947989,084,11/31
6728,JCB 16 digit,Denise Mcdowell,3524847342774598,631,12/34
6729,VISA 16 digit,Jennifer Miller,2340553527190105,780,06/31
6730,American Express,Jacob Reeves,3577294096989286,436,01/33
6731,American Express,Jackson Smith,344678614777942,938,04/29
6732,Mastercard,Joshua Williams,3575203732068647,507,10/26
6733,Discover,Marco Sanchez,6566191675866586,426,03/30
6734,Mastercard,Christina Sanchez,6011757851137405,197,01/35
6735,JCB 15 digit,Nicole Myers,6011590996529321,564,06/31
6736,Maestro,Devon Payne,3593146140261957,817,08/32
6737,Diners Club / Carte Blanche,Marc Robinson,630491668376,368,11/34
6738,VISA 16 digit,Troy Johnson,639092513436,135,03/35
6739,JCB 16 digit,Erin Maddox,213147895748970,779,02/30
6740,JCB 16 digit,Tamara Duncan MD,213187053214142,327,05/28
6741,VISA 16 digit,Heather Soto,3528854715122526,612,08/28
6742,VISA 13 digit,Donald Campbell,4529025053657,195,01/36
6743,Mastercard,Pamela Spears,36102125162497,163,02/31
6744,JCB 16 digit,Felicia Gregory,4612057068714175459,010,11/27
6745,JCB 16 digit,Tammy Booker,4752800853902257,4091,03/30
6746,Discover,Mrs. Cynthia Rice,2720340905158320,797,06/33
6747,JCB 16 digit,Katie Coleman,36901592969510,063,09/27
6748,JCB 16 digit,Alexandra Jordan,4138216436558976817,030,03/27
6749,American Express,Frederick Humphrey,3578004724967524,715,11/34
6750,VISA 19 digit,Mark Wade,573124747763,467,07/34
6751,Maestro,Nancy Garza,4463720057310,897,06/28
6752,VISA 16 digit,Isaiah Harding,3581064752423746,145,10/32
6753,VISA 16 digit,Gregory Robinson,180054467856133,105,08/30
6754,Mastercard,Gregory Graves,379267519667420,352,05/28
6755,Mastercard,Jonathan Bates,676343525199,372,01/30
6756,JCB 15 digit,Betty Malone,4125447010324,244,03/32
6757,American Express,Shannon Davis,4962159688964735,526,05/27
6758,JCB 15 digit,Crystal Oneal,374091684678631,604,09/35
6759,VISA 16 digit,Jonathan Brown,3575006639352414,579,08/26
6760,JCB 16 digit,Jason Moran,376707555829213,950,06/30
6761,JCB 16 digit,Debra Mason,213123833478491,138,09/28
6762,VISA 19 digit,Laura Reed,180036844782157,712,04/32
6763,JCB 16 digit,Michelle Fletcher,349672402595843,815,05/32
6764,VISA 13 digit,Jamie Frazier,344623091661136,532,09/33
6765,VISA 16 digit,Melvin Ramos,4874845637614986,893,12/30
6766,American Express,Henry Ramirez,6011553125351868,523,09/30
6767,Diners Club / Carte Blanche,Daniel Petersen,2720770741906856,020,09/26
6768,VISA 19 digit,Shannon Castro,30564322915249,410,08/35
6769,VISA 13 digit,Derrick Hoffman,30142509909739,327,10/28
6770,VISA 19 digit,Laura Novak,6558315153214197,759,11/27
6771,VISA 13 digit,Heather Cannon,4378544313271261105,734,12/35
6772,JCB 15 digit,Kari Taylor,4227485208552119,288,05/29
6773,Maestro,Lisa Weaver,4818421572476135,874,08/32
6774,JCB 16 digit,Corey Taylor DDS,5175304880423946,804,03/28
6775,Discover,Jessica Brooks,583758407113,732,08/28
6776,VISA 13 digit,Kaitlyn Gonzalez,4668635122330259,328,11/28
6777,Discover,Toni Morrison,3566257357612197,309,10/31
6778,Diners Club / Carte Blanche,Kenneth Chaney,30031300897013,002,10/32
6779,VISA 13 digit,Alison Arellano,372025606601208,560,05/27
6780,American Express,Ashley Walker,3585377018216035,593,10/32
6781,Maestro,Rachel Beck,3571511868700740,6696,11/32
6782,American Express,Michael Lang,630451007383,3923,07/30
6783,Mastercard,Lauren Ramirez,676158058302,015,03/34
6784,JCB 16 digit,Christina Skinner,4935070876877365461,580,08/35
6785,JCB 15 digit,Deborah Garza,4694117233318802,837,06/27
6786,VISA 19 digit,Kenneth Padilla,4505618520401,663,08/31
6787,VISA 16 digit,Susan Butler,30085177363442,312,06/29
6788,Diners Club / Carte Blanche,Christopher Jennings MD,3561279568091685,606,11/26
6789,JCB 16 digit,Christine Ward,3536124884681680,754,07/32
6790,Diners Club / Carte Blanche,Angelica Mills,2276908544312645,563,04/27
6791,VISA 16 digit,Kelly Carrillo,180099751959044,162,11/26
6792,JCB 16 digit,Jesus Bray,2261402439136894,214,12/33
6793,Mastercard,Travis Hayes,6011695298126476,1516,06/35
6794,JCB 16 digit,Henry Valdez,4212198462664861,530,01/27
6795,JCB 15 digit,Trevor Dennis,4962094791313042846,763,03/31
6796,American Express,Jeffrey Thompson,4064438315195567,627,05/26
6797,VISA 16 digit,Jennifer Glass,4578232099581,731,11/32
6798,VISA 16 digit,Andrew Johnson,4322444712875,286,10/31
6799,American Express,James Brown,4413704503306938633,357,05/29
6800,Diners Club / Carte Blanche,Michael King,4358565405550,478,10/30
6801,VISA 13 digit,Emily Thompson,4143965346302783,9805,04/34
6802,JCB 16 digit,Allison Freeman,30041184247532,410,01/31
6803,JCB 16 digit,Nancy Smith,3501635479178247,931,09/34
6804,JCB 16 digit,Ashley Garrett,30013732651267,368,04/33
6805,JCB 15 digit,Christina Jones,180069412738111,261,10/29
6806,JCB 16 digit,Michael Mullins,582120436438,382,02/34
6807,VISA 16 digit,Brenda Thomas,4434698861983871,042,04/27
6808,VISA 19 digit,Cynthia Jacobs,343419958582916,2018,05/34
6809,VISA 16 digit,Jennifer Padilla,3598992634024640,766,06/26
6810,VISA 13 digit,Timothy Young,2246502838041742,400,05/35
6811,JCB 16 digit,Nancy Shaw,6011411671887928,4035,04/32
6812,VISA 16 digit,Amanda Briggs,180019313176846,491,10/26
6813,JCB 15 digit,Alyssa Davis,2244134948125157,803,01/30
6814,JCB 16 digit,Christopher Castillo,4541026509096940373,012,09/29
6815,Mastercard,Scott Harris,375331363639085,546,03/30
6816,VISA 13 digit,Anthony Phillips,2582946924538859,921,07/34
6817,Discover,Theresa Cruz,581977962330,224,01/28
6818,American Express,Michael Willis,30400251411787,545,05/28
6819,JCB 16 digit,Joshua Mendoza,378556668037802,946,03/35
6820,JCB 16 digit,Michelle Carpenter,6011815314163374,071,01/32
6821,JCB 16 digit,David Santos,3591428485565560,909,09/35
6822,Mastercard,Dennis Sanders,3509914403324835,671,04/30
6823,VISA 19 digit,Laura Wood,344742295154258,577,01/36
6824,American Express,Andrew Wood,4995504345959688,554,07/30
6825,JCB 16 digit,Craig Baker,2225753075160035,252,07/31
6826,JCB 16 digit,Debra Kennedy,30315103432007,655,03/35
6827,American Express,Cynthia Kelly,30171047072858,742,02/35
6828,American Express,Chloe Bauer,2241607185802391,757,03/26
6829,JCB 16 digit,Wanda Kelley,3588233438951262,6884,03/27
6830,VISA 16 digit,Hailey Murray,4515090495348485,291,09/26
6831,Mastercard,Stephen Velasquez,6539686811357360,128,01/29
6832,American Express,Elizabeth Barnett,4810202462394,017,08/31
6833,VISA 16 digit,Mariah Sheppard,6503641147294896,8159,11/34
6834,Mastercard,Katherine Dickerson,4818108739933906,095,01/28
6835,JCB 16 digit,Nicholas Gutierrez,4671990227955,069,06/35
6836,VISA 16 digit,Ricardo Smith,3522490734155811,888,04/33
6837,American Express,David Evans,6566230812893804,635,09/30
6838,American Express,Michael Duncan,30325150473838,814,08/26
6839,JCB 15 digit,Corey Larson,379644132017433,869,03/35
6840,Diners Club / Carte Blanche,Kevin Snyder,4888902381817549,9596,12/35
6841,Discover,Alexander Moore,213103316127930,317,02/34
6842,American Express,Jeffrey Parsons,6011733270166697,642,06/33
6843,American Express,Angela Peterson,4059794622425668806,065,01/29
6844,Discover,Jose Cline,4252526961858809297,688,08/26
6845,Mastercard,Kevin Ashley,6011572164586697,445,12/29
6846,VISA 16 digit,Jenna Steele,4829029375280906,880,06/35
6847,Discover,Samantha Alvarez,4854673038971068,1163,08/28
6848,VISA 16 digit,Jasmine Butler,4904619070906,0585,08/26
6849,JCB 16 digit,Andrea Wong,30052252114710,663,07/33
6850,VISA 19 digit,Roberta Cook,6011912035397975,083,11/31
6851,Discover,Diana Estes,3527775619828739,157,10/32
6852,VISA 19 digit,Lisa Mcintyre,30358897404006,049,05/34
6853,JCB 16 digit,Sean Knight,5338370320186314,918,07/30
6854,Discover,Michael Salazar,676126136172,388,04/26
6855,VISA 19 digit,Michael Castillo,375983641318534,347,12/33
6856,Diners Club / Carte Blanche,Jermaine Chan,4205196246993688,522,08/33
6857,VISA 13 digit,Karen Sullivan,370132342624858,840,01/29
6858,JCB 16 digit,Micheal Johnson,3504934133350798,934,10/30
6859,VISA 16 digit,Calvin Rivers,3572533207953243,843,10/28
6860,JCB 16 digit,Elizabeth Schneider,4860455051902143,039,05/30
6861,VISA 16 digit,Scott Harvey,2661912510704770,969,03/29
6862,Discover,Michael Moore,180007337391434,567,06/35
6863,Discover,Erika Hanson,4269221389855602,5934,11/28
6864,JCB 15 digit,Angel Nelson,4147217207773,279,03/34
6865,VISA 13 digit,Walter Kaiser,3579516814554689,5171,03/26
6866,American Express,Bonnie Woods,4308406485949,110,01/32
6867,VISA 19 digit,Katherine Cabrera,30255686749882,8862,06/34
6868,JCB 15 digit,Donald Robles,4596748198003564,778,11/26
6869,Mastercard,Christine Hernandez,180053244215837,489,12/27
6870,JCB 16 digit,William Merritt,3526109568339343,604,03/26
6871,JCB 16 digit,Alicia Powers,4852406580518025,070,02/30
6872,VISA 19 digit,Patrick Turner,565275485268,300,09/28
6873,VISA 16 digit,Michelle Morgan,3560117936979978,813,08/30
6874,JCB 16 digit,Sheila Gibbs,561777653057,793,08/30
6875,Maestro,Mary Barnett,344838227472204,374,07/28
6876,JCB 15 digit,Amber Oliver,4368583252243418,118,10/31
6877,JCB 15 digit,Jeffrey Singh,676179077810,212,08/35
6878,JCB 15 digit,Jason Montoya,30316628353850,444,07/34
6879,VISA 19 digit,Tina Walker,4022434224879,417,03/34
6880,JCB 16 digit,Derek Faulkner,4280791324533170,128,01/29
6881,Maestro,Juan Bell,6548707784780880,570,09/34
6882,Maestro,Victoria Harris,30210791434680,568,11/28
6883,JCB 16 digit,Kevin Calderon,6536250698963395,859,12/27
6884,Discover,Sandra Ross,2411099481444264,726,03/27
6885,JCB 15 digit,Edwin Garcia,3550055068243205,278,03/31
6886,VISA 16 digit,Melanie Lowe,3584495418734448,000,06/32
6887,VISA 16 digit,Selena Jones,675982480567,339,07/29
6888,JCB 16 digit,Andrea Moran,3540504780291102,428,03/31
6889,VISA 13 digit,Matthew Moore,6011694625485952,605,12/33
6890,VISA 13 digit,Alicia Hill,3536945521960537,451,02/27
6891,JCB 16 digit,Veronica Rodriguez,502060056152,570,03/33
6892,Diners Club / Carte Blanche,Laura Booker,3558549642696294,984,07/33
6893,VISA 13 digit,Darrell Jackson,4584849293313090,919,11/33
6894,Diners Club / Carte Blanche,Peggy Rogers,4747935804296454,017,07/30
6895,Maestro,Andrew Carroll,4128748582769,061,01/32
6896,Maestro,Mary Oliver,6011778709083690,079,04/30
6897,VISA 16 digit,Bruce Schneider,4231256564153529915,465,06/27
6898,Maestro,Katelyn Wells,38557552341757,926,11/27
6899,VISA 16 digit,Eddie Stafford,6574553710262370,535,11/33
6900,Mastercard,Jackson Rubio,4750072168788134,439,05/30
6901,JCB 16 digit,Kim Robertson,213183897672819,556,06/29
6902,VISA 16 digit,Katie Santos,6529811663653441,434,02/29
6903,JCB 15 digit,Christian Jimenez,4466010868451483,073,01/36
6904,Mastercard,Cheryl Parrish,4989888439482436,053,03/29
6905,Diners Club / Carte Blanche,Victoria Young,6570544113137107,2270,10/32
6906,VISA 19 digit,Nathan Ashley,6011247667404140,729,10/33
6907,VISA 13 digit,Gregory Mendez,180019085945022,9109,08/35
6908,JCB 15 digit,Veronica Adams,36187360660388,9380,11/29
6909,Maestro,Lance Patrick,6517591098991814,063,02/30
6910,JCB 15 digit,Jordan Anderson,3566495069032342,286,01/36
6911,JCB 16 digit,Brian Russell,6011279377162973,565,03/28
6912,VISA 16 digit,Tara Lewis,3547005796255761,101,10/28
6913,Maestro,Brianna Flores,3540062481223502,475,09/33
6914,American Express,Dustin Bass,3534104939826631,013,09/26
6915,Mastercard,David Henderson,676297564061,502,03/29
6916,VISA 16 digit,Lori Watson,4787812678123778,502,09/34
6917,VISA 19 digit,Victoria Dickerson,4785307712811373,145,10/34
6918,Mastercard,Zachary Cook,583705715915,414,01/28
6919,VISA 19 digit,Fernando Hernandez,2341596401601746,885,12/31
6920,Maestro,Jessica Rodriguez,4589807096761,435,01/30
6921,Discover,Robert Arias,3583890169453506,728,01/33
6922,JCB 15 digit,Cynthia Lopez,379203074688550,776,05/26
6923,VISA 13 digit,Jay Blackwell PhD,3543586312372697,630,04/34
6924,VISA 13 digit,Joanna Mcguire,4455849214400,706,10/33
6925,JCB 16 digit,Mr. Wyatt Newton,4901335728320,637,09/31
6926,VISA 19 digit,Marcus Lewis,3595756540043397,063,08/32
6927,Mastercard,Tyrone Stuart II,4796606049050852601,541,01/36
6928,Mastercard,Heather Ramsey,30107359920342,439,03/31
6929,Maestro,James Hernandez,4827235474907156,585,05/27
6930,VISA 19 digit,Gwendolyn Esparza,6555252341898933,778,10/34
6931,American Express,Kathryn Gill,5416286177118587,174,10/34
6932,Maestro,Jon Moore,4700427918896469771,742,08/30
6933,VISA 13 digit,Laura Henderson,6011098807398613,805,12/27
6934,VISA 13 digit,Glenda Anderson,6585304415773700,159,06/26
6935,JCB 16 digit,Mary Wilcox,180031764839517,182,02/35
6936,Maestro,Jennifer Schwartz,3537027016694464,580,04/28
6937,Mastercard,Mrs. Erika Brooks,4963595407922703,551,01/33
6938,JCB 16 digit,Michelle Jones,4627523694749,302,05/30
6939,American Express,Hannah Rivera,4660453882104916,452,12/34
6940,JCB 16 digit,Bethany Oliver,30342148247752,356,12/34
6941,American Express,Alexander Bonilla,213110160506390,019,09/27
6942,Discover,Mark Anderson,569428337129,726,08/32
6943,Mastercard,Bruce Gray,4937681403134,103,10/29
6944,JCB 15 digit,Tammy Hall,6011644955702054,069,01/33
6945,VISA 16 digit,Karen Perez,346977357146648,168,09/34
6946,VISA 16 digit,Cynthia Moon,4002247223026045,861,11/28
6947,JCB 16 digit,Elizabeth Morton,4646663919343233,739,06/32
6948,VISA 16 digit,Nathan Prince Jr.,6529740997132295,1732,07/30
6949,VISA 16 digit,Christopher Gomez,349420823247796,825,11/27
6950,JCB 16 digit,Wesley Campbell,370454371055642,270,05/32
6951,VISA 13 digit,Charles Cruz,4416031372513,846,01/29
6952,VISA 13 digit,Jessica Rodriguez,30579087768658,218,08/28
6953,Maestro,Kayla Hall,2237961478532736,705,11/27
6954,VISA 19 digit,Chelsey Leonard,4679215831914508,576,08/30
6955,JCB 15 digit,Jesse Moyer,4848820239283392,025,11/29
6956,Diners Club / Carte Blanche,Sharon Flores,4300487727223164,501,01/28
6957,VISA 16 digit,Michael Larson,370173700536045,664,10/26
6958,VISA 16 digit,Christine Hanson,6011271806502606,064,12/35
6959,JCB 16 digit,Hunter Melendez,4456233132385285,312,03/29
6960,American Express,Brian Rivera,676160662380,229,01/27
6961,JCB 16 digit,Tara Miles,4826731337054211,093,01/29
6962,JCB 15 digit,Jonathan Huff,180035450597172,927,07/30
6963,JCB 16 digit,Shane Greer,180073323123348,397,09/29
6964,VISA 16 digit,Maureen Reynolds,676287225269,1053,05/27
6965,Maestro,Kayla Carter,4260054278185,733,11/32
6966,VISA 16 digit,Carrie Joseph,6011209603835472,456,04/26
6967,VISA 13 digit,Daniel Guerrero,4443563428133,901,05/30
6968,VISA 16 digit,Jacob Foster,4987278904064731,338,04/28
6969,Maestro,Julie Johnson,344681083286601,491,03/26
6970,JCB 16 digit,Kathy Watson,30148950071911,243,08/34
6971,Maestro,Adam Bates,376838024538513,286,09/33
6972,Diners Club / Carte Blanche,Debra Bush,6011618448162878,061,05/33
6973,Mastercard,Dominique Parker,4280974911414018,333,04/31
6974,JCB 15 digit,Taylor Saunders,180037576774198,472,07/32
6975,Mastercard,Clayton Hendrix,501889419781,956,08/31
6976,American Express,Gavin King,2720128340118938,785,07/30
6977,American Express,Pamela Clark,2703862737995935,901,09/29
6978,Maestro,Martin Wood,3585473865706267,548,10/32
6979,Maestro,Christina Brown,5364803402034884,3135,03/28
6980,JCB 15 digit,Tara Erickson,3550098422706368,430,01/29
6981,Mastercard,Brianna Miller,4210887660908128,566,02/27
6982,Mastercard,Amber Rodriguez,2667823311633981,325,05/28
6983,Diners Club / Carte Blanche,Mary Richardson,3514213553471345,394,02/33
6984,Discover,Brittany Price,30149282659589,576,04/29
6985,VISA 16 digit,Matthew Sanders,3521747225469931,659,08/28
6986,JCB 15 digit,Vanessa Miller,4592336791399,4821,08/33
6987,VISA 13 digit,Maria Cole,4730471552096109952,687,02/28
6988,JCB 16 digit,Cynthia Perez,4191764642109632479,049,01/31
6989,VISA 16 digit,Jade Smith,4708290291189736778,353,03/31
6990,VISA 19 digit,Veronica Kane,4697280146871248291,3131,08/30
6991,JCB 16 digit,Timothy Chavez,4269846639183266055,139,01/31
6992,JCB 15 digit,Derek Arias,4924478142895906,978,09/35
6993,Mastercard,Ray Golden,3538153679867764,358,08/28
6994,JCB 16 digit,Linda Schultz,6011815653775499,577,04/34
6995,JCB 16 digit,Kirsten Martinez,4072901359633,208,04/27
6996,VISA 16 digit,Sandra Lewis,4230791839425,066,04/29
6997,VISA 16 digit,Mark Taylor,213185772276251,944,11/33
6998,JCB 16 digit,Amanda Price,3501964979936189,211,05/34
6999,JCB 15 digit,Cindy Smith,630484522622,693,09/29
7000,VISA 13 digit,Laura Harris,38312003276271,595,07/30
7001,JCB 15 digit,John Lawson,180007318058945,774,11/28
7002,Mastercard,Julie Mcdaniel,3571990475555129,264,09/30
7003,VISA 19 digit,Brian Davis,060400486704,522,01/30
7004,Mastercard,Peter Cruz,4734839286123043,7115,08/27
7005,Discover,Jeffrey Johnson,2560649031720271,013,09/26
7006,VISA 16 digit,David Yates,3514256648832328,542,07/30
7007,JCB 16 digit,Timothy Palmer,213128359710029,133,04/32
7008,JCB 16 digit,Craig Lloyd,676273008968,0353,10/28
7009,Discover,Daniel Rodriguez,4054859911480339384,522,02/35
7010,JCB 15 digit,Joseph Velasquez,630414822530,164,04/31
7011,Maestro,Ms. Angela Warner,4666559479070,680,03/30
7012,American Express,Tracy Stone,4683538791109312,860,10/26
7013,Discover,Gregory Bradley,2716391208151070,418,08/32
7014,Diners Club / Carte Blanche,Scott Reid,4440875129598368,048,03/29
7015,JCB 15 digit,Jordan Long,341330969592905,729,12/30
7016,Diners Club / Carte Blanche,Crystal Jordan,180003410086124,552,11/34
7017,VISA 16 digit,John Stewart,4013069867321157710,009,03/35
7018,JCB 16 digit,Cody Butler,6011915026343395,248,05/34
7019,American Express,Ruben Jones,4225298349309659,203,09/35
7020,Discover,William Gross,4948065978380927389,106,08/30
7021,VISA 19 digit,Victoria Moore,4732766176833633,909,03/32
7022,JCB 16 digit,Alexandra Burton,36483967417656,811,11/31
7023,VISA 13 digit,Jack Calhoun,4739148363040244,170,09/33
7024,JCB 15 digit,David Smith,4888675604726,850,03/34
7025,VISA 19 digit,Sandra Woodward,060455342349,098,04/26
7026,JCB 16 digit,William Wood,3544832602002225,058,03/32
7027,JCB 16 digit,Tyler Rogers,30074056023293,785,03/30
7028,VISA 16 digit,Michael Adams,4458427694829,738,09/26
7029,VISA 16 digit,Anthony Colon,4308630660110409,470,02/35
7030,Diners Club / Carte Blanche,Jacqueline Rivas,3524404260040337,651,10/35
7031,VISA 13 digit,Heather Bryant,6011088610294802,021,07/35
7032,VISA 13 digit,Amy Gould,344486021886797,009,05/26
7033,JCB 15 digit,Ricky Dennis,4181873157148902,011,10/31
7034,VISA 13 digit,Carolyn Harper,4951350200663631,674,04/33
7035,American Express,Alexander Williams,4419349426333600414,807,08/30
7036,Mastercard,Brian West,4188437319451175,320,11/30
7037,Maestro,Paul Glover,30530323037085,264,11/34
7038,American Express,Edward Kelley,213163614841889,657,02/26
7039,JCB 16 digit,Paul Wilson,30040749429247,696,05/26
7040,VISA 19 digit,Dwayne Valdez,3584801320207581,007,07/30
7041,VISA 19 digit,Erica Duncan,6557731768366340,359,11/29
7042,Maestro,Matthew Boyd,060443044726,518,01/30
7043,Discover,Alexandra Hernandez,2234933447440765,546,10/33
7044,VISA 16 digit,Sarah Mayer,6011311469064344,217,11/31
7045,Mastercard,Rebecca Calhoun,3566770203039142,774,12/35
7046,VISA 16 digit,Richard Webb,38904565677217,296,06/30
7047,VISA 13 digit,Jesse Arnold,676250889737,021,05/31
7048,VISA 19 digit,Karen Young,30412310751434,759,03/27
7049,Diners Club / Carte Blanche,Joshua Mcbride,4869517001220503,056,05/31
7050,VISA 19 digit,Molly Johnson,4150354069311,326,01/27
7051,JCB 16 digit,Troy Griffith,30219418399127,395,11/31
7052,VISA 16 digit,Kevin Williams,4356178538717808,3482,12/30
7053,Maestro,Alice Munoz,180063094705506,217,09/33
7054,VISA 13 digit,David Harper,372338604301394,148,01/32
7055,American Express,Carla Campbell,2664863896540261,733,03/33
7056,American Express,Susan Morales,4829455618163,938,05/34
7057,JCB 15 digit,Matthew Brown,4103141378361232,344,08/34
7058,JCB 16 digit,Joann Parrish,371923550110369,384,04/29
7059,Mastercard,Meredith White,346020942642126,722,09/33
7060,VISA 16 digit,Rachel Kirk,180046802517511,863,09/33
7061,JCB 16 digit,Andrew Fernandez,180075203683986,788,05/30
7062,VISA 19 digit,Stacy Romero,4322820126248701,475,02/30
7063,VISA 16 digit,Cathy Mack,3526178478986824,643,09/34
7064,Mastercard,Brittany Morrison,4174541908920346,788,11/27
7065,VISA 16 digit,Dan Stevens,4492394854087800,858,10/32
7066,Discover,Paula Brown,180087449794147,825,04/28
7067,JCB 16 digit,William Gallagher,6589587460413349,113,09/30
7068,Diners Club / Carte Blanche,Matthew Nolan,343329176632452,312,12/35
7069,VISA 16 digit,Erik Dickson,675958762840,722,01/30
7070,JCB 16 digit,Katherine Woods,180076713945220,141,07/32
7071,VISA 19 digit,Craig Chapman,4777981181516402716,768,06/35
7072,VISA 19 digit,Justin Mcguire,213114605536285,845,08/31
7073,VISA 13 digit,Nathaniel Martin,4042854056184606199,582,10/32
7074,Diners Club / Carte Blanche,Misty Wright,4899782578141,315,01/32
7075,JCB 16 digit,Scott Jackson,340322814414568,738,12/31
7076,American Express,Alexandra Woods,502024235223,376,03/27
7077,JCB 15 digit,Tyler Johnson,564438381597,593,11/34
7078,JCB 16 digit,Bobby Carlson,2709231545954258,822,05/28
7079,VISA 19 digit,Julie Ortiz,4932220628930835,292,07/35
7080,VISA 13 digit,Charles Mays,4856271998951077,095,06/34
7081,VISA 13 digit,Rhonda Weber,4215559599371612,419,07/26
7082,Discover,Jessica Woods,340856257331698,735,11/27
7083,VISA 13 digit,Audrey Cummings,587240597316,826,04/26
7084,VISA 13 digit,Brianna Garcia,676145009905,519,02/30
7085,VISA 19 digit,Victoria Faulkner,4673517801619,847,10/27
7086,JCB 16 digit,Anthony Costa,4018417828118230,756,06/27
7087,Discover,Jessica Wallace,373744075703472,951,01/34
7088,JCB 16 digit,Frank Garcia,4756825786463,835,08/33
7089,VISA 13 digit,Mrs. Laurie Gentry DDS,3598340630191478,889,12/35
7090,American Express,Wendy Cisneros,6556775572388694,604,03/28
7091,Maestro,Courtney Dillon,4114698144457815,1926,02/31
7092,Mastercard,Shelly Anderson,4388507644317164,730,09/29
7093,VISA 16 digit,Shelby Smith,2292031557851167,308,07/26
7094,JCB 15 digit,Jennifer Smith,5213032711743174,538,11/27
7095,Maestro,Rebecca Schultz,4105079103475443595,018,01/32
7096,Discover,Philip Harris,213154802763399,657,06/26
7097,VISA 16 digit,Drew Ingram,30255989924463,915,10/35
7098,VISA 16 digit,Gregg Graves,6566906519192547,169,01/35
7099,JCB 15 digit,Mallory Gilmore,3575063121751553,584,05/30
7100,Diners Club / Carte Blanche,Kelsey Wong,4589076533985942,615,04/33
7101,VISA 19 digit,Brent Johnson,375965161942827,755,08/29
7102,JCB 15 digit,Lisa Barajas,213108612030845,458,01/35
7103,Discover,Stacey Mcguire,060478668936,429,10/33
7104,Mastercard,Alexis Foster,4730954679669959,933,08/30
7105,JCB 16 digit,Julie Ramirez,4786663071656893,4563,07/29
7106,VISA 13 digit,Brandon Johnson,38568306307945,659,04/30
7107,VISA 16 digit,Dawn Franklin,4575594637503,570,05/35
7108,JCB 16 digit,Stephanie Berry,213139456361111,272,04/28
7109,VISA 19 digit,Jeffrey Anderson,6533165809575255,401,02/35
7110,Maestro,Robert Pham,4029464744323776945,8007,02/35
7111,Discover,Jill Hill,30237160810232,230,12/26
7112,JCB 16 digit,Alejandro Austin,4233468193761,298,11/32
7113,Diners Club / Carte Blanche,Doris Adams,372762151900953,934,04/27
7114,VISA 19 digit,Ian Carroll,6011068107589880,801,11/31
7115,American Express,Heidi Garrett,3500491332694959,827,02/27
7116,Maestro,Erica Watson,4154653298035231,220,02/32
7117,JCB 16 digit,Eric Price Jr.,4977338160557992,221,05/35
7118,VISA 16 digit,Kelly Henderson,30339417489990,507,02/30
7119,VISA 16 digit,Rebecca Salazar,180003665694853,733,11/31
7120,Mastercard,Stephanie Mcclain,503829035305,632,09/33
7121,Maestro,Omar Huerta,4799875161509890,612,10/27
7122,JCB 16 digit,Mrs. Anna Miller,3533281661028122,466,01/36
7123,JCB 15 digit,Stephen Phillips Jr.,213107390005177,888,04/27
7124,Diners Club / Carte Blanche,Jessica Gray,3519007924322947,695,03/34
7125,VISA 16 digit,Robert Miller,38437278061874,726,03/30
7126,JCB 16 digit,Jerry Garza,6011676192210350,795,08/28
7127,Maestro,Kathleen Thomas,370266803486009,012,12/30
7128,Discover,David Hayes,348451503838076,823,12/30
7129,Maestro,Brandon Martinez,3572756920648689,712,03/33
7130,JCB 16 digit,Mr. Michael Coleman MD,6011816475730795,868,08/34
7131,VISA 19 digit,Dr. Alicia Hodge,639048239706,050,08/29
7132,Diners Club / Carte Blanche,Shane Barber,4889257952129603,490,06/32
7133,VISA 16 digit,Michael Simpson,2256176930003467,067,10/35
7134,VISA 16 digit,Daniel Spencer,4729651417969070,114,04/31
7135,American Express,Jimmy Mathis,4112342233707663,013,01/29
7136,JCB 15 digit,Thomas Payne,4676272158424028801,663,09/34
7137,Mastercard,Elizabeth Beltran,3512841417177393,806,09/26
7138,VISA 16 digit,Jeremy Martinez,2306606073050461,1136,02/31
7139,VISA 13 digit,Sean Kelly,213178075526340,640,06/31
7140,VISA 16 digit,Edward Brown,4162176496992599,629,02/28
7141,JCB 16 digit,Heather Collins,4961605794625421868,347,07/26
7142,JCB 16 digit,Lisa Alvarez,4892903175851227,084,07/31
7143,VISA 13 digit,Brett Long,6011409376861040,156,12/35
7144,VISA 16 digit,Kimberly Cox,5263895504009469,586,11/26
7145,JCB 15 digit,Rebecca Lewis,213177704742450,704,09/30
7146,Diners Club / Carte Blanche,Kelly Preston,213151096738509,551,06/35
7147,JCB 16 digit,Travis Li,4731486651506691079,600,10/29
7148,VISA 13 digit,Michael Lyons,676107020346,342,04/29
7149,VISA 19 digit,Alyssa Moyer,4442175895763041,347,12/35
7150,VISA 16 digit,Thomas Peterson,4271921389784639,517,09/30
7151,Discover,Frank Alvarez,4001243206767730,731,03/27
7152,Maestro,Joseph Johnson,4319334965757242632,304,10/32
7153,Discover,David Vincent,4811298162989777,367,10/33
7154,VISA 16 digit,Andrea Ryan,4452531148335,345,12/30
7155,Discover,Jasmine Mathis,3584331989659781,0962,04/27
7156,Diners Club / Carte Blanche,Matthew Alvarez,3574562342553194,585,03/29
7157,Maestro,Douglas Johnson,4368349179069759537,301,01/28
7158,VISA 16 digit,Mark Ray,180091080114912,337,12/30
7159,Maestro,James Avery,346356082249920,580,01/35
7160,VISA 16 digit,Ryan Goodwin,4571576302335690,544,02/30
7161,JCB 15 digit,Jesse Butler,180072800276363,936,07/29
7162,VISA 19 digit,Alexander Jefferson,4094870122471118,942,12/32
7163,VISA 19 digit,Keith Martin,6011995083397898,756,11/27
7164,VISA 16 digit,Linda Lane,4130480519702,184,03/30
7165,Maestro,Eric Jones,4887282643130879,406,03/31
7166,JCB 16 digit,Garrett Tran,3580738958762236,964,08/26
7167,VISA 13 digit,Matthew Henderson,2259231076954762,113,01/31
7168,Maestro,Tony Castillo,4599987320600,308,06/29
7169,Mastercard,Lisa Holmes,502003372518,124,03/29
7170,VISA 16 digit,Earl Sims,4074496780092410124,260,02/27
7171,JCB 15 digit,Eric Cole,3528363049614638,790,07/26
7172,JCB 16 digit,Jordan Matthews,4973571044096688,715,01/27
7173,VISA 13 digit,William Jones,36929270527805,341,02/27
7174,Mastercard,Cynthia Alvarez,3505873682274976,256,01/33
7175,JCB 16 digit,Joy Martinez,4152653748990367,085,02/34
7176,Mastercard,Andre Harper,4635576813975,514,08/27
7177,JCB 15 digit,Vincent Aguilar,4040918485095353732,232,10/34
7178,VISA 16 digit,Cindy Weiss,5248679239718077,245,07/35
7179,Discover,Keith Miles,6573625510100041,440,11/35
7180,JCB 15 digit,Noah Shaw,340552712185486,479,12/28
7181,Discover,Kendra Finley,30542287782507,838,07/34
7182,Diners Club / Carte Blanche,Rebecca Sanchez,6583921720416667,480,10/30
7183,VISA 16 digit,Angel Avila,4649993271660845666,655,01/29
7184,VISA 16 digit,Robert Lester,3540558475057087,941,05/31
7185,VISA 16 digit,Peter Mitchell,3540959161370612,572,10/35
7186,JCB 16 digit,Kayla Harrington,3518980648800755,350,07/35
7187,JCB 16 digit,William Pruitt,6551497644748954,343,05/29
7188,Discover,Jill Vincent,3576939199140481,143,01/29
7189,Mastercard,Amanda Rice,3523463823159399,212,07/32
7190,VISA 16 digit,Rodney Ali,3506442210397037,401,04/29
7191,VISA 19 digit,Chris Glass,4937405369759072,265,04/33
7192,JCB 16 digit,Zachary Wright,4670261921619,040,09/35
7193,Maestro,Mr. Jesse Hull PhD,213141457657109,429,07/29
7194,Diners Club / Carte Blanche,Mallory Bell,4773493929393233418,364,06/28
7195,American Express,Dustin Ortega,4193236814354699869,726,01/30
7196,VISA 16 digit,Heather Carson,180080149166070,314,03/27
7197,Mastercard,Joseph Castro,30102728655893,831,11/29
7198,VISA 16 digit,Henry Mcknight,4356400860740,282,08/29
7199,JCB 15 digit,Bailey Webb,38047248145432,149,05/35
7200,VISA 16 digit,Joseph Roman,581685711557,016,07/35
7201,VISA 13 digit,Janet Henderson,38857912426649,827,10/30
7202,Discover,Elizabeth Casey,38955493647888,767,01/31
7203,VISA 13 digit,Danielle Smith,4119189040603582,139,07/28
7204,VISA 16 digit,Brady Camacho,4555828573591,636,08/28
7205,American Express,Andrea Johnson,4396390172214826,014,03/28
7206,JCB 16 digit,Christian Mcknight,060427864107,796,11/35
7207,VISA 16 digit,Michelle Figueroa,3548811189567640,444,03/28
7208,Mastercard,Lauren Collins,347502013232928,031,12/28
7209,VISA 16 digit,Amanda Wade,4658681588233,2794,04/30
7210,VISA 16 digit,Jessica Wilson,180088186220999,089,03/34
7211,Maestro,John Garcia,4998613709030978429,513,10/33
7212,JCB 16 digit,Alex Johnson,3527769574886766,8112,12/35
7213,VISA 13 digit,Linda Elliott,3574057437153646,785,12/27
7214,JCB 15 digit,Lisa Mcdaniel,4256507428302,249,06/32
7215,VISA 16 digit,Kristina Abbott,4516748358623623121,503,09/31
7216,Discover,Derek Faulkner,3577132783994385,467,04/34
7217,Diners Club / Carte Blanche,Tara Lopez,2705702987950313,744,05/30
7218,VISA 19 digit,Christopher Short,30327648561950,244,01/27
7219,Mastercard,Robin Thomas,575163102446,051,12/28
7220,Diners Club / Carte Blanche,Scott Malone,060438302311,550,06/27
7221,VISA 19 digit,Brad Butler,4190501685161944,243,01/35
7222,JCB 15 digit,Jacob Mcdaniel,6011005649969220,830,01/33
7223,VISA 16 digit,James Delgado,3543076316594983,406,11/29
7224,VISA 19 digit,Maria Wilson,4688994210493162060,196,07/27
7225,Mastercard,Cathy Jones,4212750440021505,838,05/31
7226,Maestro,Catherine Phillips,4775959625289,876,11/28
7227,JCB 16 digit,Jared Tran,4839803172805,0437,05/26
7228,JCB 16 digit,Charles Robinson,180056403454097,761,12/28
7229,VISA 19 digit,Danielle Prince,3560545191239409,623,04/30
7230,Maestro,Joel Garrison,4900694515963,663,06/30
7231,Maestro,Ann Huber,4955588203677795,671,08/26
7232,JCB 16 digit,Keith Phillips,3559564815678903,7105,11/26
7233,VISA 16 digit,Jonathan Chandler,30283540700172,811,06/34
7234,JCB 16 digit,Jason Kim,4614718236787823,926,09/31
7235,JCB 15 digit,John Castillo,4766817625158178,994,04/35
7236,American Express,Rebecca Mcmahon,4461492512660,975,08/27
7237,Diners Club / Carte Blanche,Stephanie Bennett,180058481344877,199,08/28
7238,Discover,Michele Ball,5243918587327122,282,01/34
7239,VISA 19 digit,Julia Simon,372472309480466,164,07/27
7240,VISA 13 digit,Marie Carter,6528643032241496,984,02/33
7241,Discover,Lori Ho,180057185051325,304,06/28
7242,VISA 16 digit,Richard Smith,3593795462598543,713,05/31
7243,JCB 15 digit,Jason Jackson,630464509482,348,05/28
7244,VISA 16 digit,Kathryn Wood,4584569286011150,796,09/33
7245,Mastercard,Wendy Pratt,213183786295391,006,03/34
7246,JCB 16 digit,Margaret Pollard,4897483069758,0013,01/32
7247,VISA 19 digit,Teresa Barrera,3510558061442236,217,05/34
7248,American Express,Daniel Carter,6011833121369902,027,04/30
7249,JCB 16 digit,Elizabeth Diaz,4037658310104223,587,08/30
7250,JCB 16 digit,Lucas Ellis,639095904368,624,05/34
7251,JCB 16 digit,Christopher Wong,4568881041683680,774,10/31
7252,JCB 15 digit,Connie Riley,4154580081211903,496,03/28
7253,JCB 16 digit,Raymond Weiss,4405464109476,279,03/27
7254,JCB 15 digit,Amanda Nelson,3549167262879942,796,11/35
7255,Discover,Kathleen Jones,4286595030330,274,12/31
7256,JCB 15 digit,Joseph King,3527930162008722,624,12/33
7257,JCB 15 digit,Dr. Kaitlyn Henry,060430542690,555,09/32
7258,Mastercard,James Rosario,30588849847767,728,12/28
7259,Mastercard,Angela Davis,6536373576389440,952,03/31
7260,VISA 13 digit,Thomas Mendez,4932285322105430,349,10/32
7261,JCB 15 digit,Cynthia Cooke,3573602485321164,0362,03/30
7262,VISA 16 digit,Hannah Hatfield,4031332220762837,759,01/27
7263,VISA 16 digit,Dr. Anthony Boyer,30220197769878,130,08/27
7264,VISA 16 digit,Derek Olson,3546141601379552,808,05/32
7265,Mastercard,Raymond Lang,4210767200291138,224,11/27
7266,JCB 16 digit,David Stewart,582466214795,391,04/26
7267,VISA 13 digit,David Moore DVM,3552767891203176,2620,03/29
7268,VISA 13 digit,Andrea Fletcher,213112778373254,908,10/33
7269,VISA 13 digit,Madeline Robinson,213184857110733,076,09/33
7270,JCB 15 digit,Susan Hall,3554973950313751,183,10/27
7271,VISA 16 digit,Austin Dickerson,4210563039499343,738,06/27
7272,Discover,James Davenport,4878595927935,823,12/28
7273,VISA 19 digit,Daniel Casey,36315500849971,968,10/35
7274,VISA 16 digit,Jenna Lester,4530489394736,397,02/34
7275,VISA 13 digit,Mr. Albert Rangel,30534204314563,768,09/30
7276,American Express,Kristina Davis,4547306188221117195,916,11/33
7277,Discover,Alyssa Parrish,3543989078486299,676,04/26
7278,JCB 15 digit,Angelica Castro,3580735389761241,605,02/31
7279,Mastercard,Valerie Oliver,4064367463496,778,04/27
7280,JCB 15 digit,Courtney Evans,213142793689061,089,06/35
7281,VISA 16 digit,Carrie Owen,503831071454,765,11/34
7282,VISA 16 digit,Mrs. Colleen Turner MD,30553096824117,998,10/26
7283,Maestro,Jeremy Price,4567604331616587,170,06/33
7284,JCB 15 digit,Timothy Mercer,30224476631783,0546,09/35
7285,Mastercard,Rickey Garcia,4880619964387884,874,01/33
7286,JCB 16 digit,Katie Foster,3535972686456557,951,01/33
7287,VISA 19 digit,Philip Braun MD,4050545063898003513,371,03/33
7288,Maestro,Bruce Nguyen,30505819015340,264,09/27
7289,JCB 16 digit,Joshua Bailey,501898453268,087,04/29
7290,JCB 15 digit,Melanie Donaldson,3566266232629425,100,02/34
7291,JCB 16 digit,Linda Jackson,3520415540784365,341,10/31
7292,VISA 13 digit,Jeffrey Lopez,676112994121,663,02/32
7293,Discover,Daniel Wiggins,180004116486345,857,08/26
7294,Diners Club / Carte Blanche,Gregory Jones,4812646879613347,143,09/28
7295,Maestro,Bradley Smith,4238186723136399,759,01/34
7296,JCB 15 digit,Shelly Coleman,501850743201,780,01/32
7297,Discover,Christine Miller,3577679403005893,139,11/31
7298,VISA 19 digit,Sherry Parker,30551156278000,111,01/31
7299,Discover,Richard Flores,4428105351911550,982,11/26
7300,American Express,Sonya Smith,347654968437877,156,08/34
7301,VISA 16 digit,Deborah Jordan,3534007877322747,339,04/33
7302,VISA 16 digit,Raymond Hurst,4104280786700869,230,05/32
7303,Maestro,April Walker,4890851450494,894,10/34
7304,Diners Club / Carte Blanche,Michelle Ford,3516691228954175,722,07/30
7305,American Express,Edward Morris,676109393097,684,07/27
7306,VISA 19 digit,Joshua Meyers,4742973954362532,718,03/28
7307,JCB 16 digit,Crystal Horne,3531823070960007,128,08/28
7308,Mastercard,Raymond Bentley,30476300980915,540,05/26
7309,VISA 13 digit,David James,30260940506771,945,09/29
7310,JCB 16 digit,Lisa Wood,4547360157704887353,037,07/31
7311,Discover,Sean Dyer,4849380175585087600,421,10/35
7312,VISA 16 digit,Larry Hoover,347342426162382,264,06/32
7313,American Express,Samantha Coleman,675995057014,159,10/27
7314,VISA 16 digit,Latoya Booth,376662774284908,211,04/32
7315,JCB 16 digit,Donald Lewis,3539500103306968,050,08/32
7316,JCB 16 digit,Jamie Matthews,346520518389135,998,04/33
7317,Discover,Pamela White,3503397209275847,549,12/29
7318,Mastercard,Kathleen Lopez,375099119530441,835,10/35
7319,JCB 16 digit,Jason Williams,4154834945801,980,05/32
7320,Diners Club / Carte Blanche,Charles Salas,4622767347856,678,02/27
7321,American Express,Brandon Hall,5445465199112001,037,11/28
7322,JCB 16 digit,Mr. Kurt Reed PhD,3548023639727994,333,12/26
7323,American Express,Alyssa Townsend,343915032547148,159,10/29
7324,Diners Club / Carte Blanche,Stephanie Fischer,4187016536794240651,0973,05/28
7325,JCB 16 digit,Gina Garza,3546207533672792,451,06/34
7326,VISA 19 digit,Anthony Woodard,4370653886276062,684,07/34
7327,Discover,Robert Wilson,4914884146650845,533,06/30
7328,JCB 16 digit,Charlotte Steele,3553353526699887,072,09/30
7329,Mastercard,Alicia Ellis,4573641009818,501,03/33
7330,VISA 16 digit,Gloria Wise,3518298133617844,490,08/27
7331,VISA 13 digit,Stacey Anderson,36610860971963,258,10/32
7332,JCB 16 digit,Randy Forbes,4571009331764102,974,11/35
7333,Maestro,Christine Logan,4891440514294232,429,01/33
7334,VISA 16 digit,Derek Nelson,3513128065602784,945,03/33
7335,VISA 19 digit,Jason Bass,371372727148755,544,02/31
7336,JCB 15 digit,Patrick Jordan,2560576873837261,936,08/35
7337,VISA 13 digit,Bethany Brooks,379617901273981,996,07/33
7338,VISA 16 digit,Mary Ashley,6011578403193187,479,01/34
7339,VISA 16 digit,April Calderon,3518127057745333,701,12/33
7340,Maestro,Tammy Dodson DVM,3525685443762933,715,10/26
7341,JCB 16 digit,Scott Jones,6011356186888384,959,01/29
7342,Maestro,Henry Reilly,346624525103057,049,03/28
7343,VISA 16 digit,Jaime Reynolds,3589471703247177,911,07/33
7344,VISA 19 digit,Wesley Jones,5308137714811443,926,01/31
7345,American Express,Shawn Cherry,3516026830242448,007,01/31
7346,Mastercard,Jeffrey Myers,675991824607,570,05/33
7347,Discover,Destiny Hughes,6011706566747040,253,12/27
7348,Mastercard,Robert Medina,180031651306877,951,06/33
7349,VISA 13 digit,Pedro Barber,4161178320440804,312,01/27
7350,JCB 16 digit,Alexandra Norton,4569271119691873,586,01/29
7351,Mastercard,Phillip Miller,341050485689197,963,03/29
7352,JCB 16 digit,Darrell Haas,4750459477655,473,05/35
7353,Mastercard,Chelsea Carr,3599427867240711,672,05/30
7354,American Express,Jessica Hickman,30570410212662,226,05/30
7355,VISA 13 digit,Susan Bradley,6011289446323613,738,03/35
7356,Diners Club / Carte Blanche,Christopher Martin,349993137830416,012,08/34
7357,JCB 16 digit,Laurie Lynch,4008518529927597,292,10/27
7358,VISA 16 digit,Thomas Potter,588113646735,277,11/28
7359,JCB 15 digit,Joanna Vargas,4372162539925701,2221,05/32
7360,JCB 15 digit,Rebecca Wright,30523587970356,217,07/30
7361,JCB 16 digit,Tara Small,4191034191081504,991,09/28
7362,JCB 16 digit,Kim Pittman,180098891352326,675,07/27
7363,Mastercard,Nicole Wallace,379611608996945,759,11/34
7364,JCB 16 digit,Veronica Cook,2299115278828936,694,01/34
7365,Mastercard,Antonio Charles,4946645199252835054,5070,01/27
7366,JCB 16 digit,Jennifer Morse,4843780481338,507,01/28
7367,Diners Club / Carte Blanche,Robert Hunt,676147513078,876,04/26
7368,JCB 16 digit,Antonio Ramirez,4569643518742624202,969,01/34
7369,American Express,Scott Dorsey,3553569531894201,341,01/29
7370,Mastercard,Thomas Smith,2296381733238763,819,08/27
7371,American Express,Brooke Hall,3596541001738423,338,03/27
7372,Mastercard,Laura Matthews,180070160215823,825,07/34
7373,VISA 19 digit,Brent Mills,30353497903382,331,07/27
7374,American Express,Megan Jones,4875446142201,236,12/29
7375,Discover,Kristi Hobbs,213108192475352,453,11/35
7376,Maestro,Russell Brooks,30279149455820,288,12/33
7377,VISA 13 digit,Alicia Weber,4457789115217,6765,11/28
7378,American Express,Kathy Taylor,3553769655933716,504,03/33
7379,VISA 13 digit,Mark Hardy,6011095769803457,021,07/31
7380,VISA 13 digit,Tara Williams,4217020764414529,426,09/35
7381,VISA 13 digit,Renee Howard,4542948648539093,615,09/32
7382,VISA 19 digit,Joshua Williams,3598679991793541,028,09/29
7383,VISA 16 digit,Mark Fry,213180072185344,515,08/27
7384,VISA 19 digit,William Espinoza,502090213799,776,09/31
7385,JCB 15 digit,Sarah Brown,180056898649169,890,04/32
7386,JCB 16 digit,Christopher Vasquez,3505375822284857,970,07/28
7387,VISA 19 digit,Kathleen Bennett DDS,675931825086,773,11/28
7388,Discover,Todd Jordan,3507666006900658,293,11/35
7389,VISA 19 digit,Ashley Zimmerman,2241470200576650,659,05/35
7390,Diners Club / Carte Blanche,Marissa Gray,345812424164228,431,02/30
7391,American Express,James Miller,376155915464919,333,12/26
7392,JCB 16 digit,Tiffany Le,4993748489800263,460,03/29
7393,VISA 19 digit,Michael Martinez,4706236034412584,304,04/31
7394,VISA 16 digit,Judy Levy,3533130248910171,278,04/32
7395,Discover,Heidi Munoz,340308484160680,843,12/30
7396,VISA 16 digit,Katie Ross,5310537520467106,011,03/29
7397,American Express,Jeffrey Brock,6576298314986978,255,03/35
7398,JCB 16 digit,Lauren Ibarra,675973122475,719,05/26
7399,Mastercard,Thomas Ray,6543619278917503,207,07/32
7400,American Express,Brian Foster,2648856175765089,727,02/28
7401,VISA 13 digit,Janice Ford DDS,4896055283090309,050,08/29
7402,VISA 16 digit,Alexander Baxter,213122421552519,671,04/32
7403,JCB 16 digit,James Lewis,348159543948801,172,02/35
7404,JCB 16 digit,Kenneth Powell,2254711010204312,1028,05/26
7405,VISA 19 digit,Jonathan Valenzuela,341526242336198,323,12/26
7406,JCB 15 digit,Samuel Mcdaniel,4522445319642,978,11/28
7407,VISA 13 digit,James Lewis,4305842303264526,978,01/29
7408,VISA 16 digit,Julie Webb,4400474978572,097,02/34
7409,Maestro,Jason Clark,3508669294935203,058,08/33
7410,JCB 16 digit,Melissa Kennedy,30509351564533,445,02/29
7411,JCB 15 digit,Phillip Mcfarland,4417774715999027401,2421,01/31
7412,Maestro,Thomas Donovan,373512431904724,193,09/28
7413,Diners Club / Carte Blanche,George Russo,30013214565662,274,04/29
7414,VISA 19 digit,Amanda Sampson,374995194341490,151,03/27
7415,VISA 16 digit,Todd Simmons,213131226252050,415,02/35
7416,JCB 16 digit,Alice Hamilton,4024313804329176,844,05/30
7417,JCB 16 digit,Pamela Leblanc,4244611582453,660,01/28
7418,Diners Club / Carte Blanche,Jaime Jackson,4352372079262951945,894,01/30
7419,VISA 16 digit,Crystal Gordon,213154439572270,423,09/29
7420,JCB 16 digit,Jamie Bullock,2252881095633032,015,07/28
7421,VISA 19 digit,Riley Carrillo,3583136396369507,856,05/34
7422,Diners Club / Carte Blanche,Victoria Reynolds,346689665742154,996,10/26
7423,VISA 19 digit,Kevin Cole,3567580202351573,123,08/32
7424,Diners Club / Carte Blanche,Dean Meadows,372442644129771,527,03/32
7425,JCB 16 digit,Adam Alexander,180016237333099,947,10/32
7426,JCB 15 digit,Megan Watts,379798617770989,532,04/35
7427,Diners Club / Carte Blanche,Susan Anderson,4001283457228817486,4313,12/27
7428,JCB 15 digit,Joseph Hopkins,630466259680,708,06/35
7429,Mastercard,Jessica Phillips,4348600069016,489,08/26
7430,JCB 16 digit,Tina Mills,4479721167216491727,561,03/34
7431,VISA 19 digit,Laurie Warren,4753680958704627344,054,01/27
7432,VISA 13 digit,Justin Snyder,4727110557801702,947,07/26
7433,Maestro,John Smith,343831418413492,355,03/26
7434,VISA 13 digit,David Schultz,374232359627061,449,08/28
7435,Mastercard,Paul Roberts,630496397070,1312,08/29
7436,VISA 16 digit,Douglas Young,6011185059036387,818,09/29
7437,American Express,James Hernandez,213156492591600,405,11/30
7438,VISA 19 digit,Justin Mack,4013113468861,165,07/30
7439,Mastercard,Cody Ellis,5208749317763333,774,10/30
7440,VISA 16 digit,Kayla Lane,6500187622212147,311,12/35
7441,VISA 16 digit,Bridget Larsen,3569033901614451,111,10/30
7442,American Express,Douglas Montgomery,3567208617371164,469,06/29
7443,Mastercard,Andrew Cook,5483841040169098,996,10/28
7444,JCB 16 digit,Dean Mckee Jr.,5594127432319335,629,05/26
7445,VISA 13 digit,Patrick Green,6011650210620114,143,12/30
7446,VISA 16 digit,Edward Martin,30515242391895,890,07/33
7447,Diners Club / Carte Blanche,Frances Dunn,3543126598024223,001,11/26
7448,JCB 16 digit,Kimberly Smith,180030896014999,048,01/29
7449,VISA 16 digit,Barbara Lopez,375078157188924,439,09/34
7450,VISA 13 digit,Brian Zavala,4223997423394816,918,08/31
7451,VISA 19 digit,Cassandra Davis,4150901974344,061,11/27
7452,Mastercard,Katherine Wilson,4175377566955327,389,12/32
7453,VISA 16 digit,Michael Dorsey,36172817805745,771,12/29
7454,Maestro,Brittany Keller,676384634025,232,11/27
7455,VISA 16 digit,Steven Rios,6515235684691543,637,01/28
7456,Maestro,Lisa Williams,30378481706780,053,01/32
7457,Mastercard,James Wilson,4950637393464228,070,06/35
7458,JCB 16 digit,Michael Nelson,38350121042753,893,01/32
7459,Discover,Wesley King,378193413715043,610,07/31
7460,JCB 16 digit,Kyle Singleton,4616725253784,0743,09/33
7461,VISA 13 digit,Sandra Roberts,502003164402,117,12/30
7462,Maestro,Connie Ford,3533166055300171,850,09/29
7463,Discover,Kimberly Allen,4329321943413456,9486,09/29
7464,American Express,Katie Yoder,30435109652661,816,02/35
7465,Mastercard,Lisa Davis,375675439511284,9223,02/35
7466,JCB 15 digit,Ariel Vaughn,3589317852149203,2653,01/35
7467,VISA 16 digit,Kaitlyn Diaz,3583413790311793,552,05/26
7468,Discover,Gary Paul,4935036957261064226,134,11/32
7469,VISA 13 digit,Joshua Myers,2701461470981996,508,03/31
7470,Maestro,Charles Baker,4210897684525279,481,09/34
7471,VISA 16 digit,Robert Cooper,4496223540846349738,773,08/31
7472,Mastercard,Lindsey Logan,6011352253205677,408,03/34
7473,VISA 13 digit,Lisa Garrison,2344043472244855,510,06/33
7474,Mastercard,Eric Franco MD,4825980984225211346,409,04/27
7475,JCB 16 digit,Teresa Rojas,30505376774032,5978,10/26
7476,JCB 16 digit,Andrea Humphrey,6549122499569439,719,04/27
7477,Mastercard,Donna Sullivan,4612745830047702,347,02/35
7478,VISA 16 digit,Timothy Williams,573882640242,171,04/34
7479,JCB 16 digit,Connie Nelson,4549624365476,080,09/32
7480,American Express,Kathryn Bradshaw,3576289637462414,170,11/33
7481,VISA 19 digit,Kathy Roman,4834427691483630280,4371,01/31
7482,Diners Club / Carte Blanche,Mr. Joe Green,4537207463608963,225,03/29
7483,Mastercard,Derek Bennett,570514950312,931,03/28
7484,VISA 16 digit,Brian Thompson,6011391641499816,915,08/26
7485,VISA 19 digit,Kaylee Jordan,4514205898634384024,758,04/28
7486,Discover,Allen Myers,4194286900069991,167,07/26
7487,Discover,Danielle Figueroa,4126571383396,259,11/33
7488,Mastercard,Eric Johnson,3565616474855503,924,08/33
7489,Discover,Tracy Ross,6011403943406934,277,12/33
7490,American Express,Kevin Green,180098064863448,220,09/32
7491,VISA 16 digit,Taylor Freeman,3519732154811620,093,08/31
7492,VISA 19 digit,Megan Santiago,5238693639620157,737,09/29
7493,Maestro,Russell Sawyer,4376080868032673,202,02/29
7494,Discover,Alexis Romero,503854631580,4644,02/26
7495,Diners Club / Carte Blanche,Michael Mcguire,180021854664438,574,11/33
7496,JCB 16 digit,Emily Holloway,3528843721816676,160,12/30
7497,VISA 13 digit,Francisco Hendrix,372494819615472,676,12/35
7498,JCB 15 digit,Brandon Parker,6555409390861101,701,12/28
7499,Maestro,Joanna Garcia,4282879566784,163,01/28
7500,JCB 16 digit,Kathy Elliott,3520682652387176,449,09/31
7501,VISA 19 digit,Shannon Mullins,6011576738865347,606,05/34
7502,VISA 13 digit,Meredith Miller,213178993041265,158,09/26
7503,JCB 16 digit,Kimberly Little,2296522566128833,808,10/32
7504,Maestro,Taylor Kelley,3532202863269190,966,01/30
7505,Mastercard,Chelsea Hill,3580144899014979,124,05/35
7506,Diners Club / Carte Blanche,Wendy Diaz,4625714307220,340,05/33
7507,VISA 16 digit,Brian Moore,4097318118830100,244,01/36
7508,Diners Club / Carte Blanche,William Mason,4830243576283832808,342,12/26
7509,Diners Club / Carte Blanche,Michael Powell,4862233929751093,909,07/27
7510,JCB 15 digit,Mark Johnson DDS,3520779230224499,064,09/29
7511,VISA 19 digit,Denise Smith,4258977511998361,387,02/33
7512,Diners Club / Carte Blanche,Jessica Hatfield,3508241683803739,841,09/31
7513,VISA 13 digit,Luis Hart,3534992480217857,033,06/31
7514,Discover,Travis Mosley,3502278872614887,435,12/27
7515,JCB 15 digit,Linda Spears,3547002817217854,851,04/34
7516,Maestro,John Cherry,4042356957225822,868,01/34
7517,VISA 19 digit,Sarah Ortiz,4075108160318914,305,06/30
7518,VISA 16 digit,Sharon Tran,4100197933298262,179,04/34
7519,VISA 19 digit,Tina Turner,501865293655,1932,01/30
7520,JCB 16 digit,Stephen Harper,6511462364584830,943,06/35
7521,VISA 16 digit,Jennifer Perez,4652522304975,523,04/35
7522,Mastercard,Christopher Hubbard,502086963324,677,09/29
7523,JCB 16 digit,Gregory Griffin,3546376172876665,048,02/34
7524,American Express,Elizabeth Spencer,4319506831937225230,019,05/30
7525,Discover,Audrey Chapman,213142829926057,295,10/34
7526,JCB 15 digit,Ashley Sanchez,6011879468429304,752,06/31
7527,JCB 16 digit,Kayla Bowen,676371956886,108,08/33
7528,Mastercard,David Smith,4160245355487280,885,01/36
7529,Diners Club / Carte Blanche,Cheryl Parrish,4809794944898816755,0698,05/26
7530,Diners Club / Carte Blanche,Heather Hooper,4942332880835582,484,09/27
7531,VISA 13 digit,Ashley Decker,180027084076632,524,03/35
7532,Discover,James Wood,213135299137825,888,10/28
7533,Diners Club / Carte Blanche,Rachel Delgado,4597076959072,888,11/26
7534,Diners Club / Carte Blanche,Mrs. Valerie Olson,180066314758635,133,11/33
7535,Diners Club / Carte Blanche,Randall Romero,3510834934554857,207,10/27
7536,Discover,Nathaniel Carter,6011660811007991,198,05/27
7537,American Express,Ronald Walter,6011676774926159,157,09/34
7538,VISA 13 digit,David Evans MD,4885755328539276,037,09/31
7539,JCB 16 digit,Nicholas Fisher,4298106565332,256,10/29
7540,Mastercard,Mariah Park,379249547432043,222,01/30
7541,Discover,Jose Peterson,6011452851582558,317,11/29
7542,Maestro,Morgan King,6510732403930595,872,09/31
7543,Discover,Robert Ritter,4047138292005,072,07/30
7544,VISA 13 digit,Katie Ballard,4660283041687463,4731,08/33
7545,VISA 19 digit,David Valenzuela,4534743053625,588,10/30
7546,JCB 16 digit,Julie Salazar,6509717971770534,553,10/34
7547,VISA 19 digit,Mrs. Nancy Mendoza,180080705989493,461,11/26
7548,JCB 16 digit,Jessica Griffith,213193581231988,289,04/27
7549,JCB 16 digit,Dawn Jimenez,4733413310316931,369,06/26
7550,Maestro,Rebecca Mason,348322417129177,807,07/33
7551,American Express,Christina Coffey,4714819607997,991,07/29
7552,Discover,Robert Evans,30122201020704,046,08/29
7553,VISA 19 digit,Dale Jones,180061585439353,690,01/29
7554,JCB 15 digit,Amanda Myers,6011076285197061,097,02/32
7555,JCB 16 digit,Brooke Rowland,6011697101899331,540,12/27
7556,VISA 19 digit,Jennifer Maldonado,560820052473,651,07/26
7557,VISA 19 digit,Cheryl Lynch,4112628488773164,580,08/33
7558,Diners Club / Carte Blanche,Lori Oliver,4000234622369194,031,08/33
7559,VISA 13 digit,Joshua Anderson,4980690210868217992,809,09/30
7560,Mastercard,Nicole Davis,4558942536540561,732,02/29
7561,Diners Club / Carte Blanche,Penny Dean,344597792353484,657,01/30
7562,American Express,Kenneth Jackson,4342151168384,826,09/30
7563,JCB 16 digit,Laura Garza,30313793558538,935,03/32
7564,Discover,Michael Luna,4228449135177720,045,04/31
7565,JCB 15 digit,Denise Hamilton,3515723975445015,399,05/26
7566,VISA 13 digit,Megan Jenkins,348780825177296,640,01/33
7567,VISA 19 digit,Anne Joseph,2703669460180639,938,05/27
7568,JCB 15 digit,Leslie Perkins,6506815240031796,454,12/28
7569,VISA 13 digit,Kathleen Johnston,3514477053497940,1492,05/33
7570,VISA 16 digit,Adam Santos,3549060118770359,608,10/29
7571,VISA 19 digit,Angela Clark,3550011491586850,2792,12/30
7572,VISA 13 digit,Gail Smith,30193323511920,367,01/32
7573,American Express,Sarah Andrade,213187329461931,257,08/26
7574,American Express,Brooke Torres,3513833666572365,140,10/35
7575,JCB 16 digit,Brett Rodgers,30093745037233,977,07/28
7576,American Express,Emily Miller,6511973862995476,849,12/33
7577,VISA 13 digit,Michael Wood,6504416414935698,424,12/30
7578,VISA 19 digit,Jason Thomas,6011912417965894,299,03/29
7579,Discover,Jean Rodriguez,2650455486181188,806,03/30
7580,JCB 15 digit,Austin Jimenez,3545284896421126,377,11/26
7581,JCB 15 digit,Joshua Johnson,6011897763193128,3556,08/34
7582,Mastercard,George Johnson,377514647903371,431,01/32
7583,VISA 19 digit,Carla Mcdaniel,4713108804265,842,07/29
7584,Discover,Eugene Craig,2357576995376351,076,01/35
7585,VISA 16 digit,Nathan Anderson,38883623210072,115,11/29
7586,VISA 16 digit,Corey Mendez,213126228433492,180,08/32
7587,American Express,Adam Oneill,3560685030409126,584,09/34
7588,JCB 16 digit,Spencer Stokes,3575210235661067,054,05/35
7589,JCB 16 digit,Taylor Phillips,38432056656359,619,09/32
7590,JCB 16 digit,Amy Torres,4231111412529930646,810,09/30
7591,VISA 16 digit,Melissa Barber,4957948088916,4443,05/26
7592,Maestro,Brittney Green,38542617372575,057,12/30
7593,Diners Club / Carte Blanche,Nicholas Robinson,4362008384795651,689,10/35
7594,VISA 13 digit,Megan Rhodes PhD,3538166198464715,780,09/30
7595,JCB 16 digit,Lindsey Norris,3515798815678017,457,03/35
7596,Mastercard,Matthew Doyle,4339913020821548718,092,01/29
7597,VISA 13 digit,Brad Garcia,30502837977981,2151,11/35
7598,VISA 16 digit,Deborah Lozano,6011337685111353,453,02/31
7599,VISA 16 digit,Samantha Mcdonald,213157328108452,895,02/27
7600,Diners Club / Carte Blanche,Mr. Corey Klein MD,4457061863671113,067,02/27
7601,JCB 15 digit,Kristina Carroll,3597999740088550,421,03/33
7602,VISA 16 digit,Susan Gibson,4649525869338933686,838,10/28
7603,VISA 19 digit,Jonathan Wilson,3516324828624846,407,05/33
7604,VISA 16 digit,Jacob Adams,503894436263,191,05/35
7605,JCB 16 digit,Amber Smith,4981478796210154,439,04/27
7606,JCB 16 digit,Daniel Ward,3533879683920166,541,01/36
7607,VISA 16 digit,Jeffrey Schmidt,2710114046871089,872,09/26
7608,Maestro,Jessica Lowe,4135544660764840116,611,06/27
7609,JCB 15 digit,Sara Montoya,4406701646886593,354,01/34
7610,JCB 16 digit,Tracy York,630476734276,394,01/27
7611,VISA 16 digit,Timothy Montgomery,3508676504698158,942,04/31
7612,American Express,William Brooks,213193971307760,374,03/34
7613,JCB 16 digit,William Flores,4423094027569247,8590,05/27
7614,JCB 15 digit,Barbara Romero,343136537911131,251,05/29
7615,American Express,David Medina,4462252495050809,561,01/33
7616,Mastercard,Karen Norris,213141352138676,486,11/28
7617,Diners Club / Carte Blanche,Troy Brooks,4723816801043255,413,01/31
7618,Mastercard,Elijah Ford,3534385187519073,276,08/29
7619,Maestro,Kevin Weeks,4164957988284449,553,11/34
7620,Diners Club / Carte Blanche,Vanessa Wagner,4291495878812884,784,05/34
7621,VISA 16 digit,Nicholas Ellison,180026949751504,042,12/33
7622,VISA 19 digit,Brooke Peck,3520951423504751,135,03/31
7623,JCB 16 digit,Benjamin James,4405764907501856,9509,04/32
7624,VISA 19 digit,Jeanne Leblanc,4357984591145210,315,11/28
7625,American Express,Steven Simpson,6532335559104090,527,12/26
7626,American Express,Patricia Gray,2232597943053299,677,11/30
7627,VISA 16 digit,John Dixon,4045454774654949,953,08/32
7628,Diners Club / Carte Blanche,Patricia Lucas,347739849692632,471,08/27
7629,American Express,Rachel Mcdonald,2231894395904595,644,10/28
7630,JCB 16 digit,Nicole Macdonald,6011759820768674,699,02/36
7631,JCB 16 digit,Renee Perez,4318769486380133961,505,11/26
7632,Diners Club / Carte Blanche,Monique Valdez,378859257187537,682,09/26
7633,VISA 13 digit,Erica Tate,503854229674,029,03/35
7634,VISA 16 digit,Steven Daniels,213188821826977,051,08/33
7635,JCB 16 digit,Lisa Coleman,2720287256494079,723,05/33
7636,VISA 16 digit,Alicia Rodriguez,3582196875600286,190,04/35
7637,Maestro,Janet Wilson MD,675938189163,533,02/31
7638,Diners Club / Carte Blanche,Joseph Austin,30597759688442,151,06/27
7639,Maestro,Jermaine Gray,6542169992844956,122,02/28
7640,American Express,Elizabeth Cannon,343301728449891,3692,02/34
7641,JCB 15 digit,Christian Colon,4721417447400361462,709,06/31
7642,JCB 15 digit,Rhonda Austin,3513227017390637,396,03/29
7643,VISA 16 digit,Madison Oneal,3509041977892144,001,04/32
7644,Diners Club / Carte Blanche,Vanessa Hamilton MD,4086372430851511,437,11/31
7645,VISA 19 digit,Lisa Holmes,4335672989403328,479,04/33
7646,Discover,Lisa Taylor,4724505000035,245,06/31
7647,JCB 15 digit,John Price,4078185805864806246,858,09/32
7648,American Express,Joseph Barton,377483287600699,218,03/27
7649,JCB 16 digit,Matthew Carpenter,3597077754257831,399,12/35
7650,JCB 16 digit,Melinda Lewis,6571948972118729,657,04/26
7651,Discover,Brittney Rogers,630492617109,560,11/33
7652,VISA 13 digit,Megan Wang,675993430643,426,01/27
7653,JCB 15 digit,Jeffery Lynch,3519132858392672,650,04/32
7654,JCB 16 digit,Paul Allen,582206527738,001,07/35
7655,Maestro,Alyssa Woods,2701789129192536,2831,06/30
7656,VISA 16 digit,Alexandria Crawford,30567083914723,267,07/34
7657,Discover,Lisa Fitzpatrick,4590845060712649,6825,02/28
7658,Diners Club / Carte Blanche,Robert Stewart,36829746910520,403,06/30
7659,VISA 13 digit,Tammie Campbell,4146580088880828132,565,03/34
7660,Diners Club / Carte Blanche,Andrew Dennis,6567678954786542,5375,06/30
7661,VISA 16 digit,William Quinn,4165999419390523027,223,02/34
7662,VISA 16 digit,Arthur Owens,3511743988550555,722,06/30
7663,JCB 16 digit,Caitlin Ford,3539195179272291,289,02/27
7664,JCB 15 digit,Thomas Moore,6011367623962567,167,10/32
7665,VISA 13 digit,Jennifer Austin,3506780893496612,310,05/28
7666,Discover,Heidi West,4505121958327971,902,08/27
7667,JCB 15 digit,David Watson,5442632412196979,444,04/29
7668,JCB 16 digit,Stephanie Sullivan,2222153579342143,591,07/31
7669,JCB 15 digit,Holly Mclaughlin,343894582527182,638,11/35
7670,JCB 15 digit,Ian Gross,5382893255137478,868,11/34
7671,Mastercard,Kevin Marquez,4726526965393365,969,10/30
7672,JCB 16 digit,Luis Griffin,213135671599584,933,10/33
7673,JCB 15 digit,Michele Aguilar,3548961563042072,093,07/27
7674,Diners Club / Carte Blanche,Justin Webb,4246079289227316,536,02/28
7675,VISA 13 digit,Michelle Miller,4620631022709908869,379,11/31
7676,Maestro,Michael Jimenez,6011662794372855,712,07/30
7677,Mastercard,Tracy Lester,180043758078895,954,06/31
7678,JCB 15 digit,Samantha Thomas,30139433686193,657,09/34
7679,VISA 16 digit,Debra Deleon,2255488552112273,977,04/34
7680,JCB 16 digit,Kristine Martin,3586056995105671,549,04/31
7681,VISA 16 digit,Jennifer Navarro,3516460427802076,644,06/34
7682,Maestro,Mrs. Brittney Collins DDS,4793701679780656,624,05/33
7683,JCB 16 digit,Henry Walker,4615635809679899,497,04/34
7684,American Express,Alicia Black,30398447320575,148,06/35
7685,VISA 19 digit,Dana Holmes,213153541171724,581,04/34
7686,JCB 15 digit,Sean Russell,4906507956968540,135,06/26
7687,JCB 15 digit,Mr. Robert Macias,3523773382402695,860,11/30
7688,Discover,Dr. Janice Martinez,6011410566085630,049,09/34
7689,VISA 16 digit,Jennifer Jones,4820475750188240629,564,03/33
7690,VISA 16 digit,Lauren Harrington,2597464926353056,425,06/31
7691,Diners Club / Carte Blanche,Christina Jones,38445104404002,987,05/34
7692,JCB 16 digit,Bradley Hickman,3525469800346063,221,10/27
7693,VISA 19 digit,Frank Herrera,4710497386619424,790,12/30
7694,JCB 16 digit,Amber Gutierrez,3561277067300193,297,10/30
7695,Discover,James Ochoa,38223610078028,938,05/29
7696,JCB 15 digit,Kimberly Nicholson,3551632984757234,617,12/32
7697,American Express,Morgan Hernandez,3593513001898633,8191,10/26
7698,American Express,Kenneth Garcia,676120056616,848,05/26
7699,Maestro,Jeffrey Rocha,4706210381793767045,4527,06/29
7700,American Express,Amanda Jenkins,346161462102941,899,11/31
7701,JCB 15 digit,Robert Hernandez,5374781191681263,333,09/35
7702,VISA 16 digit,Amber Decker,2558817947643556,541,08/30
7703,VISA 19 digit,Molly Weaver,4863992447426087,023,06/27
7704,JCB 15 digit,Janice Mejia,213198978661556,855,11/33
7705,VISA 13 digit,Robert Stephenson,3519649200440875,604,06/29
7706,VISA 13 digit,Michael Miller,213180582887876,910,12/35
7707,Maestro,Diana Melendez MD,180043196309191,133,07/35
7708,JCB 16 digit,Jenna Ramirez,4999573495854971270,805,05/28
7709,Discover,Jeffrey Garcia,3531876410474907,887,02/28
7710,VISA 16 digit,Dawn Castillo,30453145172107,953,08/26
7711,Diners Club / Carte Blanche,Ann Dunlap,4529242438561740,025,11/30
7712,Diners Club / Carte Blanche,Lydia Cervantes,2247125404296182,185,05/32
7713,VISA 16 digit,David Young,4574730844495,792,06/26
7714,VISA 16 digit,Mary Crosby,4122773629307205,054,02/30
7715,JCB 15 digit,Amanda Hall,370742350795323,876,04/32
7716,Mastercard,Kristy Rowe,344576914765569,322,05/30
7717,JCB 16 digit,Olivia Ross,6596426593916236,589,08/31
7718,VISA 19 digit,Debra Bowen,639050652226,981,05/32
7719,Maestro,Darius Terry MD,180086784071426,202,09/32
7720,JCB 16 digit,Shelia Bean,4511141704744,177,11/30
7721,JCB 16 digit,Helen Ray,2712902204984407,573,01/30
7722,VISA 16 digit,Todd Roy DDS,4121972075691,009,03/34
7723,VISA 19 digit,Manuel Hudson,4534092621367956,665,06/35
7724,Diners Club / Carte Blanche,Amy Benson,3581286324741723,209,08/26
7725,Discover,Kevin Maldonado,346121779410221,2754,06/31
7726,Diners Club / Carte Blanche,Erika Francis,4262398160756,3149,08/26
7727,VISA 16 digit,Phillip Neal,4218679935413451,879,09/34
7728,VISA 19 digit,Robert Garcia,4063698777899102,104,03/26
7729,JCB 16 digit,Timothy Moore,30471656261960,393,09/27
7730,VISA 16 digit,Jessica Hunter,4458987239236009947,208,11/32
7731,JCB 16 digit,Aaron Thompson,3552721471973799,605,12/32
7732,Mastercard,Logan Sampson,4035891726273199,970,12/31
7733,VISA 16 digit,Justin Wheeler,4290405244078889,633,06/27
7734,JCB 16 digit,Julie Parker,4049925018955669,3514,02/34
7735,JCB 15 digit,Roy Cardenas,4272152552991020,575,06/35
7736,Maestro,Johnny Marsh,4494819352083128089,900,02/30
7737,Maestro,Andrew Alexander,3596232053898584,590,10/31
7738,American Express,Daniel Spears,4348245551048386,023,12/35
7739,VISA 16 digit,Jennifer Goodman,2229273116179981,8254,08/33
7740,VISA 16 digit,Molly Jackson,370342245723513,802,07/26
7741,VISA 16 digit,Jessica Wright,4947851252849,426,12/31
7742,VISA 16 digit,Kevin Jones,30476736521184,070,05/31
7743,Diners Club / Carte Blanche,Donald Daniel,6540215563209210,667,11/32
7744,Maestro,April Adams,503846673583,818,11/30
7745,American Express,Donald Sanders,4745565177876,307,02/26
7746,Maestro,Jamie Jackson,4550411654335475,742,01/32
7747,Diners Club / Carte Blanche,Adam Jones,676378033598,371,01/29
7748,VISA 19 digit,Frank Ward,344955485312714,122,10/31
7749,Mastercard,Karina Bryan,4212037278864465,522,06/35
7750,JCB 16 digit,Monica Tran,3564857027715189,986,10/31
7751,Mastercard,Jonathan Charles,6583502181214443,763,07/28
7752,Diners Club / Carte Blanche,Lawrence Wood,6011179758115147,432,07/27
7753,VISA 16 digit,Stephanie Davis,3509754519631784,836,11/29
7754,Diners Club / Carte Blanche,Micheal Rhodes,4350681463842042,043,02/34
7755,JCB 16 digit,James Bryan,5232071438859407,549,10/34
7756,JCB 15 digit,Matthew Scott,30174945896543,027,08/35
7757,VISA 16 digit,John Chang,4097378262464157819,973,06/28
7758,VISA 13 digit,Stephanie Morales,2376391127203961,262,06/31
7759,Mastercard,Ricky Stone,2448075211723786,0657,07/26
7760,American Express,Mr. Kevin Smith,3549018926178074,199,02/29
7761,VISA 16 digit,Dylan Alvarado,6011238566689972,2683,11/35
7762,JCB 16 digit,Daniel Cummings,4161739832786,042,05/28
7763,JCB 16 digit,Amy Wong,3526441689918840,490,03/34
7764,Mastercard,Terry Stone,4899619031651501,885,12/29
7765,Discover,Kenneth Harris,675953620092,257,05/27
7766,Discover,Holly Williamson,6011124856517182,4451,10/31
7767,American Express,William Mueller,676293178098,168,03/32
7768,American Express,Trevor Scott,374674916097983,619,08/35
7769,VISA 13 digit,Kenneth Lopez,347125137780539,2773,07/35
7770,Mastercard,Kristi Rivera,3544671773583757,275,05/30
7771,VISA 19 digit,Jacqueline Campbell,4353516570952549,489,10/35
7772,VISA 13 digit,Rebecca Ramos,2720886127465844,901,02/29
7773,Maestro,Frank Rivers,3596747128051620,623,01/33
7774,VISA 19 digit,Mrs. Evelyn Schmitt MD,36155155802184,717,05/28
7775,JCB 16 digit,Eduardo Mitchell,2720264127046560,508,02/30
7776,Discover,Elizabeth Brown,4930616023353829346,998,08/35
7777,JCB 15 digit,Jonathan Kelly,4512827733080,673,09/34
7778,VISA 16 digit,Emily Fowler,180039424950764,504,11/31
7779,VISA 16 digit,Paula Pacheco,2611399563372450,147,03/35
7780,Maestro,Wendy Pena,36295499411464,982,12/26
7781,VISA 16 digit,Teresa Wiggins,5509234313515504,064,07/35
7782,Mastercard,Susan Lopez,4654726297006521,462,06/26
7783,JCB 16 digit,Leslie Herring,3573928916989315,733,09/27
7784,VISA 16 digit,David Gomez,180029727316508,4451,04/32
7785,VISA 13 digit,Ana Sims,4222857497421070,287,11/31
7786,JCB 15 digit,Jeremy Arroyo,4933662593008288,747,09/35
7787,Maestro,Theresa Ruiz,675989145346,153,11/32
7788,JCB 15 digit,Jessica Hancock,2720181340484875,823,05/33
7789,VISA 19 digit,Catherine Brown,4913389737159520,359,04/31
7790,VISA 16 digit,Kristen Hodges,343074759568992,843,09/32
7791,JCB 15 digit,Joan Jones,341997652405619,600,09/34
7792,JCB 16 digit,Trevor Moody,4238314259800722634,499,07/35
7793,Diners Club / Carte Blanche,Robert Gomez,3585377856247738,042,12/31
7794,Discover,Darryl Clark,345357583060932,845,01/33
7795,Maestro,Jacob Ramirez,4828752332122,127,08/31
7796,Discover,Natalie Silva,180082635237746,732,10/28
7797,JCB 16 digit,Henry Williams,4236341115896863974,626,09/31
7798,VISA 16 digit,Lisa Clark,6515243809015929,643,08/29
7799,Mastercard,Randy Guzman,4166661459341028382,653,11/28
7800,VISA 19 digit,Courtney Obrien MD,4610224620262394,734,07/28
7801,VISA 13 digit,Kyle White,3504320883876143,508,04/30
7802,VISA 16 digit,Rachael Horne,2313641718902181,919,08/35
7803,American Express,Jenna Gray,6514552631744618,3927,12/34
7804,VISA 16 digit,Robert Christensen,2256060778982521,5041,01/34
7805,JCB 16 digit,Aaron Perez,3578766504029101,528,04/29
7806,JCB 15 digit,Christian Massey,6011485284612857,340,08/30
7807,Diners Club / Carte Blanche,Allison Meza,3563190410118899,761,02/30
7808,VISA 16 digit,Cathy Jenkins,3547861190505353,708,04/29
7809,JCB 16 digit,Regina Martinez,6011391997024382,936,12/27
7810,VISA 19 digit,Melissa Robertson,3588239339371112,240,06/27
7811,Mastercard,Tony Miles,4062821661853,793,11/34
7812,Diners Club / Carte Blanche,Gabrielle Flores,4938325274657865,463,05/34
7813,VISA 16 digit,Danielle Smith,503832177516,140,08/29
7814,American Express,Christopher Hunter,213154969317062,060,10/31
7815,Mastercard,Rose Avila,2221075033908188,2150,12/30
7816,VISA 16 digit,Michael Tran,5470693135807412,2175,01/35
7817,American Express,Brandon Tran,180093509905938,591,05/31
7818,Maestro,Aaron Fox,4708503702554007,795,01/28
7819,Discover,Christopher Cunningham,30429470750105,806,10/31
7820,VISA 19 digit,Sara Mitchell,4250918409139302,078,09/27
7821,JCB 15 digit,David Stone,349346394934969,302,08/27
7822,American Express,Mary Webb,4040514233033723,734,09/32
7823,VISA 19 digit,Kevin Sims,30196921556577,231,07/31
7824,VISA 13 digit,Nancy Cantrell,342435145689357,057,01/36
7825,JCB 16 digit,Stephanie Snow MD,4731343413297989,493,11/32
7826,VISA 16 digit,Felicia Moore,562586985292,320,11/29
7827,VISA 19 digit,Elizabeth Thornton,4779915558084711,891,08/35
7828,JCB 16 digit,Dr. Christopher Lynch,562982557810,663,09/32
7829,Discover,Kent Foley,4302894679637655,954,07/28
7830,Discover,Nicholas Reed,3583635320297304,346,09/29
7831,Mastercard,Corey Stone,4183338009004,420,09/30
7832,Discover,Paul Davis,6562042628419573,045,07/28
7833,Maestro,Michael Fields,30519431144925,755,07/27
7834,VISA 16 digit,Jennifer Blankenship,36625929306589,990,09/34
7835,Mastercard,Douglas Mclaughlin,4669904047851107,461,09/30
7836,Diners Club / Carte Blanche,Tonya Baker,4299864923587597,396,03/28
7837,JCB 16 digit,Rhonda Williams,342747839296863,041,05/32
7838,Diners Club / Carte Blanche,Thomas Rice,4364632789062426440,881,08/32
7839,Discover,Beverly Henry,3532591267999174,571,06/34
7840,Mastercard,Ashley Martin,3538007551119142,986,07/26
7841,JCB 16 digit,Ms. Gabrielle Gomez,36945190383525,579,01/31
7842,VISA 16 digit,Rachel Gibbs,4216718077840527,886,09/31
7843,VISA 16 digit,Michael Cummings DDS,38183379296296,646,07/27
7844,JCB 16 digit,Dr. Mary Cooper,4936859465057,526,12/35
7845,VISA 19 digit,Robert Armstrong,3530253818300954,886,05/33
7846,American Express,Stacey Alvarez,180040726493552,4099,03/33
7847,JCB 16 digit,Jamie Nguyen,180055574173775,052,11/33
7848,Discover,Chad Harris,3544814420521008,474,09/26
7849,Discover,Jodi Munoz,4695306571427858,359,02/27
7850,Mastercard,Lori Holland,4512694155783106,335,03/32
7851,VISA 16 digit,Elizabeth Thomas,6011589045736531,0922,12/34
7852,JCB 16 digit,Stephanie Valdez,374502781859866,591,07/34
7853,JCB 16 digit,Troy Huber,342414446423428,202,04/26
7854,Diners Club / Carte Blanche,Christina Fuller,2706230209361456,278,12/32
7855,Discover,Heather Chen,180045049294819,163,07/28
7856,JCB 15 digit,Laura Sharp,3555598792095511,423,09/32
7857,VISA 19 digit,Krystal Martinez,4682891731508095471,726,08/32
7858,American Express,Jessica Kim,213173250357256,391,06/27
7859,JCB 16 digit,Michelle Edwards,30551045197197,427,11/32
7860,VISA 19 digit,Denise Smith,379798791540539,323,03/28
7861,Maestro,Michael Weaver,4594056148883,975,11/34
7862,JCB 15 digit,Scott Jones,6595222643678129,612,11/34
7863,Maestro,Jeffrey Torres,6011741053222801,019,06/30
7864,Diners Club / Carte Blanche,Madison Jones,30534491766871,287,04/35
7865,VISA 13 digit,Yolanda Gonzales,3512638239477336,853,05/28
7866,JCB 16 digit,Robin Lopez,213184598719206,972,03/33
7867,VISA 13 digit,Miguel Clayton,4744840759006347227,730,11/34
7868,American Express,David Cox,30497711703753,050,05/35
7869,Diners Club / Carte Blanche,Joseph Riggs,30498625712542,752,09/31
7870,JCB 16 digit,Tiffany Ross,060447366778,769,04/29
7871,VISA 16 digit,Debbie Kramer,38864350097072,839,04/34
7872,Mastercard,Matthew Trujillo,4089407689739194,520,12/35
7873,Maestro,Austin Murphy,345145722266795,272,03/35
7874,Diners Club / Carte Blanche,Amber Thompson,36574654206434,887,08/27
7875,Diners Club / Carte Blanche,Chad Hurley,2244843968866348,688,07/26
7876,VISA 19 digit,Amy Herman,4170854122342625,519,05/29
7877,VISA 13 digit,Timothy Decker,3537027162570872,145,11/26
7878,Discover,Paul Taylor,501890588327,218,09/26
7879,Maestro,Vickie Martin,060481158198,532,08/29
7880,VISA 16 digit,Grace Edwards,3539038404281994,095,06/28
7881,Maestro,Beverly Ellis,4389924831762889,1270,10/26
7882,Discover,Ashley Nolan,4316420402336979,536,04/30
7883,Maestro,Darlene Reyes,2230725938409075,692,01/29
7884,VISA 13 digit,John Morgan,213151047364611,1231,07/29
7885,Mastercard,Ryan Wilson,4068567275092590,180,06/35
7886,VISA 16 digit,William Martinez,4000224230835,920,12/29
7887,VISA 16 digit,Jennifer Marquez,2700540728901020,989,01/27
7888,Maestro,Zachary Wilson,3517650839372598,702,09/27
7889,JCB 16 digit,James Mitchell,4712573434319,376,08/34
7890,JCB 16 digit,Robin Barron,348444181626145,370,04/26
7891,VISA 19 digit,Jose Anderson,4502708231247,853,05/34
7892,Diners Club / Carte Blanche,Janice Morse,180073706255964,2994,09/35
7893,VISA 13 digit,Tracey Walker,372515810255395,477,03/33
7894,Maestro,Sandra Pineda,213165402514891,488,07/31
7895,JCB 15 digit,Lisa Gutierrez,4334849296439267,493,09/35
7896,Discover,Mrs. Kelly Johnson,4481157093681,888,05/29
7897,American Express,Shannon Reynolds,213176244429354,405,12/32
7898,Maestro,Charles Thomas,30441473192714,310,06/34
7899,JCB 15 digit,Christina Ortiz,213181115321425,3456,06/27
7900,Maestro,Jeffrey Bradley,3566658523093925,901,11/26
7901,Diners Club / Carte Blanche,Joseph Gilbert,30442517324644,214,03/34
7902,JCB 16 digit,Gwendolyn Reyes,2376933339021671,200,06/32
7903,VISA 16 digit,Eric Sellers,2280034066377249,603,11/32
7904,Mastercard,Jesse Morris,375698475105720,949,08/33
7905,JCB 16 digit,Timothy Williams,30201402055824,948,11/28
7906,American Express,Michael Ryan,213109219479211,436,02/34
7907,Discover,Matthew Cummings DVM,4254878548758,493,09/35
7908,Maestro,Scott Elliott,3587127449843511,108,06/34
7909,Diners Club / Carte Blanche,Monica Wells,4480881780273377979,569,11/32
7910,VISA 16 digit,Bryan Miller,6556461382015880,579,02/31
7911,Discover,Stacie Livingston,180054615512950,336,05/26
7912,VISA 19 digit,Lisa Rodriguez,4548672678509,447,02/28
7913,Maestro,Emily Kelly,4720614887619962,638,05/31
7914,Mastercard,Christy Taylor,6011334555930293,235,01/30
7915,Discover,Nancy Martinez,345112578512417,596,02/34
7916,JCB 16 digit,Scott Lawrence,4407326685536682,435,04/29
7917,Diners Club / Carte Blanche,Aaron Vasquez,4500826642153909656,490,04/35
7918,JCB 15 digit,James Rubio,4206369488563,4952,10/26
7919,Mastercard,Dawn Garcia,3595217272002713,708,07/34
7920,VISA 19 digit,Scott Davis,4063484476427788,984,02/30
7921,VISA 19 digit,Brian Smith,370474135111622,691,11/29
7922,Discover,Edward Douglas,6011924713929987,888,07/33
7923,American Express,Tracy Webb,6011140370598334,612,04/27
7924,Maestro,Richard Rubio,348363694452569,053,03/30
7925,VISA 13 digit,James Davis,2282505861180290,429,02/28
7926,JCB 15 digit,Trevor Baldwin,213123012625185,204,09/33
7927,VISA 16 digit,David Lawson,4437560725338638376,8559,09/31
7928,JCB 15 digit,Frank Adams,3516169445199056,971,12/31
7929,VISA 16 digit,Lindsay Harvey,4677676121404,611,02/28
7930,Maestro,Mr. Matthew Howe,3592316382328621,372,01/32
7931,Discover,Kim Taylor,4132607638910,2471,01/31
7932,JCB 16 digit,Norma Novak MD,373104805434023,506,09/31
7933,American Express,Amber Thomas,374619787562748,782,10/29
7934,VISA 16 digit,Julie Anderson,213119512104960,0017,04/29
7935,VISA 16 digit,Michael Jones,3598785316037645,589,08/29
7936,American Express,Robert Long,6011886540138001,770,03/27
7937,VISA 19 digit,Raymond Lee,2227641824070787,262,10/33
7938,VISA 16 digit,Ms. Nicole Gomez,3562250613962526,4873,11/32
7939,American Express,Jeffrey Flores,4330432583163363,0227,03/34
7940,Diners Club / Carte Blanche,Joseph Allen,30031258687416,855,05/32
7941,Diners Club / Carte Blanche,Ethan Rose,3564126128211187,339,11/35
7942,Diners Club / Carte Blanche,Rebecca Fuller,4063724804817291523,3594,03/33
7943,Diners Club / Carte Blanche,Joshua Johnson,4249042317601,290,05/32
7944,Discover,Joshua Wheeler,4752458995686231119,041,12/29
7945,Diners Club / Carte Blanche,Thomas Nunez,3581685082004960,656,07/35
7946,JCB 16 digit,Larry Mejia,4344836040780,956,04/35
7947,JCB 16 digit,Daniel Romero,340267725863587,6344,01/30
7948,Maestro,Lisa Koch,4508481650410907073,483,06/33
7949,VISA 13 digit,Jason Landry,4331407803083251,574,11/30
7950,VISA 16 digit,Eric Roberts,4441406649295,082,10/28
7951,Diners Club / Carte Blanche,Lori Grant,2720291192822963,6784,02/35
7952,Discover,Renee Salazar,3506556809905072,144,11/29
7953,American Express,Michelle Caldwell DVM,4420373824025162,9718,12/30
7954,JCB 16 digit,Stephanie Ramirez,4302014525647268156,310,04/27
7955,Mastercard,Angel Green,4449083567100190,570,09/33
7956,VISA 16 digit,Scott Perez,2282595497582357,519,01/36
7957,Diners Club / Carte Blanche,Jennifer Wolf,4328780232889209256,275,11/33
7958,American Express,Dylan Miller,5227099360705337,802,09/29
7959,VISA 16 digit,Michelle Cobb,3580175142226382,856,01/35
7960,JCB 16 digit,Timothy Lewis,3591310042524878,501,02/30
7961,JCB 16 digit,Mrs. Amy Warren,4417532568739925,593,11/32
7962,JCB 16 digit,Tammy Cabrera,3550703314024834,016,02/30
7963,JCB 15 digit,Heidi Carey,180006602216573,145,01/28
7964,JCB 16 digit,Patricia Aguilar,30486525064205,837,05/26
7965,VISA 16 digit,Amber Lambert,180042146715762,017,02/32
7966,Maestro,David Hurley,2234501525736436,367,04/29
7967,VISA 19 digit,Janet Smith,4510792602538,416,07/27
7968,JCB 16 digit,Nicole Sampson,4605814207090,933,12/33
7969,American Express,Barbara Kelly,4527910914255852,532,04/26
7970,JCB 16 digit,Brandon Gilmore,4952467061634,850,08/33
7971,JCB 16 digit,Katrina Irwin,4456262164977735,313,07/33
7972,JCB 15 digit,Luis Yates,676122185918,341,04/33
7973,JCB 16 digit,Austin Charles,676153092926,618,10/29
7974,VISA 16 digit,Scott Day,502099756210,9956,11/31
7975,JCB 15 digit,Peggy Chavez,30160105742288,763,04/33
7976,Discover,William Carson,3552574438740458,962,08/33
7977,VISA 16 digit,Matthew Malone,676209763066,810,10/26
7978,VISA 13 digit,Mary Wyatt,6011556930850180,614,11/28
7979,VISA 16 digit,Kurt Hall,3597459627160295,562,03/32
7980,VISA 13 digit,James Sullivan,38586798291732,264,08/33
7981,VISA 16 digit,Cheryl Castillo,3544310702289026,889,02/28
7982,VISA 19 digit,Aaron Holt,503858466355,925,08/33
7983,Diners Club / Carte Blanche,Erica Simpson,4068015871192588,266,06/34
7984,Diners Club / Carte Blanche,Rhonda Brown,180083287357485,387,06/30
7985,Diners Club / Carte Blanche,Whitney Williams,3580988814061279,916,03/31
7986,JCB 15 digit,Anita Gonzales,374606598076570,983,04/34
7987,JCB 15 digit,Daniel Olson,3541271694443570,701,05/35
7988,Mastercard,Allison Jones,4685136572785,485,08/34
7989,JCB 16 digit,Sara Rowland,4395678044020452891,930,11/29
7990,JCB 16 digit,James Hall,4416235439837,186,12/26
7991,VISA 16 digit,Denise Miller,676327708969,225,07/34
7992,VISA 19 digit,Lisa Hanson,4645992782752902,174,09/34
7993,VISA 16 digit,John Holloway,4842632607888710,414,04/27
7994,JCB 16 digit,Teresa Harrison,3570801850706859,408,09/26
7995,Diners Club / Carte Blanche,Alicia Nielsen,584807471753,397,08/34
7996,VISA 19 digit,Scott Hicks,2716629257644952,158,07/34
7997,Diners Club / Carte Blanche,Stacey Wiley,4463703330453970144,568,06/31
7998,VISA 16 digit,Jerry Maldonado,6562658846108613,427,05/26
7999,JCB 16 digit,Sara Robles,3562026022739675,879,12/28
8000,VISA 16 digit,Benjamin Rios,4419871375095917,246,10/33
8001,VISA 16 digit,Kathleen Austin,36906159481742,359,07/29
8002,JCB 16 digit,Jennifer Garcia,6521142211360331,642,06/33
8003,VISA 13 digit,Nathan Dixon,4369364640537,9688,06/35
8004,JCB 16 digit,Leslie Graves,3503438582709620,191,07/31
8005,VISA 19 digit,Michelle Jones,379973756248135,690,04/29
8006,Discover,Michael Briggs,213178650707653,049,05/32
8007,VISA 13 digit,Christine Garcia,4433240325083,976,12/34
8008,VISA 16 digit,Kristen Coleman,630461230157,340,07/31
8009,Maestro,Sheila Gonzales,575966519903,116,08/31
8010,VISA 13 digit,Felicia Diaz,3570687930796816,856,05/30
8011,American Express,Michael Martin,4631007100959723858,745,06/26
8012,VISA 13 digit,Kaylee Watson,570074473812,152,02/29
8013,Mastercard,Lisa Bowers,180055479049039,661,05/34
8014,VISA 16 digit,Jennifer Torres,3565921423527199,592,10/31
8015,Diners Club / Carte Blanche,Nicole Aguilar,30502467666177,4235,04/33
8016,VISA 19 digit,Ann Walker,4556550451742633,870,05/27
8017,Diners Club / Carte Blanche,Justin Schwartz,4202437482010768,053,10/34
8018,Diners Club / Carte Blanche,Kenneth Hogan,3543233599676322,012,11/35
8019,VISA 13 digit,Mr. David Reeves Jr.,502067254271,323,12/30
8020,JCB 16 digit,Raymond Hall,6011045319012927,378,09/31
8021,Mastercard,Tammy Lyons,213137393911071,325,10/31
8022,American Express,Jessica Rivera,3500524819305705,946,11/30
8023,American Express,Vincent Sanders,675939359641,925,09/33
8024,VISA 13 digit,Scott Cooke,3520820644941870,990,01/34
8025,VISA 16 digit,Natalie Huynh,4167341720092136914,056,07/35
8026,VISA 16 digit,Mariah Clark,30210039056881,281,01/35
8027,Discover,Lori Nguyen,213144805688404,685,10/31
8028,VISA 19 digit,Adam Jennings,30237543212932,657,08/35
8029,Mastercard,Brittney Moran,342876990448789,490,05/32
8030,VISA 13 digit,Tyler Burke,30082056048731,767,06/29
8031,American Express,Anthony Rodriguez,3503330153086639,378,09/34
8032,JCB 15 digit,David Johnson DDS,3573595192974897,986,04/31
8033,JCB 15 digit,Carol King,2613927048166986,710,10/26
8034,Diners Club / Carte Blanche,James Robinson,4219068752304317,926,08/26
8035,Maestro,Shelly Castro,4481851298099,262,06/30
8036,VISA 16 digit,April Smith,346274460642550,421,06/31
8037,VISA 19 digit,Teresa Preston,180055250590060,5761,10/32
8038,Maestro,Matthew Donovan,3598602046396318,385,09/27
8039,VISA 13 digit,Eric Myers,6543144554256542,531,08/30
8040,Discover,John Foster,566242412542,170,05/31
8041,Discover,Amanda Welch,3582862479885967,738,01/32
8042,JCB 15 digit,Derek Hampton,4967079476188328,762,08/31
8043,JCB 16 digit,Danielle Scott,378025766569157,744,02/28
8044,Discover,Nicole Woods,675988589551,900,02/28
8045,American Express,Edward Wilson,378681387474035,268,03/33
8046,VISA 19 digit,Mark Miller,213108767521978,370,10/30
8047,Discover,Desiree Ellis,4487271243649,8696,07/29
8048,VISA 16 digit,Scott Thompson,4641308517447,977,06/28
8049,VISA 16 digit,Matthew Owens,4351536303805217738,961,05/27
8050,VISA 16 digit,Matthew Lee,30213854629733,303,11/33
8051,Diners Club / Carte Blanche,Lynn Sellers,5445906247358245,128,09/34
8052,Maestro,Austin Davis,3568234215473177,7170,05/34
8053,Maestro,Mary Lee,6536384495430264,462,07/32
8054,VISA 19 digit,Jeffery Ruiz,580697145416,730,09/35
8055,Mastercard,Brett Maldonado,6011953112688720,760,06/28
8056,JCB 16 digit,Paul Martin,3550563984280821,0014,10/32
8057,VISA 13 digit,Jacqueline Anderson DDS,2277142758121703,285,07/35
8058,VISA 19 digit,Erika Wright,36952278311709,202,07/33
8059,JCB 15 digit,Edwin Eaton,4098230113060,322,01/33
8060,Discover,Jared Conrad Jr.,4413063178866710014,362,08/32
8061,Maestro,Hailey Cook,372972145680187,935,10/33
8062,JCB 16 digit,Jacqueline Jones,503875772157,9949,04/31
8063,American Express,Kayla Castro,4476721437356,849,07/30
8064,JCB 15 digit,Sylvia Turner,3527582332722052,7639,11/28
8065,Diners Club / Carte Blanche,Melanie Jones,4426362985953969,0635,01/31
8066,VISA 16 digit,Sean Rodriguez,4659344251249643,706,09/29
8067,Discover,Julia Osborn,3514672921856513,199,01/36
8068,American Express,Evelyn Wolf,4464249122158045,625,10/27
8069,JCB 15 digit,William Mullen,3502992044509037,132,09/28
8070,American Express,Ernest Benson MD,3547495889944639,023,11/33
8071,Discover,Chad Romero,5476735497762356,890,01/28
8072,American Express,Bobby Rivera,36737263387073,548,09/31
8073,VISA 16 digit,Paige Johnson,6011841325988278,582,08/28
8074,Diners Club / Carte Blanche,Lisa Douglas,213105173831835,117,04/35
8075,Mastercard,Mrs. Holly Hernandez,4008279032649182,443,02/28
8076,VISA 19 digit,Joseph Craig,503819453229,421,06/33
8077,Maestro,Lynn Castillo,4515338945013955,819,12/30
8078,JCB 16 digit,Kara Andrade,4834243779675917,758,06/27
8079,VISA 16 digit,Taylor Baker,38938691412149,563,06/30
8080,Mastercard,Katie Hogan,4059181433954864,150,08/34
8081,Discover,Jennifer Rangel,38228118408114,451,04/30
8082,Maestro,Chad Watson,3593205527898896,774,12/30
8083,JCB 15 digit,Amy Munoz,4642857560239674,609,10/33
8084,Mastercard,Jerry Bass,3564820905495050,599,05/32
8085,Maestro,Sandra Murphy,30426615291268,925,06/33
8086,JCB 16 digit,James Bright,6535398052952230,806,06/28
8087,JCB 16 digit,Gina Salazar,30461814907778,411,01/36
8088,Discover,Patrick Jones,4863634816713477,837,07/27
8089,American Express,Barry Mitchell,630429651569,160,01/29
8090,VISA 19 digit,Joan Cruz,6583756996405188,572,03/33
8091,JCB 16 digit,Micheal Chandler,213196767081622,981,07/35
8092,VISA 19 digit,John Garner,3540922709351304,869,08/34
8093,Discover,Kayla Carter,6011801319829664,041,08/27
8094,JCB 16 digit,Anthony Jenkins,5116306916301451,7815,01/33
8095,Maestro,Matthew Jones,4294214580194078,193,11/33
8096,VISA 19 digit,Joseph Mendoza,3568109648713383,660,07/27
8097,VISA 19 digit,Danielle Hernandez,347623981335897,786,10/29
8098,VISA 16 digit,Robert Johnson,3550393179956500,997,04/34
8099,JCB 16 digit,William Aguilar,4418821566114,561,02/31
8100,JCB 15 digit,Mariah Jones,2275583381079390,446,03/31
8101,VISA 16 digit,Pamela Cruz,4053653366553810,599,11/27
8102,Mastercard,Miguel Richardson,501893176401,715,01/32
8103,JCB 15 digit,David Zimmerman,213165030842946,870,03/29
8104,VISA 16 digit,Charles Silva,30400240066601,911,01/31
8105,JCB 16 digit,Ms. Tiffany Herman,379594115627783,461,04/31
8106,Mastercard,Pamela Mccarthy,4671899307331632,150,03/27
8107,Maestro,Jacob Heath,3525560196729993,987,12/26
8108,VISA 19 digit,Stephanie Cooper,4240454986070226,9224,09/35
8109,American Express,Kristin Young,4516196040811,859,01/34
8110,Mastercard,Sandra Hobbs,375115560493705,560,05/28
8111,JCB 16 digit,Chase Herrera,3525732580445193,594,06/26
8112,VISA 16 digit,Charles Bell,060468721935,453,09/26
8113,American Express,Jerry Zavala,4589798068266,927,04/26
8114,Discover,Elizabeth Mclean,4227246404622519075,241,11/30
8115,VISA 16 digit,Stephanie Cunningham,36659252744520,702,11/30
8116,JCB 15 digit,Timothy Reynolds,342056231007989,530,10/32
8117,VISA 16 digit,Michael Montoya,4383446674055979,6936,03/28
8118,JCB 15 digit,Pamela Booth,2266217232125323,620,03/34
8119,JCB 16 digit,Vincent Graves,30363057307403,721,02/34
8120,VISA 16 digit,Thomas Luna,503863003714,790,07/30
8121,Maestro,Jon Robinson,376792613448370,300,10/31
8122,VISA 13 digit,Laura Jimenez,4931751267488300458,450,06/29
8123,Mastercard,Marc Stout,4958068204399699190,841,02/32
8124,JCB 15 digit,Michael Leon,4107221684003,671,05/33
8125,JCB 15 digit,Joshua Franklin,3516751219014007,837,03/34
8126,VISA 13 digit,Dr. Thomas Ramsey IV,2614186589264424,061,11/33
8127,Mastercard,Scott Lee,2252702589472309,875,05/31
8128,JCB 16 digit,Larry Collins,3524855801366269,573,01/31
8129,VISA 16 digit,Katrina Patterson,6011057703966378,465,01/32
8130,Diners Club / Carte Blanche,Ronald Key,676327408115,082,01/28
8131,VISA 16 digit,Miss Karen Key,3594321798888893,188,08/34
8132,Mastercard,Madeline Perez,3579184954652498,265,08/32
8133,Discover,James Marshall,3556174508029134,150,12/26
8134,Maestro,Teresa Hester,3544349773675598,658,01/29
8135,VISA 16 digit,Jennifer Diaz,060462435037,659,07/29
8136,Mastercard,Christopher Huff,4714078315693049,435,05/28
8137,JCB 15 digit,Timothy Elliott,588251978098,179,02/28
8138,VISA 13 digit,Howard Wilson,501898167181,718,04/30
8139,American Express,Jennifer Boyd,372796539777451,0538,03/26
8140,Discover,Daniel Burke,502042861810,211,03/33
8141,American Express,Adrienne Lopez,4936718095787563034,046,10/27
8142,Discover,Heather Morrison,4398074768565548,522,11/30
8143,Discover,Edgar Sanchez,676382168257,997,01/28
8144,VISA 19 digit,Julie Charles,374190731324007,041,03/30
8145,VISA 13 digit,Nicole Howell,4382368940738,904,08/35
8146,American Express,Jonathan Harper,3536871448059098,917,01/32
8147,Maestro,Annette Jacobson,2235758745447520,104,05/34
8148,VISA 16 digit,Christina Walker,4298388561831316,808,11/26
8149,VISA 16 digit,Thomas Sanchez,3556606790708669,816,04/34
8150,JCB 16 digit,Amy Black,4449303581882645276,294,03/29
8151,VISA 16 digit,Joseph Jenkins,378902948988457,516,08/27
8152,American Express,Sheila Porter,4791665789285,558,04/33
8153,JCB 16 digit,Brenda Kane,3505210509524624,6580,02/34
8154,Mastercard,Aaron Holder,36042290694322,459,08/33
8155,JCB 15 digit,Theresa Beck,3565818962799397,467,01/28
8156,JCB 16 digit,Steven Wood,180091858333546,990,08/34
8157,Diners Club / Carte Blanche,Elizabeth Keller,180056438058806,548,01/32
8158,Discover,Caitlin Novak,3595450836368979,345,09/27
8159,VISA 13 digit,Brooke Hodges,4161016834133,0456,08/33
8160,Mastercard,Daniel Delacruz,4063600576269164,052,02/36
8161,VISA 16 digit,Yolanda Perkins,30274472224349,664,02/27
8162,JCB 16 digit,Mrs. Melanie Nielsen,3571939836332165,248,08/35
8163,JCB 16 digit,Jason Crawford MD,213197808314105,027,05/35
8164,VISA 13 digit,Michael Lin,5548000154936031,566,04/32
8165,VISA 16 digit,Adriana Robertson,180092441471595,580,08/29
8166,American Express,James Boyd,3543392983312363,531,10/35
8167,JCB 16 digit,Lorraine Drake,180055344147869,470,11/27
8168,VISA 16 digit,Patrick Christensen,501829893186,4334,08/26
8169,VISA 19 digit,William Moreno,213122709641950,841,02/35
8170,JCB 15 digit,Alex Leon Jr.,4951851948843231994,954,01/28
8171,VISA 19 digit,Anna Wright,213161921339860,892,08/27
8172,JCB 15 digit,Antonio Brown,30253836043736,366,08/29
8173,JCB 15 digit,Kevin Ray,30334305852367,120,02/30
8174,Diners Club / Carte Blanche,Julie Pennington,4307094805748129347,681,05/27
8175,VISA 16 digit,Jeremy Brown,5552003413930509,3506,06/31
8176,VISA 13 digit,Jordan Hartman,4022479739831057,613,09/27
8177,VISA 13 digit,Angela Dunn,3527643962648577,8382,11/27
8178,Diners Club / Carte Blanche,Christopher Love MD,346331167767344,321,05/29
8179,Discover,Michael Owen,30236783892635,385,07/26
8180,VISA 13 digit,Jamie Barnett,4076254645623900017,745,07/28
8181,JCB 15 digit,Kathy Rubio,3569393734943265,889,12/34
8182,Mastercard,Jamie Cross,4721998814893963921,547,08/26
8183,Mastercard,Miguel Hardy MD,2248086322141125,487,03/33
8184,VISA 16 digit,Emily Lane,4422069800975002,228,06/34
8185,JCB 16 digit,Brooke Bray,4169282131928,734,05/33
8186,JCB 15 digit,Christopher Berg,6533462889679234,859,12/28
8187,Diners Club / Carte Blanche,Donna Cook,4912210153911978299,292,08/30
8188,Diners Club / Carte Blanche,Richard Stanley,6551241921231817,129,08/28
8189,Mastercard,Daniel Ramirez,348540319902348,422,08/35
8190,Discover,Debbie Poole,4157783901931,189,01/33
8191,Maestro,Kyle Washington,4291594330398474076,464,09/31
8192,Maestro,Eric Wagner,3518325654176551,646,07/35
8193,American Express,Danielle Thornton,4321205127216,5198,10/33
8194,VISA 13 digit,Jennifer Tanner,4943705504589173,243,11/33
8195,Maestro,Veronica Foster,4028602335215862,161,03/30
8196,American Express,Morgan Skinner,4460364073911727237,586,10/29
8197,Mastercard,Angela Sutton,36594842092561,002,04/29
8198,VISA 16 digit,Brandon Davis,213128995604339,585,02/29
8199,VISA 16 digit,Jonathan Harris,3589705512240166,464,10/35
8200,Maestro,Jenna Carter,4783604448984561,002,08/30
8201,Mastercard,Sarah Bates,3507388788597699,042,12/28
8202,VISA 19 digit,Alan Brock,3514200800955253,833,04/29
8203,Diners Club / Carte Blanche,Joanna Bird,213109166767907,176,03/31
8204,Mastercard,Larry Pineda,213135651275437,292,08/32
8205,JCB 15 digit,Chris Potter,3548951721639265,150,11/31
8206,JCB 15 digit,Kimberly Clayton,3520364915334234,8166,01/34
8207,Mastercard,Ashley Dominguez,4973584233518,687,04/30
8208,VISA 13 digit,Andrea Johnson,30326119349911,508,03/31
8209,JCB 15 digit,Samuel Le,4119753860384936282,113,12/27
8210,VISA 16 digit,Amanda Valentine,4085336493227241,460,01/28
8211,American Express,Michelle Garcia,501865012295,411,11/34
8212,VISA 16 digit,Cheryl Santiago,30018857961920,812,03/34
8213,VISA 19 digit,Jason Payne,4413356089185332552,1653,04/33
8214,VISA 16 digit,John Clark,4154223275421257,427,01/31
8215,Maestro,Amber King,2222993183565286,032,08/26
8216,American Express,Nicholas Stewart,180055451928150,732,08/31
8217,Mastercard,Dana Levine,340036025926968,319,01/34
8218,Mastercard,Alex Duarte,6011941604982966,339,05/27
8219,VISA 13 digit,Colin Blair,4929885505921,5887,03/26
8220,VISA 16 digit,William Figueroa,213109902538505,6788,03/28
8221,JCB 16 digit,Christine Parsons,4986754684244652,143,04/31
8222,Diners Club / Carte Blanche,Timothy Perry,213144720446581,192,06/31
8223,JCB 16 digit,Thomas Wright,30412772788569,792,08/28
8224,VISA 13 digit,Rebecca Peters,4398226269524,126,04/29
8225,VISA 16 digit,Scott Jacobson,6572565171230169,388,02/33
8226,JCB 15 digit,Gabrielle Boyd,2221000474180873,098,02/35
8227,VISA 16 digit,Jo Jackson,180073103207345,148,12/27
8228,Discover,Sandra Williams,4403341639288105468,245,07/26
8229,Maestro,Amanda Sanders,180008519851641,137,05/33
8230,Diners Club / Carte Blanche,Julia White,4328000401869653,747,01/29
8231,Discover,David Adams,4960945623020787,567,06/32
8232,VISA 19 digit,Jessica Carter,4832855296291,507,05/31
8233,JCB 15 digit,Sean Keller,4419630059087800,946,04/33
8234,VISA 16 digit,Noah Bridges,4862442051740826167,573,08/26
8235,VISA 16 digit,John Smith,4233047467996494,792,11/35
8236,JCB 16 digit,Michael Freeman,371994439559365,099,05/33
8237,VISA 19 digit,Justin Aguilar,3588853315392304,392,12/29
8238,Mastercard,Michael Hernandez,6558441092190858,058,07/28
8239,VISA 13 digit,Jerry Bass,3596446454227561,679,07/34
8240,Maestro,Tricia Maldonado,3532561344899119,322,09/33
8241,Discover,David Miller,4200482521405269899,4994,01/32
8242,VISA 19 digit,Alyssa George,2706340998961885,786,03/33
8243,American Express,Dylan Lane,374082430518585,1200,09/35
8244,Diners Club / Carte Blanche,Sarah Guzman,4876054570069301774,447,04/35
8245,VISA 16 digit,James Ruiz,2306692605058156,895,11/27
8246,Maestro,Kelsey Kelley,4030351675668,771,12/26
8247,JCB 15 digit,David Howell,30041378552747,881,10/31
8248,VISA 13 digit,Evan Robinson,4741281788293829,428,06/26
8249,Mastercard,Richard Medina,36304843063029,695,10/29
8250,Maestro,Alexander Herring,36154893919343,196,10/26
8251,Diners Club / Carte Blanche,Brenda Donaldson,4625169683845762,055,03/35
8252,JCB 16 digit,Angela Jones,6507710071605272,396,07/35
8253,JCB 16 digit,Jared Mitchell,6508893067479081,063,03/26
8254,Diners Club / Carte Blanche,Melanie Gregory,4861586406630754,760,03/26
8255,Maestro,Jessica Davis,3504867843969871,466,01/30
8256,Discover,Thomas Bailey,3568071733364052,075,05/33
8257,VISA 16 digit,Robert English,4944128622221921649,047,09/31
8258,VISA 19 digit,Anthony Patel,4392573073972139,1032,05/30
8259,Maestro,Edward Carter,676136090732,163,05/28
8260,Discover,Rick Morrow,2266598315580074,661,08/31
8261,VISA 16 digit,Samantha Jones,38680130720100,661,11/26
8262,Maestro,Angela Jarvis,3583461331959729,665,04/34
8263,VISA 13 digit,Christine Flores,213125042303733,140,03/33
8264,Maestro,Ronald Arnold,3539301451177410,652,06/26
8265,American Express,Brandon Petty,4724248574479681,031,03/30
8266,VISA 19 digit,Michelle Rodriguez,572645190677,395,04/29
8267,VISA 16 digit,Dawn Douglas,4954724837970,755,09/32
8268,American Express,Kelly Rodriguez,30025727952294,907,02/32
8269,JCB 15 digit,Susan Blake,4643987666466019,3721,06/26
8270,VISA 16 digit,Jerome Mclaughlin,3510388331088969,776,01/33
8271,VISA 16 digit,Casey Evans,4094629990304869383,995,09/33
8272,Discover,Alyssa Knight,6529621735265003,389,08/27
8273,JCB 15 digit,James Mitchell,3501488575324939,7944,01/27
8274,VISA 16 digit,Jack Carter,5211111690193007,227,05/35
8275,Mastercard,Christopher Davis,30351064054274,597,12/35
8276,JCB 16 digit,Misty Collier,4582748207069982,849,05/34
8277,Mastercard,Howard Gentry,4791142037053670338,956,06/34
8278,American Express,Christopher Mckay,502095060807,610,03/27
8279,Mastercard,Jacob Rich,4930273361847007,241,11/26
8280,Maestro,Danny Aguilar,213165980559631,611,08/26
8281,VISA 16 digit,Gail Nielsen,3523889584712978,820,05/34
8282,Discover,Stephanie Snyder,2260144863846025,520,04/28
8283,VISA 19 digit,Bryan Ramos,3528864485809061,025,06/33
8284,VISA 13 digit,Maria Swanson,4341435809491390,585,07/33
8285,JCB 15 digit,Matthew Lewis,341824370450752,779,09/32
8286,Mastercard,Daniel Cherry,340572811438057,168,06/35
8287,VISA 16 digit,Mark Brooks,3589457208818133,154,11/34
8288,VISA 16 digit,Daniel Franklin,3550323213973385,141,09/35
8289,VISA 13 digit,Thomas Page,5234274613028990,571,03/29
8290,American Express,Jill Coleman,6569430494988818,3423,08/34
8291,Maestro,Amanda Vargas,213138121642277,784,12/30
8292,Maestro,James Hodge,3589745601668794,473,09/31
8293,Mastercard,Erin Richardson,371051753406200,633,05/27
8294,Discover,Nathaniel Michael,30339430393922,868,06/28
8295,Mastercard,Leslie Rasmussen,639083450101,961,12/26
8296,VISA 16 digit,Mr. Jason Wright,4067630880493396,894,04/29
8297,JCB 16 digit,Brooke Green,4808850356470,687,09/29
8298,JCB 16 digit,Jessica Barnes,6011016227954120,717,03/35
8299,JCB 15 digit,Andrea Banks,4219132973042302,214,05/29
8300,VISA 13 digit,Christopher Mosley,180079798109225,154,02/31
8301,JCB 16 digit,Anthony Banks,374559786390198,693,06/26
8302,VISA 19 digit,Emily Allen,2283692979475058,537,12/26
8303,Diners Club / Carte Blanche,Erika Thomas,30001196022430,976,06/29
8304,VISA 16 digit,Marissa Young,639075263124,504,08/27
8305,VISA 13 digit,William Frost,3542158340724561,895,10/26
8306,JCB 16 digit,Rebecca Holland,4709738887351480612,031,10/32
8307,VISA 16 digit,Dr. Elizabeth Wood DDS,4279747300439111418,642,08/33
8308,American Express,Ashley Greene,4104900015340803,817,12/31
8309,JCB 16 digit,Tara Keith,639077692247,2445,03/30
8310,JCB 16 digit,Shane Huffman,4551389266791505569,778,11/31
8311,JCB 16 digit,Tommy Smith,503839047837,637,12/35
8312,JCB 16 digit,Donna Armstrong,180072266340141,187,02/28
8313,JCB 16 digit,Elizabeth Harris,213150952858591,510,03/34
8314,Diners Club / Carte Blanche,Andrew Blair,180067186188844,173,07/27
8315,JCB 15 digit,Bradley Martinez,4680578741203882754,738,05/29
8316,VISA 16 digit,Jamie Schmidt,4232148054591,521,10/27
8317,JCB 15 digit,Sara Wiley,6011796741968769,071,01/36
8318,VISA 19 digit,Christopher Thomas,4974255845110611441,354,08/30
8319,Maestro,Scott Robinson,4211735618095423778,465,12/26
8320,Maestro,Joseph Anderson,6546080873888507,997,03/32
8321,VISA 19 digit,Dustin Taylor,6011082706115948,301,09/31
8322,VISA 16 digit,Jesse Jones,376891586834028,934,06/26
8323,JCB 16 digit,Bradley Petersen,4162321203745142,476,01/31
8324,Discover,Jaime Harrington,4285322398923512,572,08/26
8325,Diners Club / Carte Blanche,Joseph Mccoy,30339173660933,137,05/30
8326,Mastercard,Leslie Bell,36355375215601,961,09/30
8327,Mastercard,Charles Hernandez,180016959156777,3361,06/35
8328,JCB 15 digit,Richard Reynolds,3510328556234062,714,04/33
8329,Mastercard,Stacy Gallegos,4154015021166123,770,01/35
8330,Diners Club / Carte Blanche,Erik White,3502984237187200,194,09/26
8331,VISA 19 digit,Jeffrey Mcconnell,6011972163699238,307,04/26
8332,VISA 16 digit,Kristin Chapman,30051337938754,912,04/35
8333,JCB 15 digit,Jason Alexander,4384478885165916,518,11/31
8334,American Express,Loretta Short,6011974448400002,813,07/28
8335,Discover,Kimberly Gibson,6011742938701993,829,12/28
8336,JCB 15 digit,Dustin Griffith,3510061025913061,751,04/33
8337,JCB 16 digit,Julie Fleming,3548798661095762,302,02/35
8338,VISA 19 digit,Don Klein,4341116417001,011,03/27
8339,VISA 19 digit,Cole Reyes,3517264840474029,645,03/31
8340,VISA 19 digit,Kimberly Bernard,2714786573417471,530,12/33
8341,VISA 16 digit,Christina Moore,4022373925601,845,03/32
8342,Diners Club / Carte Blanche,Jon Blair,4596731999929,873,10/33
8343,JCB 16 digit,Nicole Wilson,630405570882,413,04/27
8344,VISA 19 digit,Jeremy Hill,4702955883456269,821,09/29
8345,Mastercard,Kyle Baker,4217374691590350,807,12/31
8346,Discover,Timothy Wilson,676302778748,233,04/28
8347,JCB 16 digit,Scott Wyatt,4356529714187442645,982,09/26
8348,VISA 19 digit,Samantha Marshall,4584593954199113,381,09/32
8349,Mastercard,James Blake,4300522336934882,438,06/26
8350,Discover,Donald Sims,2720447386645483,434,11/29
8351,VISA 16 digit,Amy Bailey,4854127435388871,559,10/29
8352,JCB 16 digit,Mark Massey Jr.,213151601594215,194,02/27
8353,Maestro,Nicole Johnson,6532483958584320,630,06/34
8354,JCB 16 digit,Jamie Clark,2251600532819066,329,07/33
8355,VISA 16 digit,Angel Robinson,6585343735337135,442,09/33
8356,Maestro,Tyler Jackson,6011086154783024,9588,02/29
8357,Discover,Shirley Smith,373362632524131,744,11/29
8358,VISA 16 digit,Pamela Brooks,3545565438135228,609,11/26
8359,Maestro,Sean Meza,4667747654405221494,582,05/33
8360,JCB 16 digit,Dr. Nicole Bell,213174988379208,416,01/36
8361,Mastercard,Richard Lucas,343004561072891,088,12/27
8362,JCB 16 digit,Jill Dillon,3501936929320102,905,04/34
8363,Maestro,William Kidd,2720397823347401,628,08/29
8364,American Express,Amy Gross,4330605245247137174,042,02/26
8365,Discover,Jerry Myers,180001928458306,0139,04/28
8366,Diners Club / Carte Blanche,Mary Miller,346866310997421,051,05/33
8367,Diners Club / Carte Blanche,Elizabeth Smith,30204849812922,672,05/33
8368,Mastercard,Jaclyn Coleman,6011894585426992,936,07/34
8369,American Express,Dale Parrish,347988744930841,041,06/34
8370,JCB 16 digit,Jasmine Espinoza,4691409938375359544,807,12/27
8371,Diners Club / Carte Blanche,Duane Bryant,3563548842132475,613,09/32
8372,JCB 16 digit,Courtney Olson,346561199093026,291,02/33
8373,VISA 13 digit,Amy Roberson,4087457450519665,494,10/30
8374,VISA 16 digit,Carolyn Padilla,3557757545564698,160,04/31
8375,VISA 16 digit,Kristen Silva,5597008422440587,063,11/26
8376,VISA 13 digit,Jennifer Davis,5541057215707840,917,12/26
8377,Diners Club / Carte Blanche,Brian Santos,2593147509290761,541,12/35
8378,Discover,Walter Johnson,30400197174119,442,11/31
8379,VISA 16 digit,Brenda Brock,213183129118805,781,02/30
8380,JCB 15 digit,Lydia Glass,3584886385999958,6132,09/31
8381,VISA 13 digit,Vincent Shaw,5454860448331600,687,03/34
8382,JCB 16 digit,Brent Bishop,4992187325202213,9935,06/26
8383,VISA 13 digit,Carl Dickson,4038742608666736,284,11/28
8384,Mastercard,Lori Ward,3530589726412419,591,08/33
8385,Diners Club / Carte Blanche,James Rivera,36757982159215,757,07/31
8386,JCB 15 digit,Judy Welch,2706277995404099,311,08/34
8387,JCB 16 digit,Christopher Williams,5273375667916238,623,12/31
8388,American Express,Michelle Wilkins,4355194642520,161,11/30
8389,VISA 19 digit,Olivia Schmidt,4306083252164537,745,12/29
8390,Maestro,Thomas Baker,4042853196960,870,12/35
8391,JCB 15 digit,Terri Torres,5141807079478068,375,12/35
8392,JCB 16 digit,Mitchell Massey,060406252308,589,08/29
8393,VISA 16 digit,Mr. Paul Rodriguez,4437955615463,630,07/27
8394,Mastercard,Megan Gross,4562036187505231,3321,11/30
8395,VISA 13 digit,Stephen Price,180070417161283,143,08/26
8396,Diners Club / Carte Blanche,Donna Leblanc,2448991301803587,161,01/34
8397,Maestro,Diane Rodriguez,2714215435283822,258,01/33
8398,Mastercard,Eric Gibbs,3512723721837195,139,09/31
8399,American Express,Michelle Wilson,4821576662478237,819,06/26
8400,Mastercard,Angela Morales,4738643428131328,853,03/26
8401,JCB 16 digit,Veronica Williamson,2634236539976969,724,09/31
8402,VISA 16 digit,Kristin Booth,4324728416710,554,11/31
8403,Diners Club / Carte Blanche,James Yates,30514398318489,978,01/29
8404,Discover,Christopher Hernandez,3532718017779537,649,08/26
8405,JCB 15 digit,Rhonda Chan,349504344781530,5710,05/26
8406,VISA 19 digit,Teresa Evans,344164457962107,452,10/34
8407,VISA 16 digit,Michelle Rodriguez,4605625405628,064,06/28
8408,VISA 16 digit,Paul Morris,213146241744444,517,06/33
8409,VISA 16 digit,Marcus Miller,4643418179282925,962,12/27
8410,VISA 16 digit,Meghan Scott,575930741534,378,08/35
8411,Discover,Megan Hoover,341609644212439,2392,02/29
8412,VISA 19 digit,Rita Pierce,2233800103768741,207,02/34
8413,JCB 15 digit,Rebecca Bush,3567416165240729,150,06/33
8414,VISA 16 digit,Tyler Rowe,4389035510680184918,575,07/35
8415,JCB 16 digit,Dana Butler,6011354607425084,320,05/35
8416,VISA 16 digit,Carol Obrien,30481660917770,139,02/35
8417,JCB 15 digit,Jacob Gould,3534027603848781,639,12/28
8418,VISA 16 digit,Tammy Ferguson,36853456852052,161,03/33
8419,VISA 13 digit,Justin Marshall,3566438708825726,903,03/28
8420,Diners Club / Carte Blanche,Michael Bartlett,2377432496302833,860,02/35
8421,VISA 16 digit,Lisa Juarez,4448098330680568,701,05/34
8422,VISA 16 digit,Michael Haynes,2241803122013321,029,06/35
8423,Discover,Jeffery Williams,4958038482581497,461,06/29
8424,Discover,Laura Walker,3559339900001026,070,12/27
8425,VISA 19 digit,Ronald Holden,4178345040505,698,01/36
8426,VISA 16 digit,Karina Hall DDS,4810598116636676,674,09/29
8427,American Express,Sandra Russell,4813541907450795194,609,02/33
8428,VISA 16 digit,Jeremy Dillon,6598295005846283,562,02/36
8429,VISA 13 digit,Daniel Turner,213139814458658,7289,11/35
8430,VISA 13 digit,Cindy Allen,060419716554,109,12/33
8431,Diners Club / Carte Blanche,Jasmin Alvarez PhD,4845219027259933,649,07/28
8432,Diners Club / Carte Blanche,Kerry Morales,30426649586972,164,11/29
8433,Maestro,Ryan Riggs,4226121900895,950,01/31
8434,Diners Club / Carte Blanche,Carrie Compton,4406721765391282,725,11/34
8435,VISA 13 digit,Shawn Valentine,4712570589375716287,305,12/31
8436,Diners Club / Carte Blanche,Edward Stewart,5436314030964181,325,04/35
8437,VISA 16 digit,Stanley Avery,3571653226785375,560,06/27
8438,Discover,Amy Smith,2231649819920043,181,05/30
8439,VISA 16 digit,Kevin Turner,180005312178321,597,12/32
8440,VISA 13 digit,Christopher Walker,6573185426969443,053,11/31
8441,Discover,Alyssa Reynolds,4453156418266411,587,03/29
8442,JCB 15 digit,Brandi Johnson,4991096385222824,545,11/30
8443,VISA 16 digit,Kristen Wilson,3538287818335612,747,04/33
8444,JCB 16 digit,Kelly Hernandez,4048612476318868,6375,07/31
8445,VISA 16 digit,Alex Liu,502087596644,453,01/36
8446,VISA 16 digit,Karen Contreras,349746835965490,0744,11/31
8447,JCB 15 digit,Christopher Brooks,4487995871675,501,03/27
8448,JCB 16 digit,Jacqueline Graham,372585196486666,278,01/31
8449,VISA 13 digit,Beth Velasquez,502069982648,716,12/32
8450,American Express,Marcus Washington,4956708306230222,456,12/27
8451,American Express,Emily Morse,3571126563969795,866,10/32
8452,VISA 16 digit,Kevin Moore,502074531109,400,08/29
8453,Mastercard,Samantha Arias,6011513983529989,001,11/33
8454,VISA 19 digit,Timothy Lewis,3591511287551753,571,03/27
8455,VISA 19 digit,Shannon Le,2375798803605395,566,08/28
8456,VISA 16 digit,Mario Thomas,4499721544427,316,03/30
8457,VISA 16 digit,Barry Stone,639090800850,012,10/34
8458,VISA 16 digit,Lisa Green,4294954746063556,470,11/28
8459,VISA 19 digit,Katherine Leon,4922677367790227264,762,09/32
8460,JCB 15 digit,Vincent Hammond,2689535057876723,9593,09/28
8461,Diners Club / Carte Blanche,Krystal Smith,4456032524266,602,12/26
8462,VISA 16 digit,David Brady,180085521729189,273,08/32
8463,Diners Club / Carte Blanche,Reginald Wood,5512299492279409,152,05/35
8464,American Express,David Hardin,342919611106061,4091,07/34
8465,Maestro,Jonathan Knight,2295035650535418,631,02/29
8466,VISA 16 digit,Kyle Miles,374574547766248,528,11/31
8467,Discover,Clifford Jackson,180092066222729,889,03/31
8468,Mastercard,Olivia Clay,6011778045699407,166,12/30
8469,JCB 16 digit,Jennifer Hernandez,2356407041263917,774,06/32
8470,Discover,Mason Stanley,4444634384114213,117,11/31
8471,JCB 16 digit,William Ortega,3502142819876753,8007,05/27
8472,JCB 16 digit,Penny Bentley,4701484959392706959,668,03/27
8473,Discover,Christopher Jenkins,3558762874456937,334,05/33
8474,Maestro,Virginia Mcdaniel,5465928774958135,821,02/28
8475,American Express,Laura Walker PhD,4026428030677465017,634,12/33
8476,JCB 16 digit,Sheri Wallace,4448826167211952,980,12/31
8477,VISA 13 digit,Matthew Barry,38962181899441,469,03/34
8478,JCB 16 digit,John Jenkins,676213217026,395,05/28
8479,VISA 16 digit,Beverly Kaufman,4311001333118,467,07/29
8480,VISA 16 digit,Alyssa Gallagher,30585717788792,642,05/29
8481,Diners Club / Carte Blanche,Lawrence Hawkins,4455158235983143,609,02/33
8482,Diners Club / Carte Blanche,Adam Mccormick,345171459943224,320,02/29
8483,Maestro,Jorge Park,060498231715,470,12/29
8484,Mastercard,Randy Clark,4155221254188537934,703,01/29
8485,Discover,Justin Perry,3582281747984082,671,04/26
8486,Diners Club / Carte Blanche,Erica Becker,588547461727,843,08/26
8487,Discover,Jason Flores,4997363260712087,306,09/31
8488,Mastercard,Terry Trujillo,180077590700688,379,07/35
8489,VISA 16 digit,Andrew Alexander,213121238343997,173,12/34
8490,VISA 16 digit,Dorothy Fuentes,4007066973148022,054,05/32
8491,JCB 15 digit,Travis Wilson,340047286772827,800,05/33
8492,Mastercard,Marie Long,4812068680254338,908,12/28
8493,JCB 16 digit,Donald Walker,2234759761994040,066,09/29
8494,Discover,Cory Anderson,372551961326628,038,03/29
8495,VISA 19 digit,William Sanders,30026744729012,481,07/31
8496,Mastercard,Andrew Best,180071787564908,5449,10/26
8497,VISA 13 digit,Brian Harrison,30578495768540,376,03/28
8498,VISA 19 digit,Jonathan Gonzalez,4578700620503333,978,06/33
8499,VISA 19 digit,Robert Johnson,2413037845486017,194,04/28
8500,JCB 15 digit,Todd Allison,180021755982863,621,03/32
8501,Mastercard,Christopher Sanchez,4232101140411,408,11/33
8502,JCB 16 digit,Scott Hernandez,2719920947749914,006,10/34
8503,JCB 16 digit,Amanda Kirby,36284253762247,771,05/29
8504,JCB 16 digit,Kara Cunningham,639096911982,5871,11/35
8505,JCB 15 digit,Tracey Hines,341646255106021,922,01/27
8506,VISA 16 digit,Jason Khan,4105295090229107,963,04/30
8507,JCB 16 digit,Mary Smith,30075543860221,737,05/33
8508,JCB 15 digit,Michael Rogers,3529247032798848,428,06/31
8509,VISA 16 digit,Sandra Ramos,38771822512820,4177,10/35
8510,VISA 16 digit,James Adkins,3580212144555995,8030,12/28
8511,VISA 19 digit,Cristian Lane,4566078450974483182,672,02/35
8512,VISA 16 digit,James Dixon,180090488742761,724,10/29
8513,VISA 13 digit,Rachel Fields,4444522312990913,832,12/30
8514,Discover,Cory Walker,180079550543116,567,08/33
8515,VISA 16 digit,Cory Allen,3545874845657869,455,09/27
8516,JCB 16 digit,Kathryn Collins,6552551944861351,116,02/33
8517,VISA 19 digit,William Lewis,4115723928547,987,08/31
8518,JCB 16 digit,Daniel Combs,4648720520774047490,953,11/33
8519,Diners Club / Carte Blanche,Bryan Roberts,676375036875,140,03/27
8520,VISA 16 digit,Norman Garcia,340710090807028,378,11/33
8521,Diners Club / Carte Blanche,Kristina Carr,180062783242524,360,09/33
8522,Maestro,Thomas Wheeler,3530379126536979,893,12/27
8523,Maestro,Brandon Sutton,4292243888403132537,2462,08/29
8524,JCB 16 digit,Robert Fernandez,4293652968428,729,11/27
8525,Mastercard,Vickie Green,4070668195295329684,566,11/30
8526,JCB 16 digit,Eric Lopez,378716684993038,048,01/36
8527,VISA 16 digit,Dr. Lisa Perry DDS,348596497614097,056,09/29
8528,Diners Club / Carte Blanche,Jeanne Hartman,3571958438128706,0193,06/26
8529,VISA 13 digit,Michael Hernandez,3589866562268786,088,01/35
8530,JCB 16 digit,Mary Davidson,6587869360499962,195,08/35
8531,VISA 16 digit,Heidi Holt,5317871260963856,0870,11/34
8532,American Express,Ashley Tapia,3535707626190365,042,08/28
8533,VISA 16 digit,Mark Sanders,4935851586819649,777,11/32
8534,Diners Club / Carte Blanche,Shane Hernandez,30058751550791,852,05/31
8535,VISA 16 digit,Wesley Gross,4748003744861462,896,10/31
8536,JCB 15 digit,Carrie Berry,4265634353349010,064,10/30
8537,VISA 19 digit,Michael Ochoa,30272350365317,416,09/27
8538,Diners Club / Carte Blanche,Brandon Young,503815820140,203,05/34
8539,JCB 16 digit,Kenneth Pugh,30555045509939,274,04/30
8540,American Express,Samantha Houston,6549689979357030,542,04/34
8541,VISA 19 digit,Sandra Lopez,3557047261261749,930,03/28
8542,VISA 16 digit,Joshua Ford,3514012375049390,682,06/26
8543,VISA 19 digit,Bradley Perez,30307747858119,924,01/31
8544,JCB 16 digit,Andrew Osborne,4443598909990459,323,05/28
8545,VISA 19 digit,Mr. Eric Oliver,5359469505032360,313,01/30
8546,Diners Club / Carte Blanche,Kristin Evans,4380647979148632017,536,11/30
8547,Diners Club / Carte Blanche,Brian Hill,349890468049394,782,04/34
8548,VISA 16 digit,Anna Hart,3514651427479137,524,11/29
8549,JCB 16 digit,Laurie Williams,213102274155958,796,05/35
8550,Mastercard,Dana Jacobson,3518845285941909,670,09/28
8551,VISA 16 digit,Matthew Jones,4352884626495991,711,06/29
8552,Mastercard,Danielle Stark,4932989624689,158,01/27
8553,VISA 16 digit,Luis Park,378796061238496,699,08/27
8554,JCB 16 digit,Teresa Vaughan,6595427291349275,662,03/26
8555,American Express,Angel Butler,4136873211675623,244,02/27
8556,JCB 16 digit,Debra Hunter,180036090118353,373,07/34
8557,VISA 19 digit,Jennifer Armstrong,3548120165110460,395,04/26
8558,VISA 16 digit,Stacey Adams,2273101960445536,630,02/29
8559,JCB 16 digit,Rose Jacobson,376765459067173,871,12/30
8560,Diners Club / Carte Blanche,Tracy Edwards,30454209333577,777,04/27
8561,Mastercard,Mr. James Sandoval,213142881845856,896,02/29
8562,Discover,Miranda Johnson,4158528722822,469,09/29
8563,JCB 16 digit,Barbara Williams,30099196743138,578,10/35
8564,VISA 19 digit,Jennifer Gilbert,3577083969988230,856,03/26
8565,JCB 16 digit,Rachel Young,676214367150,818,03/31
8566,Maestro,Dr. Lisa Williams,2246962050836981,696,06/31
8567,VISA 13 digit,Shelby Liu,213170895828063,741,12/32
8568,Diners Club / Carte Blanche,Alicia Brown,6510386406451446,596,01/27
8569,VISA 13 digit,Luke Evans,502003800203,5594,09/32
8570,Mastercard,Jordan Smith,38938222330786,499,06/34
8571,Maestro,Samantha Nguyen,3505618729684541,471,11/30
8572,VISA 16 digit,Michael Ramirez,3513915255337530,416,12/29
8573,VISA 16 digit,David Williams,4925484093777235239,614,01/36
8574,Mastercard,Kim Barrett,586948436462,581,10/32
8575,Discover,Kimberly Rodriguez,4178163540461,733,09/27
8576,VISA 13 digit,Juan Vazquez,2720314795004696,496,04/35
8577,American Express,Melissa Arnold,4323838240776869,988,12/26
8578,American Express,Kimberly Hansen,4486509427717922312,032,07/29
8579,Maestro,Erik Stevens,4059976482706184,340,01/29
8580,Maestro,Jessica Best,4967974544180663,490,05/34
8581,VISA 16 digit,Shannon Williams,676207178564,785,12/35
8582,American Express,Heather Lynch,4804617817946024,750,07/28
8583,JCB 15 digit,Carolyn Welch,4621058996429055,8534,05/33
8584,JCB 16 digit,Miss Ashley Elliott DDS,4064150558866,268,09/35
8585,VISA 16 digit,Christopher Allen,30330778209358,134,12/31
8586,Maestro,Eric Johnson,4817301671918321,301,06/33
8587,Mastercard,Amber Hernandez,30081865441509,7297,01/34
8588,Mastercard,Lee Pierce,4531282294190319846,273,10/33
8589,Mastercard,Justin Taylor,2667005813363529,844,05/31
8590,VISA 13 digit,Daniel Williams,370538665596426,6677,09/26
8591,VISA 16 digit,Travis Roberts,4332494247939446,627,09/33
8592,VISA 16 digit,Amy Hart,376187788163708,441,07/29
8593,VISA 16 digit,Jessica Miller,6532507917211193,825,07/29
8594,American Express,Christopher Krause,2482662155479710,981,01/32
8595,JCB 15 digit,Paula Bautista,4328863697024662751,039,04/34
8596,Maestro,Anthony Stone,4884837712771650381,809,02/28
8597,VISA 13 digit,Ashley Campbell MD,3538888665845627,618,04/27
8598,JCB 16 digit,Miranda Perry,2289746882775840,340,07/33
8599,VISA 16 digit,William Harrington,36596404507266,177,07/26
8600,Diners Club / Carte Blanche,William Martinez,213154420499863,900,08/31
8601,JCB 15 digit,Richard Davis,3532707383290203,437,08/32
8602,Discover,Madeline Logan,375203195786931,551,01/33
8603,VISA 19 digit,Anna Stuart,370873477417770,558,08/28
8604,VISA 16 digit,Erika Webster,3553987423161580,384,08/35
8605,Diners Club / Carte Blanche,Lindsay Ross,3524887237180741,750,06/26
8606,Maestro,Keith Trevino,370677765114928,735,09/31
8607,JCB 16 digit,Joshua Hernandez,4515214117414315,670,09/29
8608,JCB 15 digit,Cheyenne Smith,3567733234293004,056,09/27
8609,Mastercard,Kelsey Taylor,4255830528507217,523,10/35
8610,Discover,Melissa Phillips,676340104873,459,10/29
8611,Diners Club / Carte Blanche,Charles Owens,345565862615040,4286,06/32
8612,Maestro,Scott Allen,30078458169224,375,12/27
8613,VISA 16 digit,Kimberly Vaughn,4507411385933,677,06/31
8614,Mastercard,Carly Mullen,371847356241187,588,12/27
8615,JCB 16 digit,Tristan Richmond,375162562433859,818,06/34
8616,VISA 16 digit,Sara Bradley,4061310138415,543,12/35
8617,Discover,Dale Meyer,501853283387,549,03/31
8618,JCB 15 digit,Mallory Hammond,3522146327072892,381,08/28
8619,JCB 15 digit,Joseph Cook,2713097765693536,901,01/32
8620,American Express,James Burton,349684364624354,575,11/28
8621,VISA 13 digit,Brianna Luna,6011861880640379,569,04/32
8622,JCB 15 digit,Karen Lopez,180075230677993,217,05/30
8623,Mastercard,Amanda Murphy,4327916113189,913,12/30
8624,Maestro,Michele Garza,3506348945278436,653,01/28
8625,Discover,Andrea Allen,4905427601924049,228,12/26
8626,Mastercard,Michael Marshall,3504468208031710,928,02/30
8627,VISA 13 digit,Susan Martinez,30009023543940,351,05/28
8628,VISA 13 digit,Dale Young,343462815382989,071,08/26
8629,Maestro,Rhonda Rice PhD,5151012155895437,981,12/31
8630,VISA 16 digit,Thomas Ward,4753826686461,601,12/35
8631,American Express,Karen Hawkins,180091697853241,302,10/28
8632,VISA 16 digit,Ann Joseph,3594938478735662,961,10/30
8633,VISA 16 digit,Holly Hubbard,4359502856699,200,03/31
8634,Maestro,Shawn David,6011744146013591,125,03/28
8635,Mastercard,Rachel Moody,4106749141953023,711,01/33
8636,Discover,Alexander Miller,6583756575493050,622,12/35
8637,Diners Club / Carte Blanche,Stephen Davenport,6011052814174160,275,11/27
8638,Maestro,Daniel Shepard,675986574787,453,02/28
8639,JCB 15 digit,Lori Stewart,6537143491657133,883,12/35
8640,Diners Club / Carte Blanche,Hannah Myers,2233305964986382,424,03/34
8641,VISA 13 digit,William Hall,6545615810534374,076,05/33
8642,VISA 16 digit,Patrick Mathis,3547856194696265,784,08/33
8643,JCB 15 digit,Alvin Leonard,4529202321621092,182,11/31
8644,VISA 19 digit,Jesse Green,347835320331680,567,06/31
8645,VISA 16 digit,John Black,4344166422807970,729,08/33
8646,VISA 16 digit,Tiffany Hensley,3524009775888615,750,04/30
8647,VISA 16 digit,Brian Herrera,3580864928084475,750,11/31
8648,Discover,Jacob Perkins,060440645129,654,07/34
8649,Diners Club / Carte Blanche,Sean Mercado,372426279204207,071,05/27
8650,VISA 16 digit,Robert Small,582800905678,034,05/31
8651,Mastercard,Jennifer Melton,4289625506030,442,08/29
8652,VISA 16 digit,Nathan James,4302813006937227114,907,02/34
8653,Mastercard,Christopher Hardy,4551536200619,412,01/31
8654,Maestro,Randy Mitchell,2466183622622618,699,08/31
8655,VISA 13 digit,Desiree Davis MD,3551038798624166,956,09/30
8656,Discover,James Richardson,371476469348760,557,05/27
8657,JCB 15 digit,Elizabeth Hill,502011409245,295,05/33
8658,VISA 13 digit,Ryan Lewis,4383867208578462951,454,10/31
8659,Diners Club / Carte Blanche,Joseph Vincent,4864375935004734470,551,01/27
8660,Diners Club / Carte Blanche,Brittany Hamilton,180092276254868,488,08/34
8661,American Express,Willie Martin,3535353337946983,015,06/30
8662,American Express,Sandra Taylor,3549784752862103,319,08/28
8663,JCB 16 digit,Jillian Smith,4258983782210,900,07/30
8664,JCB 16 digit,Benjamin Beck,3500311738240167,857,01/33
8665,JCB 15 digit,Ryan Brown,4359164593720289349,988,10/35
8666,American Express,Andrew Case,2293674511154225,650,12/29
8667,JCB 16 digit,Krista Carter,6514335932815679,518,04/32
8668,JCB 16 digit,Jenny Buck,4527809658101902,3299,02/29
8669,American Express,Jessica Curry,4600253437407,8984,12/31
8670,VISA 16 digit,Jamie Russell,6011719359102265,872,09/28
8671,Diners Club / Carte Blanche,Christopher Walker,4806373125821750,741,08/31
8672,VISA 16 digit,Henry Graham,503830376722,406,01/33
8673,JCB 15 digit,Ariana Ford,3591277543071198,543,02/30
8674,JCB 16 digit,Stephanie Harris,4322791391897709515,934,06/28
8675,Diners Club / Carte Blanche,Sherry Lee,4482298344365209,504,08/27
8676,American Express,Christopher Payne,3548058273773367,323,10/35
8677,JCB 15 digit,Claudia Fischer,4137280891769,870,05/32
8678,Diners Club / Carte Blanche,Emily Daniels,4989815099353,938,01/31
8679,Diners Club / Carte Blanche,Samantha Moore,3534573132886107,847,11/29
8680,Diners Club / Carte Blanche,William Friedman,349281323385670,360,05/30
8681,Diners Club / Carte Blanche,Richard Henderson,4523971789599778,376,07/30
8682,Maestro,David Hill,573258272000,695,09/26
8683,VISA 16 digit,Anthony Mueller,371385600333914,432,03/29
8684,JCB 15 digit,Gabriel Phillips,30156199339536,419,10/26
8685,Diners Club / Carte Blanche,Joseph Fowler,4297578491944293,3787,06/31
8686,VISA 16 digit,Eric Shields,6011794324559907,299,07/34
8687,JCB 15 digit,Ryan Duran,4618138892000,141,06/30
8688,VISA 16 digit,Brittany Pham,4676012436448575,646,07/34
8689,VISA 13 digit,Laura Thomas,4820767973487098939,022,08/34
8690,VISA 13 digit,Christina Carroll,6530164428080238,230,07/28
8691,VISA 16 digit,Eric Johnson MD,377338724269096,010,04/33
8692,Discover,Eric Newman,370693251015594,646,09/28
8693,VISA 19 digit,Kurt Robinson,501896357453,403,08/29
8694,VISA 19 digit,Adam Wilcox,4996625103526747,849,09/34
8695,JCB 16 digit,Angela Miller,30175839710161,167,06/33
8696,American Express,Kenneth Williams,3587484230952864,298,11/30
8697,American Express,Amanda Alvarez,180079439807344,589,12/27
8698,Maestro,Scott Cruz,4314223880189,528,06/29
8699,American Express,Samantha Peterson,4363033776847950,007,08/27
8700,Mastercard,Meredith Mcdonald,4940221078895511790,227,01/28
8701,JCB 16 digit,Zoe Cooley,4682551271886,5521,10/34
8702,JCB 16 digit,Christopher Fields,4748604547289601,590,10/27
8703,VISA 16 digit,Daniel Hernandez,4061682447299465,490,04/31
8704,VISA 19 digit,Yvonne Harris,371667969980298,698,02/31
8705,JCB 15 digit,Benjamin Gonzalez,2611814511798176,282,01/27
8706,Maestro,Joshua Morrow,4828786050449863,532,05/26
8707,VISA 19 digit,James Brown,4162149390932417,244,10/26
8708,VISA 16 digit,Lisa Smith,4089523793981,669,05/30
8709,JCB 15 digit,Timothy Hill,36746114302579,878,06/31
8710,Discover,Angela Powell,3555028933530374,4632,11/28
8711,Mastercard,Christopher Watson DDS,213179179585471,128,09/29
8712,VISA 13 digit,Thomas Castillo,4972585145873978,023,07/28
8713,Mastercard,Anthony Singh,4711200995635,348,12/32
8714,Maestro,Kathleen Smith,4611312190692444,539,08/26
8715,Discover,Melanie Cooper,6011821865550399,797,05/34
8716,Maestro,Jack Sanchez,6011463389333059,297,12/33
8717,Mastercard,Susan Romero,6011090227770950,4632,11/29
8718,VISA 13 digit,Michael White,4977471507947855,406,06/26
8719,Diners Club / Carte Blanche,Erik Yoder,3550129557929184,485,02/26
8720,VISA 19 digit,Eduardo Mcdonald,4368081656031901,434,02/33
8721,Maestro,Zachary Beltran,3513953476548890,363,02/35
8722,VISA 13 digit,Jordan Smith,213112603666575,677,02/29
8723,American Express,John Watkins,3566535003132920,525,09/31
8724,Discover,Heidi Sanchez,3523793034094104,056,02/27
8725,Maestro,Peggy Mclaughlin,4461308660336597927,293,11/34
8726,Mastercard,Rodney Ellis,5307653011470817,722,06/29
8727,VISA 16 digit,Lisa Hernandez MD,4904103381111268198,251,01/35
8728,JCB 16 digit,Linda Goodwin,6011892864581644,236,08/26
8729,Maestro,Jacob Sanchez,38722554288477,322,01/28
8730,Mastercard,Michael Nelson,4681669563747,789,11/34
8731,JCB 15 digit,Stacy Lee,3534560720353095,804,12/32
8732,VISA 16 digit,Jennifer Graham,2260072193081122,285,12/30
8733,American Express,Toni Vargas,30556536355113,827,08/35
8734,American Express,Megan Dyer,3554956632608250,0034,03/35
8735,VISA 13 digit,Dennis Rodriguez,36506964690386,995,07/33
8736,VISA 16 digit,Angela Mcintosh,676308381638,875,04/26
8737,Mastercard,Chad Flores,4599584550855442971,191,11/31
8738,VISA 13 digit,Theresa Lyons,501898990053,204,06/30
8739,Maestro,Kyle Nichols,4264822887584852,495,06/34
8740,VISA 13 digit,Paul Rodriguez,676217302345,142,03/30
8741,Maestro,Mitchell Briggs,344012867228272,565,04/26
8742,Diners Club / Carte Blanche,Kenneth Watson,4218905364109,568,05/30
8743,VISA 13 digit,Manuel Jordan,6011691492738141,5614,03/26
8744,JCB 15 digit,Brian Fisher,4412749749046260,815,07/29
8745,VISA 19 digit,Seth Reynolds,4705981221070,249,06/34
8746,VISA 16 digit,Matthew Ponce,676160419732,025,05/31
8747,American Express,Cheryl Cline,3558133628632605,504,10/31
8748,JCB 16 digit,Sean Rodriguez,4128872429302194,422,08/26
8749,VISA 19 digit,Briana Myers,4128823749176,248,05/32
8750,Maestro,Victor Flores,584274862708,968,12/35
8751,VISA 16 digit,Joyce Flowers,6537843909753511,118,11/30
8752,VISA 19 digit,Cindy Lee,4278753730928224,838,04/31
8753,VISA 13 digit,Kathleen Yates,6525243604565324,296,12/28
8754,Mastercard,Kevin Lucas,4935027328943140035,258,06/28
8755,JCB 16 digit,Jennifer Bentley,562304568032,319,09/28
8756,VISA 13 digit,Joshua Ochoa,342913119737998,765,02/27
8757,JCB 16 digit,Richard Robinson,6011360871537512,601,11/31
8758,VISA 16 digit,Kayla Austin,6011897903107103,583,05/32
8759,JCB 16 digit,James Cruz,2295016547183117,620,07/31
8760,American Express,Joshua Neal,4800415101025314,141,07/34
8761,Mastercard,Michael Coffey,3567329098492756,2789,07/30
8762,VISA 13 digit,Michael Hopkins,4448270163781891839,6709,06/30
8763,VISA 16 digit,Jennifer Anderson,4702301866642635,260,10/33
8764,VISA 16 digit,Steven Smith,213118722892489,630,09/27
8765,Maestro,Shaun Santos,4166988491952,097,06/28
8766,JCB 16 digit,Andrea Wang,2481153392255296,0263,01/35
8767,Maestro,Karen Harris,2224228694230213,960,09/27
8768,Diners Club / Carte Blanche,Julia Fernandez,4273091685823654493,994,05/26
8769,JCB 16 digit,Maria Goodwin,371122300936278,524,10/34
8770,JCB 16 digit,Christopher Hayden,370337389612274,830,08/29
8771,Maestro,Ryan Rowland,4633037546797225,643,10/31
8772,Diners Club / Carte Blanche,Bryan Sanford,4026851939521,271,01/35
8773,JCB 16 digit,Brian Freeman,4545632591462910,101,04/27
8774,Diners Club / Carte Blanche,James Walsh DDS,3540494125356416,703,03/31
8775,American Express,Lisa Reilly,3547168612733237,480,07/35
8776,JCB 16 digit,Frederick Sparks,4470842484484561,023,05/33
8777,VISA 13 digit,Christopher Hill,4540462660573,940,03/34
8778,American Express,Vanessa Wells,4543910342140254,768,08/31
8779,Maestro,Karl Jimenez,6011103864049644,3318,05/35
8780,VISA 16 digit,Christina Roberts,4940448380702,344,04/28
8781,Mastercard,Denise Armstrong,675952238680,161,03/30
8782,VISA 16 digit,Alicia Mccullough,563288158220,427,09/33
8783,Discover,Kimberly Clark,6011468551858064,310,03/28
8784,Mastercard,Robert Simpson,4470919000035,466,01/32
8785,VISA 19 digit,Sally Brown,4001649315358742,775,08/31
8786,Mastercard,Colin Goodwin,2248909774784151,918,03/30
8787,JCB 15 digit,Julie Fritz,180013909203981,658,02/32
8788,Maestro,Katelyn Brown,341270333895198,474,10/31
8789,JCB 16 digit,Jason Dunlap,2289682891126735,879,02/33
8790,American Express,William Johnson,2364614125490379,226,09/32
8791,Diners Club / Carte Blanche,Scott Bradshaw Jr.,6011848189121524,3196,11/34
8792,VISA 16 digit,Paul Adams,4073515212249024,628,03/31
8793,Diners Club / Carte Blanche,David Torres,6011937471318037,594,05/32
8794,JCB 16 digit,James Schaefer,3597209895558187,9376,01/28
8795,Diners Club / Carte Blanche,Samuel Hoffman,373560758614251,527,10/29
8796,VISA 16 digit,Sarah Miller,2276556388731659,465,07/28
8797,JCB 16 digit,Amanda Sherman,30046907226242,242,12/35
8798,Diners Club / Carte Blanche,Rebecca Wheeler,4397203198284,6524,08/29
8799,Mastercard,Mariah Martin,4200293158582,912,01/34
8800,American Express,Carolyn Thompson,4936029307218867,766,12/32
8801,Diners Club / Carte Blanche,Daniel Harris,501870257810,513,03/30
8802,JCB 16 digit,Donna Mckinney,4691648676737996592,195,03/31
8803,VISA 13 digit,Joshua Cooper,675952987625,107,07/33
8804,JCB 16 digit,Jacob Mckinney,2247185717429763,146,03/34
8805,JCB 16 digit,Heidi Stokes DDS,180061633111426,532,07/27
8806,VISA 19 digit,Grace Wood,4141988289362655121,024,01/30
8807,JCB 16 digit,Kristen King,5445295972175358,179,07/33
8808,Diners Club / Carte Blanche,Rachael Kelley,3561431015416649,339,12/26
8809,VISA 16 digit,Lisa Hernandez,6520678054663050,846,12/35
8810,Mastercard,Richard Keller,4897042367784,690,10/27
8811,American Express,Michelle Howell,347073902436459,782,10/32
8812,JCB 16 digit,Jennifer Flores,180098480978325,988,02/32
8813,Maestro,Robert Fleming,4430062915997760664,664,10/32
8814,American Express,Michael Bailey,3593271439677380,527,11/27
8815,VISA 13 digit,Christopher Johnson,6584231487469191,644,11/30
8816,VISA 16 digit,Steven Ramos,2242642667731171,473,05/26
8817,VISA 19 digit,Kevin May,180037454526868,175,11/35
8818,Discover,Joshua Bradshaw,6561795033732085,9249,01/31
8819,Mastercard,Michael Thompson,180077500687165,867,10/34
8820,Mastercard,Dr. Lucas Dixon PhD,4257227966867492,569,06/26
8821,VISA 13 digit,Benjamin Johnson,4944053958467326,399,11/33
8822,Maestro,Julie Davis,3583110472630694,708,11/26
8823,VISA 13 digit,Marissa Alvarado,3521287277292790,179,02/30
8824,Mastercard,Adam Carrillo,213191689526317,852,10/27
8825,American Express,Melissa Schwartz,3579474862926856,7061,08/33
8826,Discover,Sarah Novak,4773090245844,276,08/33
8827,VISA 16 digit,Helen Hall,6503816975645647,956,02/31
8828,JCB 16 digit,Elizabeth Meyers,180027936315576,315,07/27
8829,American Express,Jordan Brandt,4241287281770937,789,12/26
8830,JCB 15 digit,Robert Mathews,3570335551844701,027,10/35
8831,JCB 15 digit,Julie Jones,213101225441913,452,06/26
8832,VISA 16 digit,Amanda Osborne,3563741798681161,847,12/29
8833,JCB 15 digit,Ashley Duncan,3569186397939095,394,12/32
8834,Discover,Tammy Kelly,3545693647330354,291,12/35
8835,American Express,Debra Smith,30376371567296,8974,08/33
8836,Diners Club / Carte Blanche,David Miller,379076070333797,307,09/27
8837,VISA 16 digit,Megan Johnson,2677979115037577,001,08/34
8838,Mastercard,Maureen Nelson,378768474366222,330,04/34
8839,VISA 16 digit,Karen Watson,4485844035377,5853,04/35
8840,VISA 19 digit,Frank Lopez,4226808765223,158,07/29
8841,Discover,Derek Prince,4003008482566991,703,08/32
8842,VISA 13 digit,Luke Rodriguez,213125399986809,102,09/32
8843,American Express,David Benton,675925496902,629,08/31
8844,VISA 16 digit,Heather Perez,180065443503268,6469,11/31
8845,VISA 19 digit,Sara Patel,4849981491219133,723,08/32
8846,Maestro,Brenda Hart,2294220504369385,065,05/29
8847,Maestro,Marcus Lambert,30144396595837,008,11/34
8848,VISA 13 digit,Craig Simpson,30267847274353,424,05/27
8849,VISA 13 digit,Edward Baldwin,2711814431788223,877,08/33
8850,VISA 19 digit,Anthony Dorsey,2266427209887983,543,10/33
8851,Maestro,Amber Armstrong,371236314227183,382,10/26
8852,Diners Club / Carte Blanche,Stacy Thompson,4103314709269206,301,02/30
8853,Discover,Zachary Mathis,501839759179,042,05/35
8854,JCB 16 digit,Steve Johnson,180006796948353,829,08/33
8855,American Express,Daniel Rodriguez,4674333898693884,754,10/30
8856,American Express,Jeffery Moran,2246187889052853,188,04/28
8857,Maestro,Kenneth Avila,3569801571445137,714,05/35
8858,Mastercard,Monica Maldonado,3550018790063846,990,07/30
8859,Mastercard,Margaret Arellano,630457999088,744,08/33
8860,Diners Club / Carte Blanche,William Whitaker,347629836469377,275,01/32
8861,JCB 16 digit,Adrienne Wong,4926538164666374,856,04/35
8862,Diners Club / Carte Blanche,Nicole Lowery,4674097856447969,073,10/30
8863,JCB 16 digit,Mark Young,4161267492082245,448,02/31
8864,Maestro,Jessica Moody,213121669681915,333,12/30
8865,Diners Club / Carte Blanche,Elizabeth Rose,2495118012606222,286,05/33
8866,VISA 19 digit,Richard Sweeney,2243000181585160,153,07/30
8867,VISA 16 digit,Heather Adams,4026644486093906,051,09/34
8868,VISA 13 digit,Brandon Nguyen,4143260193994,848,04/26
8869,JCB 15 digit,Natasha Fletcher,2701421941003788,360,01/32
8870,VISA 19 digit,Shannon Rodriguez,4773575091999720,1870,07/27
8871,JCB 15 digit,Brittany Stewart,6011819748258347,172,03/34
8872,VISA 19 digit,Christine Murillo,2677663712812760,679,08/35
8873,VISA 16 digit,Sara Wallace,4079694854654,691,06/34
8874,VISA 13 digit,Terry Hubbard,4396351998083207421,6067,02/34
8875,JCB 16 digit,Michael Christian,4569400102701683930,340,06/28
8876,Discover,Joshua Mcmillan,4273030140700,681,11/31
8877,JCB 15 digit,Jeremy Watson,4799880705015602,025,04/33
8878,JCB 15 digit,Mark Jackson,6595707573368535,5806,04/35
8879,Discover,Geoffrey Molina,30156914692607,339,09/31
8880,Discover,Stephen Burke,3575543394050262,175,05/34
8881,VISA 16 digit,Roy Jones,2292142114642617,094,04/27
8882,VISA 19 digit,Stacey Hendricks,4886260729970047,196,03/27
8883,Maestro,Keith Lin,4703775516458,538,10/30
8884,Maestro,Phillip Fox,3572514093225078,299,10/26
8885,JCB 16 digit,Joseph Clarke,4984505766460,866,04/26
8886,VISA 16 digit,Eric Brown,676178093396,199,04/35
8887,Discover,Amber David,340309381428972,185,10/27
8888,American Express,Matthew Lucas,4830218388406270,756,04/32
8889,American Express,John Wagner,2250490348379864,218,02/34
8890,American Express,Alexandra Hill,2658099662496945,972,04/34
8891,VISA 16 digit,Gary Davis,4521210489460060,187,05/30
8892,VISA 16 digit,Angela Davis,6011926352381339,139,08/30
8893,VISA 13 digit,Kyle Rice,3556865154159808,713,06/32
8894,VISA 16 digit,Tonya Cook,5109895923007282,900,12/33
8895,Diners Club / Carte Blanche,Terri Mills,6584768112875193,185,01/34
8896,VISA 19 digit,Derek Fisher,4271901719128269,036,12/32
8897,American Express,Brandon White,676338709493,107,10/32
8898,VISA 16 digit,Linda Klein,4817372364310258,343,05/30
8899,Discover,Ronald Smith,6580577761116252,975,05/31
8900,VISA 16 digit,Madison Taylor,6011491356943634,101,08/29
8901,JCB 16 digit,Erin Gilbert,4550161179513435716,565,01/31
8902,VISA 13 digit,Brittany Mason,4161720186895,691,11/32
8903,VISA 16 digit,Rebecca Carter,4209065583743228,326,10/34
8904,VISA 19 digit,Barbara Shaw,6011434770111735,947,09/27
8905,Maestro,Katie Buchanan,376993104608114,737,09/28
8906,Mastercard,Abigail Booth MD,5122075167640303,078,06/32
8907,JCB 16 digit,Kristina Butler,347871794735080,760,02/34
8908,Mastercard,Juan Watson,180092574966478,540,04/28
8909,VISA 16 digit,Emily Gregory,30572979111145,548,08/35
8910,American Express,Nancy Nash,4940207926548245,8941,03/33
8911,JCB 15 digit,Audrey Chambers,4517894356970,770,08/35
8912,JCB 16 digit,Mary Hernandez,502050273346,999,02/30
8913,JCB 16 digit,Ashley Cole,345309199965970,673,07/33
8914,VISA 16 digit,Adam Reed,3545147428499268,593,02/32
8915,Diners Club / Carte Blanche,Carla Foster,4743314205450331522,113,12/30
8916,VISA 16 digit,Parker Thompson,6537801476020698,885,09/34
8917,VISA 16 digit,Leroy Guerra,3591503838781765,347,11/27
8918,Maestro,Mrs. Megan Greene,3516339307446537,637,03/26
8919,Diners Club / Carte Blanche,Julie Jones,3556000725363636,841,07/27
8920,Diners Club / Carte Blanche,Lindsey Holden,180029152384005,787,09/28
8921,JCB 15 digit,Sonya Palmer,30491268733875,496,04/32
8922,VISA 13 digit,John Mcdonald,3583776445991254,4832,03/32
8923,Discover,Christine Holland,3562896225572283,007,07/33
8924,VISA 16 digit,Tracey Weber,213124164592280,862,06/27
8925,VISA 16 digit,Tiffany King,4852484174885837,492,02/34
8926,American Express,Marc Miller,30492945021197,013,10/35
8927,VISA 19 digit,Brian Maxwell,6011614258030842,168,06/33
8928,Maestro,Paul Pham,213113734866993,8007,05/28
8929,Mastercard,Tim Lee,4086151789524898384,418,01/35
8930,VISA 16 digit,Amber Mathis,503860767600,184,02/28
8931,VISA 16 digit,Austin Morales,3519106269839166,341,03/35
8932,VISA 19 digit,Andrew Miller,3519793409171590,914,06/34
8933,Mastercard,Sarah Lee,6520877414176098,942,01/32
8934,VISA 16 digit,Alex Smith,6581499054292782,049,10/29
8935,VISA 16 digit,Brianna Perez,213133907564761,246,08/35
8936,Discover,Dr. Jeremy Lozano Jr.,4272471667175774279,581,02/35
8937,American Express,Adam Morales,4003817189221035,943,03/35
8938,VISA 16 digit,Debbie Lloyd,4589175390572,543,01/27
8939,Discover,Steven Chan,3546631812713284,612,07/33
8940,VISA 16 digit,Joshua Mcdowell,2339853555451038,259,10/32
8941,American Express,Kristen Thomas,6011184396811701,907,04/33
8942,Diners Club / Carte Blanche,Paige Williams,3580982718376750,070,04/34
8943,Discover,Alicia Huang,6011130319692215,115,07/30
8944,VISA 13 digit,Brenda Wells,5583795430433663,171,06/28
8945,JCB 16 digit,Stacie Hunt,4196693374676201,955,02/30
8946,JCB 16 digit,Shane Fitzgerald,3529993350849610,633,10/31
8947,JCB 16 digit,Timothy Guerrero,676248138239,263,10/28
8948,JCB 16 digit,Mr. Jonathon Burton DVM,180025336514616,807,09/32
8949,JCB 16 digit,Gabriella Oliver,213178568870254,862,02/29
8950,VISA 19 digit,Jacqueline Wilson,4504363373196042,0697,09/32
8951,JCB 15 digit,Michael Good,4677179288727585,255,11/33
8952,VISA 13 digit,Wendy Clarke,4347713561901,702,01/31
8953,Maestro,Sherry Smith,3522761964544381,167,01/32
8954,JCB 15 digit,Robert Frazier,3572885395522358,389,04/27
8955,American Express,Lindsey Zimmerman,060491286393,679,05/31
8956,Maestro,Nathan Duncan,4217280768884,4534,09/30
8957,VISA 16 digit,Robert Guerrero,2700758237448099,612,01/28
8958,JCB 15 digit,Russell Reed,30277769845478,404,08/26
8959,Mastercard,Philip Hobbs,4536606362852823,338,10/28
8960,American Express,Brandi Osborn,501832484023,610,01/36
8961,JCB 16 digit,Johnathan Lee,2238745254532153,850,06/33
8962,JCB 15 digit,Oscar Mason,573499634620,374,02/34
8963,Diners Club / Carte Blanche,Robyn Perry,4525482509959,811,02/33
8964,VISA 13 digit,Makayla Ponce DVM,4081352744086,126,01/35
8965,JCB 15 digit,Tracey Mcdaniel,4607326850267954,890,09/26
8966,Discover,Denise Guzman,2423942045101753,277,01/35
8967,VISA 16 digit,Erica Martinez,6011866362698043,246,11/35
8968,JCB 16 digit,Lauren Jones,2641565070304855,838,05/30
8969,Maestro,Michael Crawford,4269315061959,778,03/33
8970,American Express,Scott Osborne,4270109965620324342,384,02/31
8971,Maestro,Brian Delacruz,4346539977472266602,973,07/33
8972,JCB 16 digit,Joseph Reynolds,4859675716136893,5651,01/36
8973,VISA 19 digit,Richard Evans,3548141176760507,959,06/33
8974,VISA 19 digit,Thomas Buckley,6505122191890812,600,10/33
8975,VISA 16 digit,Daisy Sanford,4157567917038,205,12/33
8976,American Express,Ashley Todd,2595986051142708,348,11/35
8977,Diners Club / Carte Blanche,Kevin Simmons,6562846636100003,791,09/31
8978,VISA 13 digit,Erika Peterson,4876688214292901,387,05/30
8979,JCB 15 digit,Marc Rice,2582581045256444,085,05/27
8980,Discover,James Riley,3553554992385980,995,04/29
8981,VISA 16 digit,Gordon Mcintyre,4928230509349712,193,07/29
8982,VISA 13 digit,Kathryn Golden,30150923490228,235,07/32
8983,Maestro,Stephanie Williams,348234561415361,791,08/27
8984,American Express,Lee Ray,4215874903476686843,878,08/34
8985,American Express,Cindy Hernandez,4403686947989324,866,05/31
8986,VISA 19 digit,Casey Allen,213148268583648,746,04/28
8987,Maestro,Sarah Taylor,4799972006830,349,03/28
8988,VISA 16 digit,Joseph Terry,3547973320997408,180,02/34
8989,VISA 16 digit,Patricia Howard,4332841180919738,601,01/29
8990,Discover,Bryan Willis,6011765784799191,965,09/35
8991,Maestro,Bryan Sutton,3510695279211241,003,03/32
8992,Mastercard,Keith Nelson,213102438755776,2332,10/29
8993,JCB 16 digit,Donald Scott,4883077148662785047,389,03/35
8994,VISA 19 digit,Amanda Morse,585755005394,130,12/27
8995,Diners Club / Carte Blanche,Mrs. Nicole Cole,374763129514494,509,09/34
8996,VISA 16 digit,Devon Parks,4866955829374602,033,03/33
8997,VISA 16 digit,Lisa Warren,4391717401464373,159,08/26
8998,Mastercard,Thomas Moore,4684297202177926,939,07/32
8999,VISA 19 digit,Bridget Davis,4139598239119661,177,12/31
9000,Maestro,Ryan Cooke,4547419485121283,107,10/28
9001,JCB 16 digit,Robin Murray,5243060316871573,195,01/30
9002,Diners Club / Carte Blanche,Alison Erickson,36728241358914,038,10/32
9003,Discover,Scott Anderson,2278815050789330,945,04/27
9004,JCB 16 digit,Erica Hicks,4379276886413955,722,07/27
9005,JCB 16 digit,Johnny Gilbert,348322920098687,376,09/26
9006,VISA 16 digit,Crystal Rivera,6011200175030212,722,10/32
9007,Maestro,Tara Hurley,4581022102749606,610,03/28
9008,VISA 16 digit,Ryan Mcmillan,4016595771157,022,01/29
9009,Discover,Shelby Fry,4855866832853,1191,08/32
9010,Mastercard,Melissa Wilson,3516006566225940,550,01/36
9011,JCB 15 digit,Michelle Ibarra,569494631504,181,05/35
9012,VISA 19 digit,Tiffany Mcdaniel,6011973599798479,194,12/30
9013,Mastercard,Lawrence Thompson,180067535673777,128,04/33
9014,VISA 13 digit,Sheila Church,2223149482936426,695,11/28
9015,Maestro,David Greer,4267565233534,733,04/30
9016,JCB 15 digit,Emma Gonzalez,4848007967651708944,243,06/27
9017,JCB 16 digit,Andre Watkins,3501042336699640,322,06/27
9018,VISA 16 digit,Kimberly Garrett,4301758305376007,379,04/31
9019,VISA 19 digit,David Saunders,3565714288336750,621,11/30
9020,VISA 13 digit,Keith Barron,5519105071255228,158,12/27
9021,VISA 16 digit,Rickey Stevenson,4575009983231042,386,10/27
9022,VISA 19 digit,Holly Rodriguez,3523535315143252,973,01/32
9023,VISA 16 digit,Brent Farrell,30218016228266,244,12/33
9024,Maestro,Frances Black,4198702962883018,695,09/31
9025,VISA 16 digit,Chad Harvey,4757262387880,097,12/30
9026,JCB 16 digit,George Thompson,3537102326419215,597,02/28
9027,JCB 16 digit,Paul Thornton,30231322542718,7360,09/26
9028,VISA 16 digit,Curtis Howard,6011416642652582,542,04/29
9029,Diners Club / Carte Blanche,Omar Martin,3537418804843753,458,06/26
9030,JCB 16 digit,Peter Whitehead,213109773805090,919,09/34
9031,Mastercard,Brett Price,4039381797689622078,7953,03/26
9032,Discover,Julie Hawkins,3595229931924443,403,07/28
9033,VISA 13 digit,Amanda Hill,4021950828615107733,957,08/33
9034,Maestro,Andre Lane,2246161721857068,741,04/35
9035,VISA 16 digit,Timothy Skinner,4874562122621597539,560,01/30
9036,Mastercard,Samuel Werner,180045659332024,377,06/32
9037,VISA 19 digit,Maureen Holland,6011078114629520,419,03/35
9038,Diners Club / Carte Blanche,Christopher West,4789107345112,205,11/27
9039,American Express,Manuel Wright,6541596764820833,007,06/29
9040,American Express,April Martinez,4534246232874,544,01/36
9041,VISA 16 digit,Meagan Robinson,3516736712384304,710,07/35
9042,VISA 16 digit,Sarah Espinoza,4136466146167186,434,10/27
9043,Diners Club / Carte Blanche,Mark Decker DVM,30352148337651,646,09/33
9044,Discover,Lisa Dominguez,3598329389026910,826,06/35
9045,Diners Club / Carte Blanche,Olivia Perry,30072688139917,056,03/33
9046,VISA 19 digit,Jeremy Mitchell,4244301522626738,699,08/34
9047,Diners Club / Carte Blanche,Courtney Reyes,4469652083653,489,10/31
9048,VISA 16 digit,Christina Torres,3550181252743881,876,09/31
9049,Discover,Mary Chapman,213181416349828,572,12/29
9050,JCB 15 digit,Nancy White,4781921875850251,638,10/26
9051,VISA 16 digit,Jeffery Gray,6528537324937722,643,02/30
9052,JCB 16 digit,Mrs. Brittany Kane DDS,30434165416533,071,10/32
9053,JCB 15 digit,Steven Jones,4989009422193271613,973,05/27
9054,American Express,Nicholas Cuevas,2595140031431696,916,09/32
9055,American Express,Jonathan Spence,30202613144688,937,12/35
9056,Diners Club / Carte Blanche,Lynn Allison,4672450951829,503,06/26
9057,American Express,Morgan Blake,4054953409932057,438,07/31
9058,Maestro,Jimmy Ray,374617267201472,992,05/32
9059,Maestro,Clifford Oneal,346716530439391,924,12/26
9060,JCB 16 digit,William Thompson,3585181518250530,642,02/30
9061,JCB 15 digit,Derek Thompson,4900698255327,031,05/27
9062,Diners Club / Carte Blanche,Michael Harris,6011997553919292,349,06/27
9063,Diners Club / Carte Blanche,Mark Lewis,4985697852587354119,914,05/27
9064,VISA 16 digit,Brittany Villarreal,4400796775483572,617,11/28
9065,VISA 13 digit,Natalie Gibson,30255649566159,512,09/33
9066,Discover,Nicole Perkins,4187075279708727863,411,04/32
9067,JCB 16 digit,Justin Barrett,346574876275519,309,02/32
9068,VISA 16 digit,Raymond Jensen,502075794367,924,04/29
9069,Mastercard,Jennifer Werner,675963090807,556,12/33
9070,VISA 16 digit,Cindy Anderson,2295281370844959,580,06/31
9071,JCB 15 digit,Benjamin Mckinney,675983144279,427,02/34
9072,JCB 16 digit,Elizabeth Powers,501837771549,862,12/35
9073,VISA 16 digit,Madison Gomez,4770938098380760,004,07/29
9074,VISA 13 digit,Lisa Miller,4073952391183669823,131,05/29
9075,Discover,Steve Brown,3570292449031985,816,12/28
9076,VISA 16 digit,Randall Jones,2711851763561117,690,02/34
9077,Discover,Jordan Lee,213189098911161,757,03/32
9078,JCB 16 digit,Steve Trujillo,4586851626732812,765,03/31
9079,American Express,Jared Ibarra,4810760486255673,943,03/26
9080,JCB 16 digit,Briana Ramos,4905524224040078,521,03/31
9081,Mastercard,Stacy Ward,6524477447576442,797,02/32
9082,VISA 13 digit,Sharon Walker,4999931087873411,108,12/30
9083,Maestro,Tyler Romero,2720581999362480,727,11/30
9084,VISA 16 digit,Jillian Cooper,6501960136122401,702,07/29
9085,VISA 19 digit,Brittany Valdez,3574490734342598,020,12/31
9086,JCB 16 digit,Lisa Jones,3554314174196930,1582,12/29
9087,VISA 16 digit,Misty Williams,38359924815034,258,10/32
9088,JCB 15 digit,David Beck,4316187236548,263,08/33
9089,JCB 15 digit,Alexandra Newton,4905603855529508,020,04/29
9090,JCB 16 digit,Maria Gonzalez,4671387698880367,599,06/28
9091,VISA 13 digit,Jessica Rangel,4526252436398303,771,01/30
9092,American Express,Jacob Snyder,675983608463,180,07/27
9093,VISA 19 digit,Norman Kelly,4282660861721159,896,01/36
9094,JCB 16 digit,Jason Bell,4531512246489,208,11/28
9095,JCB 16 digit,Brian Cook,3598470153685711,071,11/30
9096,Diners Club / Carte Blanche,Kenneth Adams,4905508222348831,101,04/26
9097,JCB 16 digit,Kristin Middleton,5502186247862062,964,03/26
9098,Mastercard,John Donovan,3563015353926836,610,12/33
9099,Maestro,Jay Aguirre,503812129842,6823,04/31
9100,VISA 13 digit,Sarah Benson,2223151963591704,171,01/30
9101,JCB 15 digit,Sean Smith,4069443975363,962,01/31
9102,VISA 19 digit,Leslie Chapman,30398859589709,114,06/30
9103,JCB 16 digit,Aaron Nelson Jr.,4790397219863343,1392,06/33
9104,Mastercard,Kristin Thompson,3510997963465301,685,05/34
9105,American Express,Walter Bartlett,3507313395428047,025,04/34
9106,VISA 16 digit,Alexis Lawrence,4630216394791,872,08/31
9107,VISA 16 digit,Joanna Robinson,2567208778840363,069,04/33
9108,Mastercard,Madison Gonzalez MD,4002168135585441,580,07/33
9109,VISA 13 digit,Michael Morris,676161588345,164,01/27
9110,Maestro,Philip Powell,502007854776,607,07/31
9111,VISA 19 digit,Dr. Andrew Thompson MD,6011745370997920,6698,04/30
9112,VISA 13 digit,Ashley Watkins,180094747777154,088,06/35
9113,Mastercard,Jeremy Wood,3599114378941694,214,06/35
9114,VISA 16 digit,Janice Oliver,344470169620564,461,01/35
9115,VISA 16 digit,Richard George,060454144993,206,09/26
9116,VISA 16 digit,David Donovan,4997155709769656,8691,06/33
9117,Mastercard,Dr. Joshua Miller,2231015405413712,868,06/28
9118,JCB 16 digit,John Roth,4919498123824,410,04/29
9119,VISA 19 digit,Gordon Johnson,4382261139963779,099,06/27
9120,JCB 16 digit,Wendy Everett,180017585723436,302,05/28
9121,VISA 16 digit,Shari Bell,639007900397,938,09/27
9122,Discover,Melissa Thomas,3574407370463827,370,01/32
9123,VISA 19 digit,Samantha Anderson PhD,4119989320266557421,7900,11/34
9124,Discover,Dawn Marsh,5177665468547621,249,06/33
9125,Discover,Benjamin Rogers,3588469998255583,879,03/35
9126,JCB 16 digit,Karen Jones,213127155967965,678,05/32
9127,VISA 16 digit,Denise Schmidt,576265728286,093,12/35
9128,JCB 16 digit,Mrs. Stephanie Gibson,676125160983,135,06/28
9129,JCB 15 digit,Crystal Morgan,30308364494022,350,08/26
9130,Mastercard,Alexander Jackson,4084908722133233,188,11/26
9131,JCB 16 digit,Robert Adkins,562191972016,648,01/33
9132,JCB 15 digit,Juan Boone,4316742305923774725,629,04/30
9133,American Express,Maria Perry,4800361591798378022,679,09/33
9134,Mastercard,Lawrence Fitzpatrick,4891451122368,094,05/28
9135,JCB 15 digit,Jennifer Weeks,213184201745630,324,06/30
9136,VISA 16 digit,Kayla Lamb,213132682812502,413,08/29
9137,JCB 15 digit,Christopher Robles,3501206721738558,123,03/32
9138,VISA 16 digit,Lisa Gray,4466491234924249,951,02/32
9139,American Express,Brent Riley,4185087052263296,172,08/27
9140,Mastercard,Erica Nguyen,3546255259720410,314,05/26
9141,JCB 15 digit,Sarah Gonzales,30223269943686,484,06/29
9142,VISA 13 digit,Jodi Hall,377963868048319,0934,12/26
9143,VISA 13 digit,Timothy Hudson,676197644807,352,03/31
9144,Discover,Rebecca Dyer,349152147335243,500,04/30
9145,VISA 19 digit,Christopher Lamb,6560571779485225,887,12/28
9146,Discover,Laura Ford,501867132059,7141,07/33
9147,Maestro,Lisa Dunlap,4189326398557193,492,10/33
9148,American Express,Steven Haynes,213137771095240,0140,10/30
9149,VISA 16 digit,Ashley Mathis,213143893692419,050,04/31
9150,VISA 16 digit,Jasmin Anderson,676393430316,871,12/35
9151,VISA 16 digit,Rebekah Riley,501841584219,560,12/26
9152,VISA 19 digit,Justin Gutierrez,180018692297827,387,04/33
9153,VISA 16 digit,Thomas Kelley,2716366337475640,460,02/32
9154,JCB 16 digit,Allen Garcia PhD,4982109142125155,332,01/34
9155,Mastercard,Kim Smith,3517608818207128,4462,07/30
9156,JCB 16 digit,Jacqueline Warren,4673520657439202761,096,09/27
9157,Diners Club / Carte Blanche,Bryce Clay,4256227692724299,110,12/35
9158,VISA 19 digit,Stacey Gonzalez,501852523965,289,01/33
9159,JCB 16 digit,David Sutton,180053970114469,897,11/29
9160,VISA 16 digit,Renee Lin,3591473468199094,650,08/30
9161,JCB 16 digit,Christopher Wagner,6548582849726115,7494,06/30
9162,Maestro,Sean Clarke,562728276907,051,04/29
9163,American Express,Megan Ross,2225089196308728,760,05/31
9164,American Express,Patricia Williams,4978111254614926907,127,06/30
9165,American Express,Jason Walker,3550676346838878,641,12/34
9166,VISA 13 digit,Emily Gaines,213156733230794,402,08/35
9167,VISA 16 digit,Cheryl Chavez,3549794786822528,370,09/28
9168,Mastercard,Kevin Mitchell,4594071343604232,352,01/32
9169,VISA 16 digit,John Poole,213168961070727,191,11/26
9170,VISA 19 digit,Nathan Davis,5120371927263813,550,05/33
9171,VISA 13 digit,Jean Klein,639074097234,834,12/26
9172,Discover,Joseph Hawkins,568184822423,115,02/29
9173,VISA 16 digit,Jennifer Baker,3589580972876597,705,09/29
9174,VISA 13 digit,Holly Rosales,4087712259665063,929,06/29
9175,Mastercard,Terri Wood,4162936404650,579,07/34
9176,Maestro,Nicholas Marquez,370330011012872,970,06/28
9177,JCB 16 digit,Kathryn Garcia,4892716347994745,952,11/28
9178,Discover,Eric Hayden,38855163776035,420,02/32
9179,JCB 16 digit,Melissa Brady,30581283188871,449,10/33
9180,JCB 16 digit,Bryan Potts,3523586784233116,881,04/31
9181,VISA 16 digit,Sarah Jones,4489680216337371975,684,10/34
9182,Discover,Peter Patel,676101423843,112,01/34
9183,Maestro,Kevin Lewis,4450146487560201,269,03/30
9184,Diners Club / Carte Blanche,Lori Ross,30120324988112,933,03/27
9185,Discover,Anthony Kelly,2273169557055893,790,01/29
9186,VISA 16 digit,Ronald Davis,3543578481494832,392,03/29
9187,JCB 15 digit,Erin Cox,30116702689843,721,12/30
9188,Mastercard,Joshua Williams,676143628888,732,04/26
9189,VISA 19 digit,Anita Turner,566097425367,560,01/32
9190,JCB 16 digit,Michelle Lawson,3587768697666235,753,07/32
9191,Discover,Michael Jones,4566390032730486,188,10/32
9192,JCB 16 digit,Dana Garcia,379121995673503,910,10/33
9193,VISA 19 digit,Gene Herman,4742180250685539,365,05/33
9194,VISA 16 digit,Duane Daniel,4504397017838437,562,11/26
9195,JCB 15 digit,Alicia Taylor,4005475489009239258,093,09/26
9196,JCB 15 digit,Adam Richardson,2483831137395059,993,06/29
9197,JCB 16 digit,James Griffith,579823663037,637,10/34
9198,American Express,Andrea Hernandez,3521531576699027,873,06/33
9199,American Express,James Sanders,4606041052804,470,03/35
9200,Diners Club / Carte Blanche,Caleb Wilson,180077196676787,066,11/30
9201,JCB 16 digit,Samantha Robinson,6011438098655042,367,04/34
9202,Mastercard,Timothy Baker,6559803624982848,8320,10/33
9203,Discover,James Henry,3543822726742658,355,01/27
9204,JCB 15 digit,Joel Wilkinson,36949013307323,594,01/32
9205,Diners Club / Carte Blanche,Chelsea Le,563432547302,690,08/31
9206,JCB 15 digit,Casey Patrick,676331191038,539,05/31
9207,Discover,Elizabeth Thompson,4647914106410874,384,05/28
9208,VISA 13 digit,Patricia Turner,589684894175,514,11/33
9209,JCB 16 digit,Stephen Castillo,3546714357412668,000,07/34
9210,Diners Club / Carte Blanche,Traci Martin,4576874697930112389,749,11/32
9211,JCB 15 digit,Cassandra Garcia,6551698803115212,612,05/27
9212,VISA 16 digit,David Kent,5388051443382704,635,10/30
9213,VISA 13 digit,Michaela Morales,6011929995244963,251,05/27
9214,JCB 15 digit,Shirley Castro,5248453258620691,7921,12/31
9215,JCB 16 digit,Misty Mathews,180054173423913,908,07/29
9216,Mastercard,Tony Moses,30558677533110,142,05/31
9217,VISA 19 digit,Matthew Ferguson,2276574730677025,073,09/35
9218,American Express,Mr. Thomas Thomas,3523020557660339,222,05/28
9219,VISA 19 digit,Elizabeth Rhodes,4334371875542,440,02/29
9220,JCB 15 digit,John Young,4960006153660417,411,03/26
9221,VISA 19 digit,Amber Ellis,6500576418524147,293,01/30
9222,Mastercard,Andrew York,560747207358,435,09/30
9223,Diners Club / Carte Blanche,Shannon Cox,4286315438128,097,07/34
9224,Discover,John Leonard,30189621952766,035,12/30
9225,VISA 19 digit,Andrea Simmons,3559514390836046,379,05/29
9226,VISA 19 digit,Tamara Hoffman,3547749272311032,715,06/30
9227,VISA 16 digit,Jordan Walls,213185853255919,724,05/32
9228,VISA 16 digit,Andrew Perez,180044471247130,4008,04/27
9229,VISA 16 digit,Jacob Martin,4969562870558772719,640,10/29
9230,VISA 13 digit,Melvin Roberson,060427272574,860,04/26
9231,Mastercard,Stephanie Martin,675960537446,474,05/28
9232,Maestro,Pamela Robinson,5113484767966525,840,06/30
9233,Discover,Tracy Wood,4671535712427884,642,11/32
9234,VISA 19 digit,Kelli Lane,3538414307041473,639,09/35
9235,VISA 16 digit,Juan Arnold,30515995629426,362,03/33
9236,Mastercard,Jennifer Robinson,3516852514389704,930,09/31
9237,VISA 16 digit,Lance Moreno,6541361370892266,893,02/26
9238,VISA 16 digit,Patricia Webb,4964198898264898,013,08/33
9239,VISA 16 digit,Nichole Davis,3578392911771605,225,07/27
9240,Diners Club / Carte Blanche,Amanda Webster,3558868293309340,018,02/32
9241,Diners Club / Carte Blanche,Mary Hicks,3583122846607886,474,12/26
9242,VISA 13 digit,Monica Cook,213160315518139,0852,06/32
9243,VISA 16 digit,Carly Cantu,676180627561,451,10/33
9244,American Express,Michael Robles,6011251921809581,818,11/29
9245,Maestro,Karen Miller,2504065034745737,119,06/33
9246,Mastercard,Edwin Middleton,4374540668786986,030,04/30
9247,American Express,Samuel Perez,4304823667543714,831,06/26
9248,Maestro,Robert Shaw,341664495548308,952,12/30
9249,Discover,Jill Mccarty,3582394327601552,057,12/31
9250,VISA 13 digit,Amanda Bailey,6523025650751987,547,11/30
9251,VISA 19 digit,Joseph Buchanan,4128654371853236965,077,06/31
9252,Mastercard,Stephen Joyce,378371230527664,874,01/29
9253,American Express,Melissa Smith,30372110974745,693,12/34
9254,VISA 16 digit,Erica Burgess,5367612975297068,017,01/27
9255,JCB 15 digit,Michael Hall,3516532634768264,254,11/34
9256,VISA 16 digit,Amanda Robertson,180048832224365,191,06/27
9257,Discover,Russell West,4236785384559285650,4701,02/27
9258,VISA 16 digit,Scott Webster,4396119417648,588,01/31
9259,VISA 13 digit,Michael Castillo,6565558524957009,802,05/32
9260,VISA 13 digit,Sharon Price,6565414815478604,591,01/30
9261,VISA 19 digit,Scott Hawkins,213182636297243,782,03/32
9262,JCB 16 digit,Kayla Rodgers,6504321692534553,9423,01/32
9263,Mastercard,Jonathan Smith,343958985223051,900,07/34
9264,Mastercard,Jack Henry,4439006748061,587,01/31
9265,Diners Club / Carte Blanche,Bryan Smith,6011085916286995,849,09/34
9266,VISA 19 digit,Laura Jackson,6011871512520196,384,04/34
9267,VISA 16 digit,Rachel Sellers,30590628449880,034,11/30
9268,Diners Club / Carte Blanche,Lucas Rivera,213132289201067,104,12/32
9269,JCB 16 digit,Michael Wu,569079141549,927,11/31
9270,Diners Club / Carte Blanche,Amanda Lee,4244321851174944,616,01/31
9271,VISA 16 digit,Joshua Thompson,30110916320071,400,12/30
9272,VISA 13 digit,Michael Jenkins,4548283488736,214,08/28
9273,Mastercard,Lisa Kemp,3525297703800633,122,03/31
9274,VISA 19 digit,Gabriel Parker,676279295791,0064,11/31
9275,VISA 16 digit,Kylie Evans,4490645561126,632,06/32
9276,VISA 16 digit,Christopher Reyes,5157349997507091,448,01/28
9277,VISA 13 digit,John Morris,376876015823320,968,04/31
9278,Discover,Sarah Kim,3589822095393336,6324,03/26
9279,Mastercard,Matthew Robinson,180057815287034,620,10/35
9280,Mastercard,Virginia Robertson,3594519306603544,425,02/34
9281,Maestro,Brian Holmes,3575636114222854,856,02/31
9282,Maestro,Julie Roberts,4284259241780,791,02/34
9283,Discover,Jodi Walker,4093509297712539039,408,03/29
9284,Discover,Heather Williams,4057240025996055,834,04/31
9285,VISA 19 digit,Laura Martinez,180009480618670,322,12/35
9286,Maestro,Julia Sanchez,4479393234973268891,350,01/36
9287,Diners Club / Carte Blanche,Mr. Derrick Mullins,4531400340906108,524,02/28
9288,VISA 16 digit,Thomas Hardin,2720008866971599,740,03/28
9289,VISA 16 digit,Travis Baker,347711722608084,986,10/33
9290,Discover,Samuel Boyd,379228201360484,144,09/35
9291,Mastercard,Hannah Robinson,2577419252691044,194,01/30
9292,JCB 15 digit,Daniel Bryant,4433882088332283,730,01/36
9293,VISA 19 digit,Paul Martinez,4692351435552358932,923,07/28
9294,Diners Club / Carte Blanche,Daniel Stone,4139801197239,876,12/29
9295,Diners Club / Carte Blanche,Amanda Buckley,4707229105007340530,100,10/26
9296,VISA 16 digit,Patricia Shaw,30497311055430,745,12/29
9297,VISA 19 digit,Tiffany Flores,586484226418,735,10/27
9298,VISA 13 digit,Allen Owens,36546659181507,473,09/31
9299,Diners Club / Carte Blanche,Troy Coffey,3560044114938644,127,02/32
9300,American Express,Eric Jones,4880547348453685210,971,03/29
9301,Discover,Kevin Landry,6510061450640976,557,05/28
9302,JCB 15 digit,Alyssa Woods,4095211126548255,628,11/32
9303,JCB 15 digit,Jennifer Smith,4443666651391,792,08/27
9304,American Express,Kirsten Baldwin,374344745642736,088,03/35
9305,American Express,Victoria Montes,344135953290995,335,06/30
9306,Mastercard,Maria Castro,213178013074767,996,04/31
9307,JCB 15 digit,Chris Kim,3523029908013155,971,12/31
9308,VISA 13 digit,Eric Warren,346892423506529,027,09/35
9309,VISA 16 digit,Roger Newton,3550149947413822,693,12/31
9310,VISA 16 digit,Beth Kane,4159363938045187,8439,07/31
9311,Maestro,David Garcia,2264720125729798,710,11/26
9312,VISA 16 digit,Joseph Cisneros,6573020543342598,565,03/26
9313,JCB 16 digit,Tiffany Winters,3576498208091904,419,03/31
9314,Maestro,Sonia Brooks,060447477153,263,12/33
9315,Diners Club / Carte Blanche,Jacqueline Brown,4217344459313550,703,10/26
9316,Mastercard,Nicole Jones,341132943700129,8715,03/35
9317,JCB 16 digit,Heidi Johnson,676148250720,684,03/31
9318,JCB 16 digit,Alexandra Hill,4642912133755787,251,03/31
9319,JCB 16 digit,Gabriel Mann,4930258845902339598,767,12/30
9320,JCB 16 digit,Casey Arnold,501814401896,033,09/33
9321,JCB 15 digit,John Rogers,2296579811437898,894,07/34
9322,VISA 16 digit,Robin Patel,6500241210021251,4269,11/30
9323,Mastercard,Samuel West,4916167513080699,330,11/27
9324,VISA 13 digit,Robin Boyle,374126358311810,690,09/29
9325,Mastercard,Jo Johnston,213157002629914,834,03/35
9326,JCB 15 digit,Gregory Jimenez,4294145099771,089,04/26
9327,VISA 13 digit,Charles Shelton,6538261397026325,415,05/30
9328,Discover,Brandon Mercer,3518227484386261,591,05/31
9329,VISA 16 digit,Robert Carr,4282091125435,3799,12/34
9330,Mastercard,Lacey Grimes,4736227570939613,956,08/32
9331,Mastercard,Patrick Chambers,3514212954288860,0350,02/32
9332,JCB 15 digit,Elizabeth Flores,3560577254035176,624,11/35
9333,VISA 16 digit,Erin Wilson,4803157175572761504,794,11/30
9334,Discover,Nicole Morgan,2241365932479423,080,10/33
9335,Discover,Jessica Edwards,343918630484912,829,06/34
9336,Diners Club / Carte Blanche,Stephanie Hunter,4793669583902072,438,07/28
9337,VISA 16 digit,William Mendez,3514095918020630,340,11/35
9338,Diners Club / Carte Blanche,Christina Jones,4607295685321619,213,06/32
9339,VISA 16 digit,Sandra Cohen,3551522539822866,008,05/33
9340,JCB 15 digit,Scott Rodriguez,6569258001058621,490,05/27
9341,VISA 16 digit,Amy Jackson,6512930603363348,678,05/32
9342,Diners Club / Carte Blanche,Kelly Lang,373081306302570,085,09/35
9343,VISA 19 digit,Virginia Jennings,6528553660500669,203,10/30
9344,Maestro,Molly Cooley,180025291315256,331,08/33
9345,VISA 19 digit,Kevin Mercer,213139442473228,578,03/30
9346,VISA 16 digit,Nicole Williams,3568081645624683,267,09/27
9347,VISA 13 digit,Faith Curtis,503823169415,737,07/27
9348,Diners Club / Carte Blanche,Richard Jones,6011308280796559,174,08/34
9349,Discover,Timothy Williams,378332962294865,102,08/28
9350,JCB 16 digit,Danielle Fleming,4420420349434815,346,06/35
9351,JCB 16 digit,Karen Martinez,572405389998,919,05/32
9352,VISA 19 digit,Matthew Franklin,213121362838762,136,06/26
9353,JCB 16 digit,Lindsey Schaefer,213113640581165,557,08/31
9354,JCB 16 digit,Philip Smith,2320415322560565,9539,02/26
9355,VISA 13 digit,Thomas Cunningham,4376469703637178,179,07/33
9356,JCB 15 digit,Noah Torres Jr.,3586784699888538,896,03/31
9357,Discover,Jeffrey Mendez,3519630598949917,959,11/26
9358,VISA 16 digit,Adam Cooper,4998763155372,431,12/27
9359,VISA 13 digit,Thomas Henry,4537457977829775,5868,06/30
9360,Diners Club / Carte Blanche,Linda Johnson,2237563941739177,065,08/29
9361,VISA 16 digit,Brian Smith,676373915633,559,02/34
9362,Mastercard,Debra Pratt,4442653646221063,179,05/26
9363,JCB 16 digit,Theresa Burgess,676243529689,9844,06/30
9364,VISA 13 digit,Heather Morgan,2279717141120906,488,08/35
9365,Mastercard,Danielle Jones,4387791577422776,065,05/26
9366,Mastercard,Molly Gonzalez,180050462583896,131,07/35
9367,Mastercard,Michael Oneal,6011139117341263,893,04/32
9368,American Express,Brandon Washington,2434512082344702,798,03/27
9369,Mastercard,Victoria Warner,3516467497262842,287,03/30
9370,VISA 16 digit,Sarah Guerra,3523789171843303,635,12/27
9371,VISA 16 digit,Mr. Joshua Coleman,4411966254893,691,07/30
9372,JCB 16 digit,Elizabeth Rivera,6542076217549411,277,06/35
9373,VISA 16 digit,Emily Campbell,2712813243891190,187,08/34
9374,JCB 15 digit,Marcus Barber,4042965454635158,0385,01/29
9375,Maestro,John Garcia,3580666817092349,021,09/35
9376,VISA 16 digit,Natasha Simmons,3584912825551843,863,09/28
9377,Discover,Laurie Mayer,4543227112603357,754,04/33
9378,JCB 16 digit,Robert Miller,4009367279057225421,015,03/26
9379,JCB 16 digit,Jennifer Lewis,4225729318542,213,05/34
9380,VISA 16 digit,Mr. Joshua Curtis,4964433449099883695,752,03/35
9381,VISA 13 digit,Donald Williams,2243371734619081,861,09/32
9382,VISA 16 digit,Jennifer Donaldson,30194149127875,009,07/32
9383,VISA 19 digit,Mrs. Emily Harris,6011408751875872,053,05/30
9384,Discover,Fernando Smith,4810472764369511,628,10/29
9385,JCB 16 digit,Sherry Hernandez,502017908489,946,02/32
9386,VISA 13 digit,Curtis Todd,2293497052831054,187,08/32
9387,VISA 13 digit,Paul Henderson,4568547352814095,018,12/31
9388,JCB 16 digit,Mary Bowers,4825656881204,298,07/33
9389,VISA 19 digit,Joe Sanchez,676330560191,327,04/32
9390,Maestro,Gabriel Velazquez,630477188001,0337,03/34
9391,Diners Club / Carte Blanche,Julia Harris,2252131910609118,273,12/26
9392,Diners Club / Carte Blanche,Tina Morris,4248418701604,282,10/31
9393,Diners Club / Carte Blanche,Robert Cox,3596815993273817,121,01/35
9394,VISA 16 digit,Paula Sosa,4394082555792328,040,08/26
9395,VISA 13 digit,Scott Herrera,213122004231721,831,11/33
9396,VISA 13 digit,Zachary Adams Jr.,3510644928877580,698,12/31
9397,VISA 16 digit,Jason Riley Jr.,6011618253520889,128,11/27
9398,VISA 19 digit,Keith Mclaughlin,4597080140227771,252,06/34
9399,Mastercard,Donna Chambers,676262610634,832,01/31
9400,VISA 13 digit,Lauren Williams,502018354246,362,08/26
9401,Discover,Michael Rivas,060407290448,539,05/33
9402,Diners Club / Carte Blanche,Kimberly Morgan,375036096773594,424,01/36
9403,Discover,Ashley Walker,373953594696642,415,01/28
9404,JCB 16 digit,Paula Davis,213190746991043,548,09/31
9405,VISA 19 digit,Amanda Fletcher,2266848573487185,466,01/32
9406,JCB 16 digit,Dawn Walsh,3562156269756098,509,02/34
9407,VISA 16 digit,Elizabeth Thompson,3555495703313960,579,11/33
9408,JCB 15 digit,Christina Elliott,4888868068961977,4051,04/31
9409,JCB 16 digit,Eric Bolton,4223667401965033218,967,07/26
9410,Diners Club / Carte Blanche,Kenneth Glover,4438451824918980,849,03/34
9411,VISA 16 digit,Amy Aguilar,3573555213343829,471,08/31
9412,JCB 16 digit,Alexander Hardy,36847678629918,088,04/27
9413,Mastercard,Robert Keller,2253426881631375,428,11/27
9414,American Express,Jonathan Copeland,5595045781505685,4680,04/33
9415,JCB 15 digit,Edwin Hartman,4624146903758631660,212,06/27
9416,JCB 16 digit,David Davis,4890289752088330,671,11/31
9417,Diners Club / Carte Blanche,Alejandro Pham,2700601908126356,063,03/28
9418,Diners Club / Carte Blanche,Erica Blair,3560856858762124,042,12/30
9419,VISA 19 digit,Marissa Herrera,4126439667444,3152,01/32
9420,VISA 19 digit,Jose Bell,4035364928343,074,06/35
9421,JCB 16 digit,Taylor Cardenas,6011824009436509,228,10/35
9422,American Express,Katie Nicholson,36072303303843,695,05/34
9423,Mastercard,Christie Howard,3569139458597211,2100,12/31
9424,VISA 13 digit,Bill Erickson,4396159162389109229,423,01/31
9425,JCB 15 digit,John Fields,4043563398741371408,807,10/30
9426,Diners Club / Carte Blanche,Vickie Joseph,3599896019482282,425,11/26
9427,VISA 19 digit,Raymond Wise,372754676451083,060,12/32
9428,JCB 15 digit,Ashley Patrick,675963201222,520,01/33
9429,VISA 13 digit,Joan Becker,3507672409852504,431,01/33
9430,VISA 19 digit,Daniel Brown,377833473313665,853,05/29
9431,VISA 16 digit,Heather Mcknight,2385047024043558,482,01/32
9432,American Express,Latasha Miller,570107742555,566,02/29
9433,VISA 13 digit,Tamara Henderson,4613522674567858,762,12/30
9434,Mastercard,Sherry Mitchell,6011712421102991,024,12/33
9435,VISA 19 digit,Kathleen Torres PhD,4578420249027107,6994,01/30
9436,Discover,Travis Morgan,4189818313796588750,503,10/27
9437,VISA 16 digit,Mark Baldwin,4900225341531446,306,10/35
9438,VISA 19 digit,Mr. Todd Lam,3523684189594610,4249,03/31
9439,JCB 16 digit,Nathaniel Stevens,4840421201455528,613,01/36
9440,Mastercard,Joseph Bates,5389104408288223,972,12/32
9441,Maestro,Sean Kim,4904876906237302,357,03/32
9442,VISA 13 digit,April Patterson,3515121687409876,572,04/29
9443,VISA 16 digit,Diana Hernandez,4393929796843099,434,11/26
9444,Discover,Jerry Fletcher,3558336995470224,510,10/32
9445,American Express,Mr. Justin Munoz,30009231047833,674,05/31
9446,VISA 19 digit,Corey Lawson,180051652661344,909,01/31
9447,JCB 16 digit,Amy Smith,345882780552878,018,12/29
9448,American Express,Brittany Mejia,2702873751872489,0540,03/30
9449,Diners Club / Carte Blanche,Jack Ross,6572164767695223,510,08/34
9450,Diners Club / Carte Blanche,Krista Adams,3550050459679760,852,05/26
9451,JCB 16 digit,Samuel Torres,180065581196974,432,11/29
9452,JCB 16 digit,Darius King,3509812518935810,576,02/26
9453,Maestro,Mrs. Sara Smith MD,4809991103559849529,807,01/35
9454,VISA 16 digit,Melissa Cook,4527358039639958,237,01/36
9455,VISA 13 digit,Jennifer Obrien,6592993771691331,474,09/32
9456,VISA 16 digit,Tamara Hancock,375720478509870,251,10/26
9457,American Express,Carlos Leonard,3562692897586648,838,08/35
9458,VISA 13 digit,Kimberly Ellis,4426275055658,109,05/27
9459,JCB 16 digit,Cynthia Clark,2338563824280115,334,09/26
9460,Maestro,Jessica Martinez,4147251426029620,890,01/36
9461,Mastercard,Dana Howard,349442289058665,285,06/30
9462,VISA 13 digit,Lisa Mcdonald,4591761410530958929,876,03/28
9463,VISA 19 digit,Dr. Joshua Decker,501855125339,016,03/34
9464,VISA 13 digit,Rebecca Allen,2236158805296413,528,12/26
9465,VISA 16 digit,Gabriel Valdez,3568541017087876,657,11/35
9466,JCB 16 digit,Bryce Larsen,3536238196054590,643,06/32
9467,JCB 15 digit,Christopher Hatfield,6597757613563569,132,09/34
9468,American Express,Mary Manning,180004885854616,085,05/29
9469,VISA 16 digit,Michelle Bennett,4689567671134953,443,07/27
9470,VISA 13 digit,Joshua May,6011258585562760,177,02/29
9471,Maestro,Shane Williams PhD,213116103696107,063,10/26
9472,VISA 13 digit,Melanie Gibson,561924969711,424,10/26
9473,Mastercard,Jennifer Rasmussen,180097213291147,572,01/29
9474,American Express,Ivan Martin,4044654863091272,021,07/29
9475,Maestro,Tara Williams,2288232943340032,116,08/35
9476,Diners Club / Carte Blanche,Michael Lee,30562950266166,969,02/28
9477,American Express,Linda Mendez,213113733342749,249,10/26
9478,VISA 19 digit,Cole Schmidt,38970000143560,831,09/29
9479,VISA 19 digit,Crystal Crosby,3532035995794143,257,03/29
9480,VISA 16 digit,Ashley Martinez,2282818602748055,262,07/32
9481,Mastercard,Karen Cervantes,6509765268359057,7665,06/30
9482,Mastercard,Aaron Terry,4414568166506142621,173,04/33
9483,Discover,Kimberly Duran,213198176414063,155,03/30
9484,VISA 16 digit,Ms. Karen Hardin,349110989099236,462,03/34
9485,VISA 13 digit,Jeffrey Smith,4174370212073547,431,06/32
9486,Mastercard,Jon Smith,3586966744179563,297,06/27
9487,Diners Club / Carte Blanche,Kyle Logan,2270767725839263,224,10/29
9488,VISA 16 digit,Zachary Evans,4803428847331496092,792,06/34
9489,JCB 15 digit,Adam Ramirez,4601339507316252,672,09/30
9490,VISA 16 digit,Carrie Edwards,213195357471565,993,10/29
9491,JCB 16 digit,Anne Ballard,676344909996,683,04/33
9492,Diners Club / Carte Blanche,Amanda Taylor,377261651612635,556,08/32
9493,VISA 16 digit,David Ferguson,180075246875276,641,01/33
9494,VISA 16 digit,Thomas Lutz,4364179225539810,145,06/26
9495,Diners Club / Carte Blanche,Maurice Bradley,583019402200,431,10/33
9496,American Express,Richard Doyle,3566983194955958,1688,12/32
9497,VISA 13 digit,Paul Banks,3507689184841072,947,11/28
9498,Discover,Brittney Martinez,4012031451152626,016,03/31
9499,American Express,Stephanie Jackson,4460932291448,696,12/34
9500,Discover,Anthony Graves,376050407473116,500,06/33
9501,JCB 15 digit,Mrs. Christine Briggs,4754742956509,442,11/33
9502,VISA 16 digit,Chad Davis,6594779361189812,876,08/26
9503,JCB 16 digit,Matthew Wise,4859945015722457,935,01/35
9504,Diners Club / Carte Blanche,Mark Wagner,3573633530605863,898,10/29
9505,American Express,Michael Hutchinson,2250508846714181,284,10/35
9506,VISA 19 digit,Cynthia Morrison,30291653235340,511,03/27
9507,VISA 19 digit,Sandra Hess,345757460878019,054,09/26
9508,Diners Club / Carte Blanche,Brandon Contreras,30358624985962,381,10/32
9509,VISA 19 digit,Jennifer Singh,4265143698087,114,11/34
9510,Discover,Mark White,4037538977479,738,04/28
9511,JCB 16 digit,Sarah Kennedy,180087549331550,631,11/34
9512,JCB 16 digit,Isabel Ibarra,676115326255,593,03/30
9513,VISA 19 digit,Judy Campbell,6011591316753815,1219,01/31
9514,Discover,Amy Vang,346875930795966,075,11/29
9515,VISA 13 digit,Sean Hughes,3530437727326149,444,11/30
9516,American Express,Ronald Fuentes,4559903033327023578,072,02/29
9517,JCB 16 digit,Jay Bowman,4653811000879845239,996,02/31
9518,VISA 19 digit,Chad Clayton,6510986937584795,160,03/27
9519,JCB 16 digit,Karen Acevedo,4258554190251071,113,11/27
9520,JCB 15 digit,Mark Barnes,3585184145095369,184,04/26
9521,Maestro,Regina Bush,2251627760994360,856,08/34
9522,VISA 16 digit,Alison Woods,3563314255386177,658,04/27
9523,JCB 16 digit,Robert Thomas,4724756886962186,144,01/28
9524,JCB 16 digit,Brett Martinez,346003558958218,5208,05/31
9525,Diners Club / Carte Blanche,Joshua Carter,4659140807396,612,02/35
9526,JCB 15 digit,Carol Lewis,4766461642082002,277,05/33
9527,VISA 16 digit,Luis Oconnell,4954544149895,095,02/30
9528,VISA 16 digit,Larry Pineda,4796324533909,956,08/31
9529,JCB 16 digit,Kelsey Campbell,4067365759843344,944,04/34
9530,JCB 16 digit,Michael Gonzalez,6011108362480795,902,06/26
9531,Mastercard,Connie Lee,4890805290152796433,912,06/32
9532,VISA 19 digit,Madison Singleton,2284105839249943,478,10/33
9533,Diners Club / Carte Blanche,Michael Ross,180095440265280,322,06/28
9534,Discover,Julia Wilkins,676165095842,139,07/34
9535,VISA 13 digit,Daryl Wong,4146514381925749,488,10/31
9536,JCB 15 digit,Stacy Stanley,344801305274868,734,01/36
9537,Mastercard,Kenneth Taylor,6011472263169844,552,12/30
9538,VISA 19 digit,Brooke Terry,375645845400877,7594,12/29
9539,Diners Club / Carte Blanche,Richard Strickland,2716388442923157,830,06/33
9540,VISA 16 digit,Kyle Mcdonald,4214751966488514,583,10/30
9541,JCB 16 digit,Autumn Dawson,2227767179821423,885,01/27
9542,VISA 13 digit,Jesse Crawford,4916287943448793,863,10/34
9543,Discover,Bryan Rogers,180055954457749,658,03/34
9544,JCB 16 digit,Manuel Cruz,503879398496,548,06/33
9545,Diners Club / Carte Blanche,Mary Castillo,30519396418157,763,04/29
9546,JCB 16 digit,Monica Green,675924909244,918,11/31
9547,Maestro,Pamela Turner,4120077411362938333,642,03/29
9548,JCB 16 digit,Barry Johnson,345703868093413,169,09/31
9549,JCB 16 digit,Mrs. Rebecca Woods,4564182655903,834,05/28
9550,JCB 16 digit,Christopher Garcia,3554278477365205,116,05/30
9551,JCB 16 digit,Jessica Bruce,6503929410490949,011,08/26
9552,Diners Club / Carte Blanche,David Jones,4591128315106415,837,03/30
9553,VISA 19 digit,Dr. Mary Holloway,30180223427695,222,11/34
9554,Discover,Christopher Munoz,6011997825189179,421,10/27
9555,JCB 15 digit,Monica Richardson,502009236311,036,11/31
9556,VISA 16 digit,Katie Hobbs,180045599687248,720,09/28
9557,VISA 13 digit,Charles Cole,347667069569216,039,04/26
9558,Mastercard,Isabel Vega,4366031250797466,289,02/36
9559,JCB 16 digit,Samantha Miller,4016818774699,4028,06/28
9560,Maestro,Amanda Campbell,6011678261563578,096,09/35
9561,VISA 16 digit,Katelyn Quinn,3547232659318490,255,02/30
9562,VISA 13 digit,Michael Smith,180069487049865,272,02/29
9563,JCB 16 digit,Joshua Thornton,342865147515699,490,05/26
9564,Diners Club / Carte Blanche,Christina Maldonado,180029168749324,155,08/32
9565,VISA 13 digit,Madison Lopez,213181655135771,390,03/32
9566,JCB 16 digit,Charles Sanchez,4660196340442994,063,03/28
9567,American Express,Jade Wyatt,4565287346031273,398,12/26
9568,Discover,Jasmine Singh,3570901939031525,120,10/30
9569,VISA 16 digit,Jenna Mejia,30084052159173,921,02/32
9570,Discover,Crystal Smith,373652422294485,878,02/27
9571,Maestro,Stacy Rogers,371421069781036,867,12/28
9572,Maestro,Allen Stanley,4718443622423856672,157,02/29
9573,Discover,Sean Calderon,676255972165,811,10/33
9574,VISA 16 digit,Joseph Lopez,2701337693216438,689,08/35
9575,Maestro,Anna Gonzalez,5363647045848403,515,05/34
9576,VISA 16 digit,Michael Graham,3561240463068772,197,04/27
9577,Maestro,Matthew Watson,36703455276102,869,01/30
9578,JCB 16 digit,Scott Stout,6560684140893801,311,07/30
9579,JCB 15 digit,Stephanie Weber,2223743822951028,9660,03/31
9580,VISA 16 digit,Charlene Bell,213161268119404,975,09/33
9581,Discover,Matthew Harding,4550007657796811016,308,03/33
9582,VISA 19 digit,Christina Acosta,3528790381176091,009,12/30
9583,Maestro,Eric Drake,4056006938541126986,769,05/32
9584,JCB 16 digit,Jeffrey Camacho MD,30445352035290,470,11/27
9585,VISA 16 digit,Isaiah Leach,582770286828,992,02/33
9586,JCB 15 digit,Lori Campbell,4411121946348033,361,02/32
9587,Maestro,Carrie Holden,3570591564958017,150,08/28
9588,VISA 16 digit,Marilyn Williams,6011568814070363,390,04/27
9589,Discover,Edward Johnson,503868242994,267,08/30
9590,JCB 16 digit,Jessica Carpenter,3564809552917367,345,01/27
9591,Diners Club / Carte Blanche,Peter Martinez,4296027291251492,872,06/28
9592,JCB 15 digit,Matthew Santos,30135177292016,192,02/35
9593,JCB 16 digit,Joshua Murphy,4907317156264115,639,12/32
9594,VISA 19 digit,Charles Washington,5471555454459811,267,09/30
9595,JCB 16 digit,Brooke Bean,3575298431912970,851,10/30
9596,Discover,William Moore,4920273983982198675,251,09/33
9597,Mastercard,Sandra Lopez,3558332337263864,4905,08/35
9598,Diners Club / Carte Blanche,Susan Taylor,3555109001926130,538,01/34
9599,American Express,William Charles,213106141211373,158,11/31
9600,American Express,Alison Middleton,6011185680685255,076,08/31
9601,Mastercard,Patricia Schwartz,4975850581656726,3223,12/30
9602,Diners Club / Carte Blanche,Leah Smith,2720319672594644,090,10/31
9603,Discover,Lisa Hunter,3584397060060538,8298,01/31
9604,VISA 19 digit,Frank Hayes,2239356466743122,802,12/28
9605,American Express,Sandra Hernandez,30447609985699,753,08/34
9606,JCB 16 digit,Roberto Hall,4796977286643860,407,11/27
9607,JCB 16 digit,Robert Hunt,4482398292022966,592,09/34
9608,Maestro,Joseph Brown,3595568883007305,649,04/28
9609,VISA 16 digit,Billy Wilson,213140856947186,141,11/34
9610,JCB 16 digit,Dr. Christina Williams,4746225567106906200,435,02/29
9611,American Express,Meghan Johns,4290728905753000656,547,09/31
9612,VISA 13 digit,Marissa Jefferson,4583394424106,345,09/26
9613,Mastercard,Brent Dean,567722218227,543,12/33
9614,American Express,Kristi Mitchell,6011863974938974,095,06/28
9615,VISA 16 digit,Valerie Dougherty,3551134727303103,6185,01/33
9616,Discover,Susan Johnson,36314675748514,601,01/36
9617,JCB 15 digit,Richard Mitchell,4471509469232270548,481,09/32
9618,Diners Club / Carte Blanche,Kelly Phillips,2675903126322424,285,12/34
9619,VISA 16 digit,William Robinson,376105714198986,711,05/35
9620,Mastercard,Michael Vazquez,4726221267376,459,01/34
9621,JCB 15 digit,Isaiah Stephens,3507606361931732,2955,06/27
9622,American Express,Austin Miller,4172460313011,3892,06/33
9623,Mastercard,Lisa Smith,180035404877084,828,04/35
9624,JCB 16 digit,Monica Dixon,30400465632939,488,12/26
9625,VISA 19 digit,Rebecca Jimenez,503833465274,579,06/26
9626,VISA 16 digit,Keith Jackson,3520097695171471,178,04/35
9627,VISA 13 digit,Nicole Walker,30082455606477,179,02/26
9628,JCB 16 digit,Audrey Collins,4111424449671049,422,11/31
9629,Discover,Anthony Chavez,30206081972983,829,07/27
9630,Diners Club / Carte Blanche,Derrick Chase,346720415512595,903,06/30
9631,Mastercard,Samantha Flores,4854600260216,528,03/27
9632,JCB 16 digit,Lisa Elliott,4856201507183508,825,10/35
9633,JCB 16 digit,Christina Young,213194580189854,935,01/30
9634,Discover,David Macias,213164885764651,288,07/34
9635,VISA 19 digit,Jessica Nielsen,4946758187236616677,182,03/34
9636,Diners Club / Carte Blanche,Matthew Rich,4816862567237770,136,02/33
9637,Mastercard,Michael Taylor,3588892113582922,342,06/29
9638,Mastercard,Donald Roberts,180016827002583,809,07/26
9639,American Express,Tara Wells,3536563870633546,870,12/34
9640,Diners Club / Carte Blanche,Martin Murray,3517478265468502,030,07/26
9641,Discover,Steven Silva,3581093504804762,671,10/30
9642,VISA 13 digit,Marissa Wade,3542302383562559,483,08/32
9643,JCB 16 digit,Francis Kelly,3540587571671731,7423,01/30
9644,American Express,Connie Lopez,378236540221524,996,09/26
9645,VISA 19 digit,Victoria Phillips,4068706839638221,860,02/34
9646,Maestro,Charles Mayer,4332842639257506,248,06/31
9647,American Express,Jennifer Williams,4525547259806,187,10/32
9648,VISA 16 digit,Alyssa Reyes,3586793137462475,149,05/26
9649,JCB 16 digit,Ray Brown,560632729128,942,11/29
9650,Maestro,Anthony Curtis,3591513946501930,249,07/32
9651,JCB 15 digit,Laura Roberts,4353868494955,338,10/27
9652,Maestro,Dr. Linda Valdez,4779447523916934,457,01/36
9653,Maestro,Angela Cervantes,213122857245380,133,09/32
9654,Diners Club / Carte Blanche,Emily Richards,4286462612365493,031,08/26
9655,VISA 16 digit,Crystal Elliott,3575494693089041,642,10/27
9656,Discover,Lawrence Perez,4615247759546233,301,02/33
9657,Mastercard,Julie Huang,3588925213102546,003,01/35
9658,Maestro,Samantha Kelley,38975959170704,066,02/29
9659,JCB 15 digit,Elizabeth Howell,630412231247,035,03/26
9660,Mastercard,Steven Walsh,4291409894882146867,013,04/29
9661,VISA 13 digit,Jane Krause PhD,3563353863397861,940,11/28
9662,Maestro,Heather Anderson,213117377194035,573,02/26
9663,VISA 16 digit,Michelle Gutierrez,4053192879497,874,10/32
9664,JCB 15 digit,Jessica Lee,3532064312348797,363,09/26
9665,VISA 16 digit,Sarah Lawson,577323156304,966,07/27
9666,VISA 16 digit,William Bentley,30158845345586,259,03/28
9667,Diners Club / Carte Blanche,David Vasquez,4554590656519875,338,12/27
9668,VISA 19 digit,Katherine Wade,30202442491482,992,10/31
9669,JCB 16 digit,Andrew Pugh,30452202222102,370,12/32
9670,JCB 16 digit,Rebecca Nichols,502088761494,407,08/32
9671,Discover,Jody Reynolds,340405832054076,001,04/35
9672,JCB 16 digit,Joshua Castillo,4287452851912203,707,03/34
9673,Mastercard,Brittany Martinez,6547903095248524,987,05/28
9674,Maestro,James Padilla,3570104758337632,166,03/31
9675,VISA 16 digit,Rachel Parker,2258424992897642,246,03/33
9676,Discover,Danny Reese,573054702671,430,10/30
9677,JCB 15 digit,Bailey Ortega,4798323987032087,175,03/32
9678,Mastercard,Alexander Gonzalez,4526200501989786483,124,01/35
9679,JCB 16 digit,Travis Walker,30029853803982,281,10/35
9680,VISA 19 digit,Jonathan Curtis,2261679817276513,7428,05/34
9681,American Express,Richard Adams,180026346097774,2401,12/35
9682,JCB 16 digit,Anthony Lee,4313399758536940,337,11/28
9683,VISA 13 digit,Jennifer Beltran,4464245234023465,110,12/33
9684,JCB 16 digit,Mercedes Phillips,349296901050355,182,11/29
9685,VISA 16 digit,Yolanda Kennedy,213185015159579,318,01/33
9686,VISA 16 digit,Daniel Wade,4543385965014674,858,07/31
9687,VISA 16 digit,Clarence Murphy,4472839961130150714,598,12/32
9688,VISA 19 digit,Katherine Wood,4471648214157405964,104,06/35
9689,VISA 13 digit,Michael Blair,2232450852460305,310,09/26
9690,VISA 16 digit,Devin Whitehead,4186871753608746,105,02/32
9691,JCB 16 digit,Riley Hart,3505130475535331,582,10/33
9692,Maestro,Pedro Hernandez,38897810963467,312,04/28
9693,JCB 15 digit,Sheila Adams,3527469657759127,308,02/28
9694,VISA 19 digit,Brittney Kim,373033739597490,944,05/34
9695,JCB 16 digit,Andrew Kirk,5410257336080964,693,11/28
9696,JCB 16 digit,Ronnie Davidson,2263413061626530,233,11/33
9697,VISA 13 digit,Kathryn Ramos,502022626886,075,03/35
9698,VISA 16 digit,Gregory Brooks,3525272202611229,874,09/32
9699,VISA 16 digit,Juan Moore,348762103339780,297,07/29
9700,VISA 19 digit,Amanda Robinson,213138584048525,7371,10/28
9701,Discover,Ryan Jimenez,180007074207074,796,05/26
9702,JCB 16 digit,Kayla Ellis,3589883706587773,824,04/34
9703,American Express,Michael Hines,370894508920657,534,03/31
9704,JCB 16 digit,Brian Barber,6583675780655859,468,03/26
9705,JCB 16 digit,Debra Lee,6011057265037865,353,05/30
9706,Diners Club / Carte Blanche,Nicole Foster,3561722057258646,024,12/28
9707,Mastercard,John Bailey,2232528239782960,733,10/31
9708,Discover,Michael Sanchez,340715998660213,7440,09/31
9709,VISA 13 digit,Jamie Key,2313504491454582,525,05/32
9710,VISA 16 digit,Shane Ferrell,4251752429037209331,508,06/33
9711,Mastercard,Michelle Peterson,30538776770052,5320,02/34
9712,Discover,Bradley Alvarado,342386160878047,2249,02/30
9713,JCB 15 digit,John Garcia,4016853277990129,122,04/32
9714,JCB 16 digit,Kimberly Anderson,3576506496462262,427,01/29
9715,Discover,Christopher Jenkins,4610765975899429716,309,04/28
9716,JCB 15 digit,Charles Webb,6011251108282263,018,08/28
9717,Mastercard,Jillian Burke,4631635578626,048,12/31
9718,Maestro,Sandra Jones,3539588155347949,116,01/31
9719,Maestro,Michael Barnes,4312015649401984,789,07/31
9720,American Express,Sandy Barnes PhD,3502164397872467,332,05/26
9721,VISA 19 digit,Justin Taylor,6588223555279244,851,01/32
9722,VISA 13 digit,Kevin King,577190955895,845,04/30
9723,VISA 16 digit,Christopher Wood,6011168837506681,140,04/32
9724,JCB 16 digit,Phillip Jones,4975911926109472,857,03/31
9725,VISA 19 digit,Connie Dudley,376627188595447,974,07/31
9726,VISA 16 digit,Chad Day,4673839061175379808,522,05/31
9727,American Express,Shelly Garcia,347554756691414,8354,11/30
9728,VISA 16 digit,Jennifer House,180045600521360,355,04/35
9729,JCB 16 digit,Michael Ferguson,5538251401123772,744,11/28
9730,JCB 16 digit,Julie Jackson,180056463860340,891,01/27
9731,Discover,Miss Angela Marshall,4747801114978,418,08/32
9732,Diners Club / Carte Blanche,Robert Clark,3505803349887050,861,09/30
9733,Diners Club / Carte Blanche,Chad Mccullough,4892220121440074,349,02/35
9734,American Express,Beth Flores,348652827451500,671,07/26
9735,Maestro,April Ellis,349540380186747,707,03/35
9736,Diners Club / Carte Blanche,Joseph Arnold,30569672430772,149,12/26
9737,Mastercard,Joshua Camacho,4421312805436773,302,03/29
9738,VISA 13 digit,Nathan Krueger,3513660945708514,263,07/29
9739,JCB 16 digit,Brandon Edwards,4323903130601575512,776,09/32
9740,JCB 16 digit,Kevin Sullivan,4669071960403,464,05/26
9741,Mastercard,Jesse Lin,2265101748163518,155,07/27
9742,Discover,Anne Keller,213133306492374,973,05/33
9743,JCB 16 digit,William Escobar,4554812714674623562,834,04/27
9744,VISA 19 digit,Wesley Cross,5135709003440875,363,12/31
9745,American Express,Courtney Gardner,3527407055967173,415,03/35
9746,American Express,Laura Henry,4733750859623,452,04/28
9747,Diners Club / Carte Blanche,Christopher Stewart,6011815821226912,576,03/35
9748,Maestro,Michael Lyons,4043991725470,280,05/29
9749,JCB 15 digit,Jillian Luna,30322589628116,812,05/33
9750,Mastercard,Mary Vang,4672357942703466,556,08/26
9751,VISA 16 digit,Thomas Banks,4072285706259866096,860,08/28
9752,VISA 16 digit,Rachel Bishop,3534611296011151,496,11/33
9753,VISA 16 digit,Ann Yoder,4614985818584940,104,02/35
9754,VISA 19 digit,Anna Cox,3570596923843156,559,05/32
9755,JCB 15 digit,Stacy Patrick,3567747996720335,487,04/30
9756,VISA 13 digit,Thomas Hudson,2661810907773236,743,08/34
9757,Diners Club / Carte Blanche,Brian Prince,6011908310616840,494,06/27
9758,JCB 16 digit,Victor Larsen,4288731889607698,4811,01/27
9759,Discover,Andrea Beltran,3589208551376710,047,01/31
9760,JCB 16 digit,Andrew Torres,4381010716210083,562,08/29
9761,JCB 15 digit,Nicholas Thomas,3544321740482648,580,08/28
9762,American Express,David Riggs,6011191948931960,353,04/28
9763,VISA 19 digit,Jessica Williams,4971276108250914,936,05/35
9764,JCB 16 digit,Claudia Schmidt,4476787035605756,038,02/28
9765,VISA 16 digit,Eric Nielsen,4312292419269,2275,05/26
9766,VISA 16 digit,Susan Serrano,30449886562456,643,04/31
9767,American Express,Jamie Reynolds,6531308812197764,016,08/33
9768,American Express,Brett Blair,213132244403501,938,11/26
9769,VISA 16 digit,Holly Munoz,4889759672765004,669,05/30
9770,Discover,Kenneth Romero,6589101899087359,376,08/32
9771,Discover,Jessica Guerra,3508068155624438,799,06/26
9772,JCB 15 digit,Mary Nelson,2720279195627455,742,02/31
9773,Maestro,Denise Lee,2298918877103101,003,05/34
9774,Diners Club / Carte Blanche,Jorge Perez,5340905972250581,690,08/29
9775,Mastercard,Patrick Castillo,2707789953186210,437,04/29
9776,Diners Club / Carte Blanche,David Sanchez,3595979059917864,979,05/26
9777,VISA 13 digit,Courtney Jones,3509954956196792,342,12/26
9778,VISA 19 digit,Amy Williams,2231275150332307,845,06/26
9779,JCB 16 digit,Priscilla King,4811668497456378261,5257,10/33
9780,JCB 16 digit,Craig Robinson,4331132326493131036,675,05/29
9781,Diners Club / Carte Blanche,Amber Miller,4115318089136378,623,09/33
9782,Maestro,Micheal Becker,4171979172646697,6656,06/26
9783,Diners Club / Carte Blanche,Candice Collins,38954234976540,283,05/34
9784,VISA 16 digit,Jason Glass,3575954140410553,622,09/27
9785,VISA 13 digit,Angela Burgess,347358755434556,206,04/28
9786,JCB 15 digit,Michael Sandoval,3561079895885266,956,09/35
9787,Mastercard,Mary Rich,4791995901184273353,093,04/33
9788,VISA 16 digit,Amber Weber,3596681571405175,174,05/35
9789,Diners Club / Carte Blanche,Lisa Morrison,4218099922639887,843,07/33
9790,Diners Club / Carte Blanche,David Hall,4340606887145929281,639,01/32
9791,VISA 16 digit,Katelyn Espinoza PhD,6586299011831341,629,12/28
9792,Discover,Samuel Harper,3549643826089319,713,06/32
9793,JCB 15 digit,Kevin Atkinson,2502907761581474,1819,10/26
9794,JCB 16 digit,Christopher Moore,4130749651693571,595,09/31
9795,VISA 16 digit,Henry Cabrera,4320962277565772,809,09/34
9796,VISA 13 digit,Scott Melendez,3579660165030210,465,05/30
9797,Mastercard,Natalie Morris,3558166090125583,459,02/31
9798,VISA 19 digit,Rachel Woodard,3514766393331136,454,10/30
9799,VISA 16 digit,Michele Murray,2287072248404880,178,01/29
9800,Diners Club / Carte Blanche,Melissa Harris,588252992981,1945,05/31
9801,VISA 16 digit,Larry Parsons,4006616402791072,914,09/28
9802,VISA 19 digit,Jacob Cooley,30145506256095,695,04/26
9803,JCB 16 digit,Jacqueline Bradley,3566575398718826,870,04/26
9804,VISA 19 digit,Edward Collins,4977443555157440804,459,07/31
9805,VISA 16 digit,Robin Pineda,2719541798351277,433,06/28
9806,American Express,Steven Gonzalez,3552612378478240,730,10/26
9807,Discover,David Griffin,4159599065480883438,085,01/35
9808,VISA 19 digit,Lisa Peters,3572140911053136,846,10/26
9809,JCB 16 digit,Anthony Hall,2293302235129584,673,12/34
9810,American Express,Jared Garcia,3535308547059290,747,02/30
9811,JCB 16 digit,Monica Nelson,2225923209021169,554,09/31
9812,VISA 16 digit,Marc Robertson,3502278386261332,424,02/34
9813,Diners Club / Carte Blanche,Mark Browning,4306025263799868,814,01/32
9814,Maestro,Lucas Harper,502056104107,640,08/32
9815,VISA 16 digit,Holly Miles,2236075600284982,784,06/27
9816,Maestro,Shawn Walker,345526615283981,054,03/27
9817,American Express,Lisa Evans,213181481775386,707,10/27
9818,VISA 16 digit,Paul Yu,4996402378993394,224,03/34
9819,Mastercard,Megan Murray,374635379103170,298,02/28
9820,Diners Club / Carte Blanche,Allen Villarreal,676369646481,051,10/26
9821,JCB 15 digit,John Davis,3505023800841708,064,11/32
9822,American Express,Tyler Mitchell,6584468214796831,778,12/26
9823,VISA 13 digit,Christina Jackson,3597284926345391,349,01/29
9824,Mastercard,Christopher Hernandez,30436160556890,321,08/28
9825,JCB 16 digit,Grace Lee,213191131634909,657,02/26
9826,American Express,Andrew Jimenez,3554790542231816,874,03/33
9827,Diners Club / Carte Blanche,Michele Myers,503854815563,6164,02/27
9828,American Express,Eric Bailey,180046923531771,9423,08/33
9829,JCB 16 digit,Michele George,3529822980162419,991,12/26
9830,VISA 16 digit,Michael Morgan,6524338348997360,041,08/35
9831,VISA 13 digit,Peter Mccann,180069300145221,584,03/29
9832,VISA 13 digit,Jenna Young,630488289244,158,04/32
9833,JCB 15 digit,Taylor Randall,3566980886183485,318,06/32
9834,VISA 13 digit,Savannah Shannon,4696934134978791,738,10/27
9835,American Express,Barry Graham,3571340658375897,516,07/31
9836,Mastercard,Thomas Small,2285632529341986,301,05/26
9837,JCB 16 digit,Benjamin Scott,4085528389304,099,11/35
9838,Mastercard,Amanda Harrison,180069415078168,636,01/33
9839,VISA 16 digit,Timothy Dyer,4341154514551527,3078,12/35
9840,VISA 16 digit,Robert Gould,4129686101711822,015,12/28
9841,VISA 16 digit,Terry Jensen,4908073462418,667,11/30
9842,VISA 19 digit,Frank Guzman,4584644938192,466,03/29
9843,JCB 16 digit,Laura Edwards,3565942454087341,295,07/28
9844,VISA 16 digit,Jacqueline Robbins,347692704661509,543,05/31
9845,JCB 16 digit,Laurie Allen,4624431746133,551,11/33
9846,Mastercard,William Benson,4844402155011,881,10/26
9847,JCB 16 digit,John Clark,4539910367383667883,719,03/29
9848,VISA 16 digit,Laura Scott,6541215763889141,971,01/32
9849,VISA 19 digit,Jean Stewart,3541934200472157,962,12/30
9850,VISA 16 digit,Eric Wilson,3535932459325678,468,11/27
9851,JCB 16 digit,Larry Day,30338297654087,158,11/26
9852,JCB 16 digit,Jeffrey Foley,38842167841635,262,03/34
9853,JCB 15 digit,James Flores,3542412074851490,840,11/32
9854,Maestro,Marc Harvey,341982812390240,418,05/29
9855,VISA 16 digit,Joseph Ballard,4226312198348939,186,10/33
9856,JCB 16 digit,Faith Dominguez,4762718778548898,850,02/28
9857,Discover,Gregory Williams,38982671705858,701,09/31
9858,JCB 16 digit,Caleb Johnson,588069404634,670,08/32
9859,Mastercard,Taylor Orr,4483002823024660,319,10/31
9860,VISA 16 digit,Brooke Lin,38432830618469,5899,04/26
9861,VISA 16 digit,Thomas Nguyen,676114321984,135,10/30
9862,JCB 16 digit,Sara Arias,6011496581751967,016,12/32
9863,Mastercard,Omar Rodriguez,4314543643054796,836,04/31
9864,Diners Club / Carte Blanche,Maurice Morgan MD,30494419920870,673,09/32
9865,JCB 15 digit,Sean Haynes,180073972932684,891,08/26
9866,Discover,Richard Williams,2249436551813887,430,01/36
9867,JCB 16 digit,Jonathan Cole,4125899677507411544,631,03/32
9868,VISA 19 digit,Olivia Henry,4247129128106046,907,10/30
9869,Mastercard,Melissa Davis,4827763548213,278,05/33
9870,Mastercard,Rodney Frazier,375157646836671,340,02/27
9871,JCB 16 digit,Emily Wolfe,30235182866653,457,09/29
9872,Mastercard,Jeremy Williams,348931136257422,912,09/31
9873,VISA 16 digit,Linda Chaney,4569979160646328624,3347,10/33
9874,VISA 19 digit,Veronica Sharp,4906405677117,431,12/32
9875,JCB 15 digit,Chris Clark,180018879839284,025,12/33
9876,Discover,Ray White,3536920146320318,337,05/32
9877,JCB 16 digit,Scott Henry,5404984651840296,265,11/30
9878,VISA 19 digit,Barbara Butler,570479311310,7340,08/27
9879,VISA 13 digit,Jennifer Lane,4772239474856160,296,05/26
9880,American Express,Michael Velasquez,180025116090050,655,04/26
9881,Mastercard,Lori Thomas,4229098361129662,737,06/29
9882,VISA 16 digit,Sara Smith,4703310792636750,942,02/30
9883,VISA 16 digit,Timothy Henderson,4507811056250256618,542,08/34
9884,Discover,Anthony Jimenez,3576002523788796,117,03/34
9885,American Express,Amber Olson,4371892005985,676,01/36
9886,JCB 16 digit,Brian Smith,501816142340,480,01/35
9887,American Express,Robert Sanchez,3532684564530519,327,04/28
9888,VISA 16 digit,Brandi Martin,2578211427863429,396,02/27
9889,Maestro,Roberta Allen,377979827950528,988,06/26
9890,VISA 16 digit,Troy Smith,4991010510812,122,07/32
9891,Maestro,Carla Lawson,2267918897528573,833,04/29
9892,Mastercard,Yvonne Hicks,4876359216766918,9271,06/26
9893,Maestro,Kevin Crawford,2705883830970441,470,05/34
9894,VISA 16 digit,Rachel Johnson DVM,4604057955367629328,409,07/30
9895,VISA 16 digit,Lisa Cox,4365574740281,957,12/28
9896,Diners Club / Carte Blanche,Valerie Hill,502093366347,085,07/30
9897,Maestro,Laurie Armstrong,4648270751284596,565,07/31
9898,VISA 16 digit,Julie Rios,3515009135824699,226,11/30
9899,Discover,Curtis Sullivan,344900409156698,048,06/31
9900,Discover,Anna Peterson,4717741290341424220,8062,07/35
9901,VISA 16 digit,Brandon Kidd,374921084791859,375,04/35
9902,VISA 19 digit,Justin Vance,3516158353228916,409,12/31
9903,JCB 16 digit,Morgan Phillips,2221535411973351,7233,10/35
9904,VISA 16 digit,Maria Harrison,4633669603236786,8221,09/33
9905,JCB 16 digit,Dr. Kristine Walker,2718366070697382,792,04/27
9906,JCB 16 digit,Abigail Delgado,6011412243445294,564,02/27
9907,Diners Club / Carte Blanche,Regina Foster,3590774855659124,389,06/31
9908,VISA 13 digit,Paula Brown,6516442906123409,489,01/35
9909,VISA 19 digit,April White,30556727166196,828,01/29
9910,JCB 15 digit,Ann Harrison,4094426668364256,679,05/31
9911,Maestro,Thomas Christensen,4556409341598066753,238,09/31
9912,VISA 13 digit,Kaitlin Vang,6575171034138173,410,08/27
9913,JCB 16 digit,Dylan Smith,4925423395043233,546,04/27
9914,VISA 16 digit,Zachary Mcdowell PhD,4280643530876220438,8357,02/30
9915,Discover,Brandi Davis,3564294750373137,087,05/27
9916,VISA 16 digit,Jasmine Gray,4723830297131127749,104,10/34
9917,JCB 16 digit,Daniel Dunlap,4634913237238,290,11/33
9918,JCB 16 digit,Johnny Sims,374871232724056,825,05/33
9919,VISA 13 digit,Susan Riley,4580493095113087,393,11/32
9920,VISA 13 digit,Andrea Moss,3505937766879636,884,06/27
9921,Discover,Victor Pittman,377796919803443,568,11/34
9922,VISA 19 digit,Donna Dyer,4465515826980747,016,02/29
9923,VISA 19 digit,Sandra Green,503835308175,688,07/26
9924,VISA 16 digit,Leslie Nelson,348282267950983,2063,09/31
9925,JCB 16 digit,Crystal Simon,180048621053249,644,01/36
9926,Diners Club / Carte Blanche,Shawn Hahn,213149043028537,017,08/34
9927,VISA 19 digit,Dr. Raymond Campos,180045066948297,759,04/34
9928,VISA 13 digit,Michelle Martin,4628029011284422,3270,02/28
9929,JCB 15 digit,Rachel Baldwin,36962589344638,109,11/26
9930,Discover,Melissa Brown,4455671575520572,3254,08/28
9931,Maestro,Jeffery Johnson,4786468052641496,750,08/26
9932,VISA 13 digit,David Bryan,676284962898,220,11/28
9933,JCB 16 digit,Amber Martin,2287604080368789,312,09/32
9934,VISA 19 digit,Dawn Simpson,3515652583225206,671,10/27
9935,Mastercard,John Melton,2291248688986727,693,10/26
9936,VISA 19 digit,Rhonda Miller,6578852027603797,412,08/33
9937,Discover,Christopher Hayes,3580245544868980,896,08/33
9938,Diners Club / Carte Blanche,Kenneth Reid,213147313146666,456,07/32
9939,VISA 16 digit,Melissa Gilbert,3574502957895753,426,03/28
9940,Maestro,Dale Hester,3575009099566895,839,07/29
9941,Mastercard,Marc Brewer,4799801248030601,714,11/34
9942,VISA 16 digit,Tracy Long,4570275782071315492,540,05/29
9943,Discover,Jane Graham,4275737842355,253,02/29
9944,Mastercard,Christopher Navarro,4462401142641904,831,02/36
9945,VISA 16 digit,Jeffrey Sanchez,6011478845371634,540,10/30
9946,JCB 16 digit,Amanda Richardson,565347009526,907,10/31
9947,Maestro,Thomas Jones,3544525895763814,2467,07/30
9948,JCB 15 digit,Derrick Bradley,4502454202434,332,09/28
9949,American Express,Mrs. Cindy Collins,3559894069747355,737,04/28
9950,Mastercard,Teresa Pitts,4333618137310,129,11/33
9951,American Express,Robin Bryant,4908241785565784,688,04/29
9952,JCB 15 digit,Angela Hunt,4973888284017756,759,12/28
9953,VISA 16 digit,Linda Miller,503852741134,222,08/27
9954,Maestro,Tammy Collins,374318162858330,255,10/31
9955,Diners Club / Carte Blanche,Victoria Luna,3519413456466765,327,09/27
9956,Discover,Susan Maxwell,3550394053078403,782,11/28
9957,VISA 13 digit,Edward Mejia,378173554228717,338,03/28
9958,VISA 19 digit,Jeffrey Roach,4954270858981274,618,01/32
9959,VISA 16 digit,Jeffrey Dudley,4673446295057,714,09/26
9960,JCB 15 digit,Jonathan Pittman,30382207346319,671,07/34
9961,JCB 16 digit,Leah Keith,4785346194744021664,667,05/30
9962,JCB 15 digit,Colleen Hickman,4632015661372120962,068,06/35
9963,VISA 19 digit,Elizabeth Wolf,060436836575,103,10/29
9964,JCB 16 digit,Scott Ortiz,675985044048,928,06/31
9965,Mastercard,David Brewer,4780966236833444669,992,10/28
9966,VISA 19 digit,Harold Marks,213179825330520,709,12/33
9967,American Express,Colton Reyes,3562847734668682,003,10/32
9968,VISA 13 digit,Julie Romero,6540387885720339,093,01/27
9969,Discover,Tracy Dickerson,4539286892115,700,01/35
9970,Maestro,Stacy Horton,30490794225554,956,04/29
9971,Mastercard,Kathleen Mcgee,4787551693603577803,119,10/27
9972,JCB 16 digit,Rose Smith,3568329023916415,721,06/27
9973,VISA 19 digit,Paul May,588449286701,7458,05/32
9974,Discover,Joshua Williams,5341273188176051,495,10/27
9975,Diners Club / Carte Blanche,Robert Saunders,3536456041684102,486,11/33
9976,VISA 16 digit,Lisa Johnson,377040303214655,847,09/31
9977,JCB 16 digit,Shannon Carter,502029295149,760,02/28
9978,Maestro,Michelle Sherman,4952532307274921612,2279,11/30
9979,Mastercard,Brian Chen,6576719285415317,029,05/34
9980,VISA 19 digit,Ashley Lamb,4498935448490,022,05/34
9981,JCB 15 digit,Kimberly Garcia,4083718779619799,268,08/31
9982,VISA 16 digit,Angela Ramirez,4729404732323,824,11/27
9983,Mastercard,Suzanne Knight,180076182048605,771,02/33
9984,JCB 16 digit,Ryan Bradley,180000736457781,708,09/35
9985,Diners Club / Carte Blanche,Russell Trevino,676180086578,838,01/29
9986,JCB 16 digit,Tim Porter,180088097348863,700,01/32
9987,VISA 16 digit,Ricardo Park,3580924510022323,7705,08/26
9988,Mastercard,Diana Myers,375088810181489,275,10/29
9989,VISA 19 digit,Edward Davis,2448703248373867,6139,10/29
9990,Discover,Grace Martin,3542561630715803,688,01/28
9991,VISA 16 digit,Alexandra Bradley,4024603620937,7604,10/34
9992,VISA 19 digit,Tara Reid,30081141011001,689,07/26
9993,VISA 16 digit,Justin Gaines,4468543763303068,461,07/35
9994,Maestro,Hunter Bell,4908435095898,576,04/33
9995,Discover,James Hicks,060405555271,037,04/30
9996,JCB 16 digit,Alejandra Holt,36960029459412,835,04/31
9997,Maestro,Carrie Scott,180015796151991,000,04/30
9998,VISA 16 digit,Cheryl Thompson,4098377610511658,458,10/29
9999,VISA 19 digit,Jenny Davis,30222913774372,177,01/34
