index,card_provider,cardholder,card_number,cvv,expiry
0,American Express,Andrew Reid,4917670058364021,4769,04/27
1,JCB 15 digit,Melissa Jacobs,3593860535820595,630,07/28
2,JCB 16 digit,Sarah Williams,562248044900,037,10/34
3,Maestro,Stephen Johnson,374576805958052,345,11/27
4,American Express,Christina Coleman,2290792086516108,652,02/35
5,JCB 16 digit,Justin Benson,6011146359451379,0859,10/32
6,VISA 13 digit,Wayne Harper,3537836028694175,834,05/29
7,VISA 13 digit,James Rasmussen,4065997087724077,070,08/28
8,Maestro,Kathryn Simon,345096164076939,610,12/32
9,JCB 16 digit,Brandon Medina,4187512758422670,803,03/33
10,VISA 16 digit,Christina Fernandez,5588507459096841,651,03/34
11,Mastercard,Rebecca Newton,4537792984670154,501,11/34
12,Maestro,William Gilmore,3551291427173705,056,06/30
13,Mastercard,Ethan Johnston,4835862729485686,168,07/28
14,American Express,Daniel Rose,4900862645341292932,318,01/34
15,American Express,Heather Webb,4615317623818,217,08/31
16,Discover,Frank Price,4724869865533157,692,03/27
17,JCB 15 digit,Steven Griffin MD,2710244391178200,830,03/28
18,JCB 16 digit,Robin George,4891515606554,774,12/29
19,Discover,Jason Edwards,3513180016513792,3901,11/28
20,JCB 16 digit,Jessica Johnson,38871503111411,059,07/34
21,JCB 16 digit,Brian Pierce,4894962443009023227,6261,04/31
22,Mastercard,Tina Jones,2590659559387217,753,07/32
23,JCB 15 digit,Joshua Black,2241966951080974,220,10/27
24,JCB 16 digit,Kenneth Diaz,4500895662058460,972,08/33
25,VISA 16 digit,Lindsay Lyons,180087886498186,020,08/28
26,VISA 16 digit,Jose Buck MD,30155755770126,7405,05/29
27,JCB 15 digit,James Williams,343531025746926,4170,06/28
28,VISA 16 digit,Micheal Miller,582928742854,749,11/31
29,Diners Club / Carte Blanche,James Gray,2282215473465317,718,08/33
30,JCB 16 digit,Robert Wilson,5471525379765972,940,12/27
31,VISA 13 digit,Cheyenne Jordan,4576130703285339,569,07/32
32,JCB 15 digit,Leslie Carr,6597491277061211,220,12/31
33,Discover,Roger Duncan,213174929905756,957,05/26
34,American Express,Heather Jones,3558003160164251,456,07/33
35,JCB 16 digit,Brian Ford,4433839840369,137,06/35
36,JCB 16 digit,Nicole Rhodes,342460397583926,955,03/29
37,VISA 16 digit,Gary Krueger,374301320677446,926,09/29
38,Maestro,Stephanie Booth,568783944321,778,01/32
39,JCB 16 digit,Brittany Payne,4939651018308138,745,02/31
40,Mastercard,Leslie Carter,6011043925418190,148,06/31
41,American Express,Nathan Gilmore,341009470563882,668,01/29
42,VISA 16 digit,Alec Crawford,3544384998484245,992,05/30
43,VISA 16 digit,Donald Oneill,5229251078824151,589,01/29
44,VISA 16 digit,Stephanie Larsen,3512787968320363,016,11/27
45,JCB 16 digit,Aaron Cross,4295266994202722,852,05/28
46,Maestro,Jeremy Williams,3529320242691796,441,12/31
47,VISA 13 digit,Tammy Tucker,4733781645785,386,06/29
48,VISA 13 digit,Sheryl Jackson,2566192723037294,621,09/30
49,Discover,Helen Taylor,3507688965813565,903,04/27
50,VISA 16 digit,Donald Gonzalez,6011173586411547,664,12/30
51,JCB 16 digit,Sara Gilmore,30352886501203,591,08/34
52,American Express,Sharon Kelly,377625070244529,831,11/33
53,VISA 19 digit,Kimberly Walker,580468721114,511,02/28
54,VISA 13 digit,Judy Weiss,4883521372664705,436,04/27
55,VISA 16 digit,Adam Munoz,630458447665,3554,09/35
56,Discover,Erika Perkins,4506909733918869,944,10/26
57,Mastercard,Crystal Jones,4833891959868,045,03/34
58,VISA 13 digit,Taylor Mcpherson,4895573988617375,438,06/28
59,Maestro,Cassidy Alvarado,6011085552783495,820,02/31
60,American Express,Jennifer Brown,4392861456060278586,852,09/27
61,VISA 19 digit,Jennifer Kennedy,2652998932700927,807,05/32
62,VISA 16 digit,Richard Golden,4756011528773864871,736,08/31
63,JCB 15 digit,Matthew Cordova,4590589627948,147,03/28
64,JCB 16 digit,Mr. David Cross,345784158310535,394,08/29
65,VISA 13 digit,Sarah Boyle,2277979180694397,038,03/30
66,Discover,Samuel Duffy,6582773324657506,139,12/27
67,Mastercard,Robert Mcdonald,379542366940116,482,01/28
68,VISA 16 digit,Tiffany Livingston,6011461442884340,189,12/30
69,VISA 13 digit,Mrs. Margaret Bryant,3525454477035736,616,01/30
70,JCB 15 digit,Marc Acevedo,4363882423061401,858,11/29
71,Discover,David Trujillo,213186834823387,2467,04/27
72,VISA 16 digit,Leslie Garcia,3529020437976651,9270,04/35
73,VISA 16 digit,Tanner Gibbs,4414415082499213,025,03/26
74,VISA 16 digit,Brett Collins,180022120501297,519,07/27
75,JCB 15 digit,Kathryn Velazquez,3543092620282173,080,07/26
76,JCB 16 digit,Renee Dodson,4585801662937011082,185,08/30
77,JCB 16 digit,Nancy Payne,180026032707918,139,11/30
78,Mastercard,Amy Williams,3559789363036184,868,07/34
79,Diners Club / Carte Blanche,Amy Parrish,180003668000728,522,07/27
80,JCB 16 digit,Albert Carson,3530082776872401,296,02/34
81,Diners Club / Carte Blanche,Stephanie Hickman,346005315416141,187,11/35
82,VISA 16 digit,Allison Wilson,4440629968715447,752,09/34
83,VISA 16 digit,Kristie Hunter,30561686133922,693,05/27
84,Mastercard,Nicole Castro,4628632708041572502,019,05/34
85,Diners Club / Carte Blanche,Thomas Reese,30095813677196,210,03/34
86,VISA 13 digit,Alexander Williams,3592855954853532,920,01/31
87,VISA 19 digit,Toni Morgan,30560077149224,361,12/33
88,VISA 16 digit,Mary Franco,6011154527606627,963,06/29
89,JCB 16 digit,Melanie Moore,4308961113118,702,03/30
90,VISA 16 digit,Joshua Fletcher,3514625152322589,672,09/35
91,American Express,Michelle Martinez,3553593849760318,681,01/32
92,Maestro,David Bond,4366067239294,7389,01/33
93,VISA 13 digit,Paul Smith,4635496012641,887,03/35
94,Diners Club / Carte Blanche,Russell Hoffman,4886318683656182,433,03/29
95,Diners Club / Carte Blanche,Gloria Robinson,675971612360,453,01/28
96,JCB 15 digit,Deborah Vincent,4046643746065122,126,02/31
97,VISA 19 digit,Patricia Orr,4224431147758790,166,06/29
98,Mastercard,Caroline Mckinney,3504441494885602,575,04/33
99,Discover,Shawn Harris,2240771653164170,898,09/32
100,Mastercard,Rhonda Smith,4658115349954035,408,07/35
101,JCB 16 digit,Jennifer Boone,4558727096980204740,261,01/33
102,JCB 15 digit,Leslie Craig,4390038948924,1032,07/29
103,VISA 16 digit,Paula Bishop,4867697796848254,959,05/30
104,Diners Club / Carte Blanche,Mr. Joshua Figueroa,4415609975521849,234,07/29
105,Discover,William Russell,3553878848304501,865,02/28
106,Discover,Jerry Leach,3594893028468399,604,08/35
107,JCB 15 digit,Jill Smith,4480337138867659684,429,04/29
108,VISA 13 digit,Jerome Ellis,4784007695471077,910,03/35
109,American Express,Brooke Taylor,4319637017248680,790,01/31
110,VISA 16 digit,Christine Miller,676394439928,163,09/32
111,Mastercard,David Graham,4971960243940782,853,12/29
112,VISA 19 digit,Dr. Melanie Parker,347480566698144,480,10/27
113,Diners Club / Carte Blanche,Jaclyn Ryan,4078251960439816,763,06/32
114,JCB 15 digit,Ross Robinson DDS,4331160995784323,795,04/27
115,Maestro,Ashley Wright,503886254260,175,09/32
116,VISA 13 digit,Christopher Brown,3572838543622943,361,10/29
117,Diners Club / Carte Blanche,Becky Roman,2285710247506732,2504,09/28
118,JCB 16 digit,Jennifer Brown,180054105775711,338,12/33
119,VISA 16 digit,Crystal Williams,213116747175682,661,05/35
120,JCB 16 digit,Shannon Johnson,3546135021097604,377,01/33
121,Diners Club / Carte Blanche,Philip Palmer,4914804292526052,391,10/34
122,JCB 16 digit,Samantha Chan,378050255271115,535,07/28
123,Mastercard,Madeline Burton,213146696900772,661,10/33
124,VISA 16 digit,Joseph Castro,502000202395,624,12/34
125,JCB 16 digit,Patricia Johnson,379846918813030,251,10/30
126,Maestro,Paul Cochran,4495513400198681,764,05/27
127,VISA 19 digit,Brenda Mitchell,2720061743065366,972,10/34
128,VISA 16 digit,Brian Hicks,342393138034646,606,08/32
129,VISA 16 digit,Marco Martinez,4427038197638411,319,02/32
130,Mastercard,Pamela Crawford,4935055627411,818,10/33
131,VISA 16 digit,Taylor West,2557526726164327,583,07/30
132,JCB 16 digit,Lindsey Rodriguez,4784226349933692,879,12/29
133,Discover,Christopher Clark MD,4077628768379701,464,03/31
134,VISA 16 digit,Gregory Cole,2256124995318487,106,12/32
135,American Express,Robert Johnson,676395967869,081,03/34
136,JCB 15 digit,Dawn Griffin,4944685568284417,658,07/33
137,Maestro,Jacob Robinson,3532874601443152,997,02/26
138,Maestro,Melissa Woods,4205223065849,4119,05/31
139,Maestro,Aaron Colon,4018098012062804,781,08/28
140,Maestro,Alex Fischer,4376595227489869883,936,12/30
141,VISA 19 digit,Thomas Schmidt,30578318055620,905,09/34
142,JCB 16 digit,Amber Swanson,6548344241585874,810,11/32
143,VISA 16 digit,Emily Gomez,4516323269291,090,07/35
144,Discover,Tyrone Phelps,3522758807023615,358,06/27
145,VISA 13 digit,Laura Briggs,6011809978841854,643,06/32
146,Discover,Sherry Mendez,378284409259300,876,06/33
147,JCB 15 digit,Mark Butler,36611119969220,446,09/26
148,JCB 16 digit,Angela Steele,4264905714623371408,687,08/27
149,VISA 13 digit,Scott Russo,4142599619232,092,02/27
150,Discover,Debbie Oliver,213133837162470,573,05/34
151,JCB 16 digit,Daniel Green,060414017073,041,11/27
152,Mastercard,Michael Wood,3598029717439674,235,01/34
153,JCB 16 digit,Gary Shaw,4776575174890900,7771,04/32
154,VISA 13 digit,Edward Carter,3592920749953565,370,08/32
155,VISA 16 digit,Amanda Ortiz,4714040880491027,394,11/26
156,Discover,Tyler Coleman,4895079803929,083,06/27
157,Discover,Richard Warner,4900591325392836,185,10/35
158,American Express,Tina Diaz,3512853591330102,165,04/29
159,Diners Club / Carte Blanche,Brandon Phillips,30082918727381,610,10/32
160,American Express,Deborah Marquez,565915279725,993,01/30
161,JCB 15 digit,Dr. Jackson Huang,2288266873811927,310,06/28
162,Maestro,Margaret Jenkins,6521787355597294,428,02/34
163,JCB 16 digit,Donald Hamilton,675973155418,218,01/29
164,Diners Club / Carte Blanche,Mr. Louis Thomas,6011235372115408,363,04/27
165,JCB 15 digit,Kimberly Foster,4764424834456048,954,05/29
166,Mastercard,Travis Mcknight,4670591165717223,837,05/32
167,JCB 16 digit,Yvonne Hooper,3582534232995934,684,04/28
168,VISA 16 digit,Robert Morris,180003044346175,793,12/29
169,Discover,Yolanda Kaiser,3588896958161239,876,02/29
170,Mastercard,Melanie Silva,213117229641381,7128,11/26
171,VISA 16 digit,Anthony Hill,372628301694848,580,01/31
172,Mastercard,Mrs. Carrie Ross,3554010167525834,785,03/29
173,VISA 13 digit,Sarah Cortez,3578743265068156,811,03/32
174,Maestro,Joshua Hill,4334804769361,753,11/31
175,Discover,Joshua Bowman,343179226345427,166,06/34
176,VISA 16 digit,Michael Paul,213185780340362,472,07/32
177,Diners Club / Carte Blanche,Michelle Wilson,346594365642284,600,10/33
178,Diners Club / Carte Blanche,Edward Ballard,6011846438296261,044,08/26
179,Diners Club / Carte Blanche,Brittany West,340444687273051,585,08/31
180,American Express,Tina Baker,2254275329341843,887,04/32
181,Discover,Savannah Hill,3581921337984197,115,01/36
182,VISA 16 digit,David Valdez,345094734707646,934,08/28
183,Mastercard,Sean Frey,6550072573640158,984,08/28
184,Diners Club / Carte Blanche,Sean Davis,4793856069085262687,630,03/26
185,Diners Club / Carte Blanche,Kathy Silva,2592263040821328,609,04/33
186,American Express,Nicholas Clark,343160567052962,804,04/33
187,American Express,David Bryan,6011791160887293,636,07/30
188,VISA 19 digit,Andre Maxwell,2264875927998148,145,03/29
189,Discover,Taylor Buchanan,3506676971286620,903,12/33
190,Mastercard,Alyssa Smith,3534412182508214,425,10/30
191,JCB 16 digit,William Perez,30290374643436,975,07/28
192,VISA 16 digit,David Ruiz,6590762778942647,449,06/31
193,JCB 16 digit,Dominique Bass,4453739075676,479,08/35
194,Diners Club / Carte Blanche,Gregory Burke,3596587370919680,205,07/30
195,American Express,Richard Nelson,630401712314,780,09/31
196,VISA 13 digit,Judy Walsh,4496591605521869047,288,12/32
197,JCB 16 digit,Jason Green,30243447004557,114,09/35
198,Maestro,Mr. Henry Castro,639020779794,193,05/32
199,American Express,William Wood,3565248257625323,413,06/27
200,JCB 16 digit,Eugene Lindsey,3593634383457549,051,11/29
201,JCB 16 digit,Michelle Walter,30285331419102,097,03/33
202,JCB 16 digit,Kyle Miller,3580742965380826,676,09/31
203,Maestro,Louis Scott,4641988670219,101,07/34
204,VISA 13 digit,Vanessa Wright,6508737081752694,165,03/35
205,VISA 13 digit,Robin Nichols,630442418350,864,11/26
206,Maestro,Lisa Moore,370731637938897,392,09/29
207,VISA 19 digit,Jennifer Ewing,378605004414793,051,11/35
208,VISA 19 digit,Anthony Lewis,370887648407734,035,11/26
209,American Express,James Weaver,4032956578084714,689,09/27
210,JCB 16 digit,Crystal Brown,6011784066309728,096,05/32
211,Mastercard,Shannon Potter,4986121835504,506,06/28
212,Discover,Eric Mccarthy,213140216532504,155,09/27
213,VISA 16 digit,Jenna Miller,676334567937,533,01/36
214,VISA 19 digit,Omar Pitts,2719514357759974,147,02/30
215,JCB 16 digit,Kristopher Morris,4249843534853888,798,11/30
216,Maestro,Paul Keller,6539370586779716,427,10/35
217,JCB 16 digit,Richard Daniels,3534055055221991,024,02/26
218,American Express,Suzanne Kelly,583829278923,757,09/29
219,American Express,Stephanie Flores,4655382984284248333,446,11/28
220,VISA 16 digit,Scott Dunn,3520884977353152,940,02/31
221,Mastercard,Kimberly Morris,4037753372133,5308,08/34
222,JCB 16 digit,Victoria Kramer,579564560764,968,04/30
223,JCB 16 digit,Steven Graham,180082227750874,6676,09/30
224,American Express,Christian Santiago,2430629966443451,9768,05/34
225,Mastercard,Mark Weaver,2233843681361620,019,01/30
226,JCB 16 digit,Sheila George,3525583912035040,500,02/26
227,VISA 13 digit,Julia Vaughan,3568497477122135,967,10/33
228,VISA 16 digit,Elizabeth Smith,180058597496918,402,07/34
229,Maestro,Kathleen Hogan,3560368342420244,893,05/35
230,VISA 16 digit,Joshua Carpenter,180024482818129,683,11/34
231,Diners Club / Carte Blanche,Devin Lewis,30457431299060,311,04/32
232,JCB 16 digit,Brianna Riggs,38861298132698,279,05/35
233,Maestro,Lisa Snyder,2596654305472573,471,11/35
234,VISA 13 digit,Amy Howe,6011779107970132,550,12/31
235,JCB 16 digit,Joe Matthews,4365957828640768453,062,06/29
236,JCB 16 digit,Denise Kidd,639038076639,417,07/29
237,JCB 16 digit,Mr. Richard Patel,4722643837562976137,605,05/27
238,JCB 16 digit,Nina Joseph,5269402036230137,260,05/28
239,VISA 16 digit,Greg Jenkins,213163667202104,800,03/35
240,Mastercard,Cindy Smith,4192858635445,291,09/30
241,JCB 15 digit,Anthony Murray,4856078707924518473,845,02/27
242,American Express,Jennifer Hahn,4572059647291,390,04/32
243,VISA 16 digit,Barbara Flores,3585955465579276,297,08/33
244,Mastercard,David Robinson,3567075499827575,344,05/26
245,JCB 15 digit,Michelle Hayes,2703019987242175,866,02/34
246,Diners Club / Carte Blanche,Steven Dyer,342222360036252,864,09/28
247,Mastercard,Brian Coffey,4631974149986676,269,07/34
248,Maestro,Fernando Campos,3598769841498548,057,03/29
249,Discover,Scott Casey,676123693738,0555,02/31
250,JCB 16 digit,Kathleen Nelson,4625841074056189,212,01/33
251,VISA 13 digit,Earl Brown,5210197926149823,744,01/33
252,Maestro,Amy Sims,4653999630360652365,389,11/28
253,Mastercard,Melissa Glenn,4175190191708601,155,01/30
254,JCB 16 digit,Mr. Gregory Reynolds II,570511332894,510,04/34
255,JCB 16 digit,Emily Ashley,377148098273545,551,04/35
256,Mastercard,Angela Mann,502072355733,824,11/31
257,VISA 16 digit,Erika Harmon,3533043330250465,225,09/26
258,JCB 16 digit,Kim Monroe,4500508249492,799,12/32
259,JCB 16 digit,Shannon Howard,5250503896325866,493,02/29
260,Mastercard,Ryan Shaw,3506975245086489,964,10/35
261,JCB 16 digit,Parker Pittman,6568472791505912,546,01/29
262,JCB 15 digit,Caroline Martin,4180894483770917121,250,10/35
263,JCB 16 digit,Patricia Chambers,30010191756330,8417,08/35
264,VISA 16 digit,Alexis Bryant,503830203017,321,11/27
265,Maestro,Dr. Ronald Roberts DDS,4757350343171696,386,04/30
266,American Express,Steven Clark,30560181076230,994,01/35
267,JCB 16 digit,Paige Moore,3518125288714847,9474,08/34
268,Diners Club / Carte Blanche,Barbara Pena,4479063033395,411,07/29
269,Mastercard,Anna Ayala DVM,4797434970905832249,943,11/31
270,VISA 13 digit,Jeremiah Hughes,6011038597527047,861,07/30
271,Mastercard,Elizabeth Smith,6011079462686146,350,10/33
272,Diners Club / Carte Blanche,Adam Long,2271745420015578,517,09/28
273,JCB 16 digit,Michelle Gordon,4744366832078,8311,07/33
274,VISA 16 digit,Kathleen Perez,4867775402215306,297,12/35
275,Mastercard,Mark Novak,376741884502795,180,01/30
276,JCB 16 digit,Gary Hunt,30314473029048,4416,02/26
277,VISA 16 digit,Mary Hart,4627171895286269651,773,11/34
278,JCB 15 digit,Angela Osborn,6539619570819155,6823,07/33
279,Discover,Lee Hess,374322455327334,372,04/28
280,Discover,Laura Robinson,4162793458467129,914,03/26
281,VISA 19 digit,Tina Ochoa,5278856325452687,791,10/31
282,Diners Club / Carte Blanche,Sean Navarro,3552790412507420,047,12/26
283,VISA 13 digit,Tanner Suarez,2259527886936406,584,05/33
284,VISA 16 digit,Patrick Williams,3561605337174644,478,12/26
285,Diners Club / Carte Blanche,Jesse Taylor,4617876834192916,5680,07/27
286,Maestro,Shawn Walsh,5435706895687545,514,02/33
287,Maestro,Ralph Stevenson,630454934203,421,12/29
288,American Express,Robert Johnson,3553831806598614,030,10/31
289,Discover,Nicholas Gonzalez,38906417608456,144,05/33
290,VISA 16 digit,James Keith,3565169587386545,6999,08/33
291,Discover,Mary Nelson,372625820808578,779,05/29
292,JCB 16 digit,Andrew Gomez,371204562268788,903,06/35
293,Diners Club / Carte Blanche,Melinda Morgan,4870528519498702,413,07/33
294,JCB 16 digit,Cheryl Bailey,4724575978579959,808,08/32
295,VISA 16 digit,Rebecca Rich,3542000179652572,455,02/33
296,JCB 15 digit,Philip Key,4258375547403,867,05/27
297,JCB 16 digit,Thomas Medina,4782448526647463,329,05/32
298,VISA 16 digit,David Yu,4082873655594305681,394,12/33
299,Mastercard,Luis Johnson,4323167693507096,079,11/28
300,VISA 16 digit,Alison Mclean,3516638845376506,542,01/34
301,VISA 19 digit,Isaac Gross,4176989259649585552,537,02/28
302,VISA 13 digit,Jeffrey Moore,676311670670,882,10/35
303,Mastercard,Mary Wood,6558792940682243,376,10/32
304,JCB 15 digit,Stephen Miller,3553296009597237,224,01/29
305,JCB 15 digit,Luis Flowers,213155414557194,922,11/32
306,Mastercard,Lauren Williams,4712228156362186,999,02/28
307,Diners Club / Carte Blanche,Jonathan Fitzpatrick,3591774110917472,336,10/33
308,Diners Club / Carte Blanche,David Mathews,3583649633404747,918,11/34
309,JCB 16 digit,Michelle Novak,349912900898848,708,01/33
310,JCB 16 digit,Darrell Hartman,180069730548853,392,02/31
311,JCB 16 digit,Charlotte Oneill,4048236465935560017,731,12/27
312,JCB 16 digit,Stacy Harris,30387760250253,0979,01/32
313,VISA 16 digit,Felicia Perez,3502901373848247,130,06/35
314,American Express,Jeremy Martinez,4653939857116942,335,04/26
315,JCB 15 digit,John Summers,6011382863578262,214,10/35
316,JCB 16 digit,Ryan Lopez,4993847233881288,962,09/32
317,JCB 15 digit,Katherine Williams,4056830554278838297,997,09/32
318,JCB 16 digit,Donna Kline,2229471009133566,234,01/31
319,JCB 16 digit,Kenneth Tucker,4578588078790303538,705,03/27
320,JCB 15 digit,Ronald Melendez,345791792589200,386,03/29
321,VISA 19 digit,Caroline Kramer,30195219184027,9450,02/32
322,American Express,Roy Martinez,349591002187233,3387,09/34
323,VISA 16 digit,Megan Richard,4167876894933088,481,04/33
324,VISA 16 digit,Sergio Johnson,3519425438584085,754,07/27
325,Diners Club / Carte Blanche,Kathryn Butler MD,6511847069407750,266,12/34
326,JCB 16 digit,Ryan Ramirez,375093550461950,721,06/33
327,VISA 16 digit,Larry Gonzalez,4369305491764213,1003,12/33
328,JCB 16 digit,Jason Nelson,342989796159813,581,11/32
329,VISA 16 digit,Dr. Jeffrey Fischer,379843288687144,075,08/35
330,VISA 16 digit,Patricia Eaton,4425050526606512141,967,04/27
331,Maestro,Sheryl Warner,375447706845609,577,08/31
332,VISA 16 digit,Patrick Hernandez,4949588038365250,683,06/29
333,Maestro,Steven Nunez,30438962150450,5802,01/35
334,Mastercard,Amanda Navarro,213170134329840,544,04/31
335,VISA 19 digit,Paul Watson,4037254290673138,419,09/27
336,VISA 16 digit,Bradley Valdez,341962809407884,613,11/32
337,Mastercard,Julie Morris,6011496032678165,735,07/31
338,American Express,Alexis Mccall,3513590151987579,5206,03/34
339,VISA 19 digit,Michael Saunders,30351467613346,513,08/34
340,Mastercard,Richard Carney,2248969260388974,797,01/31
341,JCB 16 digit,Matthew Mitchell,4836582358337060,813,11/33
342,JCB 16 digit,Patricia Turner,3532171332651363,199,08/34
343,VISA 16 digit,David Cox,343169342406260,721,04/34
344,VISA 16 digit,Michelle Wade,630481623522,132,05/35
345,Diners Club / Carte Blanche,Destiny Ramirez,3519765308632740,432,01/27
346,JCB 16 digit,Jason Barnes,4210814531509908605,465,03/32
347,VISA 19 digit,Steven Tapia,4722290398634655,204,06/34
348,VISA 19 digit,Dawn Holland,4921920986760,395,12/31
349,American Express,Sabrina Jackson,180097022608952,279,12/31
350,VISA 13 digit,Valerie Spears,3540499145491093,796,04/29
351,JCB 16 digit,David Smith,2288547581547816,267,11/28
352,VISA 19 digit,Alison Perry,213194965085842,966,07/26
353,VISA 19 digit,Allison Pratt,343464909459574,861,04/34
354,JCB 15 digit,Katelyn Cox,3540737723707731,199,04/29
355,JCB 16 digit,Robert Meyers,4466484111314,225,12/33
356,Discover,Jessica Young,4682004531619901136,253,04/30
357,Diners Club / Carte Blanche,Julie Berry,349328785291589,402,01/35
358,VISA 16 digit,Carol Edwards,4512384126305615,898,11/26
359,VISA 16 digit,Christopher Parker,584425730085,059,05/29
360,Maestro,Kayla Pierce,588837806052,352,11/30
361,VISA 13 digit,Nicole Reyes,3580920078349611,246,08/31
362,Discover,Matthew Hill,4837501317730,238,09/27
363,VISA 16 digit,Sean Ray,6532943946167850,470,09/27
364,Mastercard,Stephen Woods,4718171849402,668,08/28
365,American Express,Joseph Scott,4152370300533390,350,04/30
366,JCB 15 digit,Elizabeth Ryan,213152735498786,781,09/27
367,VISA 16 digit,Chad Mason,3582187928625933,496,06/34
368,VISA 16 digit,Lisa Miller,503860362881,487,09/27
369,VISA 16 digit,Sonya Garcia,4413276512764514,222,07/32
370,Diners Club / Carte Blanche,Melissa Griffith,38072590690975,213,05/33
371,VISA 19 digit,Heather Johnson,4745791684174,127,10/26
372,VISA 13 digit,Jo Richardson,2251798959016743,794,12/28
373,VISA 13 digit,Samuel Anderson,213192980894248,326,06/28
374,JCB 16 digit,Andre Moore,372138201079926,010,05/26
375,American Express,Ana Rodriguez,180034025780660,220,12/33
376,Discover,Philip Lang,377759139039040,469,08/31
377,Diners Club / Carte Blanche,Jennifer Bolton,4587211025516408,577,03/27
378,American Express,Jessica Brown,4088118312837096,680,04/31
379,VISA 16 digit,Anthony Lopez,4110339871750255399,614,09/29
380,VISA 16 digit,John Monroe,4992734697380,513,07/26
381,VISA 16 digit,Richard Wagner,2235672825920068,272,09/28
382,VISA 16 digit,Andrea Buchanan,4338985462622785,158,04/33
383,JCB 15 digit,Jeffrey Pena,341825485233900,232,02/31
384,JCB 16 digit,Keith Gray,3511343497643189,258,08/28
385,VISA 19 digit,Katherine Wise,3593368185691266,477,12/29
386,JCB 16 digit,Raymond Fry,4608882914580708,145,08/33
387,Discover,Alisha Anderson,30548488792146,783,06/31
388,VISA 13 digit,Andrea Fleming,4991763105032284,903,03/26
389,VISA 16 digit,Jeffrey Hull,3594584602288267,103,05/35
390,American Express,Linda Nelson,3580902377833487,6652,06/29
391,Maestro,Bryan Matthews,38242291035875,982,04/34
392,Diners Club / Carte Blanche,Karen Gray,180020868276908,962,09/27
393,Discover,Nicholas Johnson MD,3525262915699132,644,03/26
394,American Express,Andrea Jackson,3552123876748076,3519,10/27
395,VISA 19 digit,Roy Calhoun,3505907367335973,844,10/27
396,VISA 16 digit,Patrick Rhodes,4401010958731810563,989,05/29
397,VISA 16 digit,Kevin Castro,3591914152752185,302,07/31
398,American Express,Jessica Alexander,30226714617664,735,11/35
399,Diners Club / Carte Blanche,Keith Crawford,3565400746894701,393,06/26
400,VISA 16 digit,Donald Johnson,3503993644311179,276,03/30
401,VISA 13 digit,Frederick Summers,36058006863811,151,11/31
402,JCB 16 digit,Jamie George,502049328466,355,09/27
403,American Express,Alyssa Baker,3500139965450971,704,06/32
404,Diners Club / Carte Blanche,Caitlyn Esparza,2223162331536511,310,01/28
405,VISA 13 digit,Theresa Davis,3551733238968914,981,12/33
406,Mastercard,Shannon Hendricks,2289733591540871,869,06/29
407,Mastercard,Charles Alvarez,4964682518087748,918,06/35
408,VISA 13 digit,Miss Lauren Tucker,180038401882883,925,07/35
409,Maestro,Mr. Harold Drake,379982306391576,786,06/26
410,Discover,Alicia Kline,38307104789115,817,03/27
411,VISA 19 digit,Donna Li,060450467471,426,10/27
412,Maestro,Aaron Reyes,3560441026110959,330,11/32
413,VISA 13 digit,Billy Moreno,180071982423470,128,01/32
414,Maestro,John Anderson,3563946975485639,360,01/33
415,VISA 16 digit,Maurice Tran,375253202278315,163,05/26
416,Mastercard,Madison Wilson,4564241844928,340,09/30
417,VISA 13 digit,Russell Luna,3518726225396737,567,12/29
418,VISA 19 digit,Larry Delgado,3538586011310482,294,02/28
419,VISA 13 digit,Joshua Gonzalez,3512531130013468,997,07/27
420,American Express,Melissa Schmidt,4086732258720751,250,08/35
421,American Express,Nathaniel Juarez,3584644372021413,011,03/29
422,JCB 16 digit,Tiffany Haley,4538609232865254,418,02/26
423,JCB 16 digit,Kenneth Lopez,180042477838068,7616,02/31
424,Maestro,Mason Owens,3588303502527460,428,02/29
425,JCB 16 digit,Sandra Hernandez,3577325222930461,134,01/36
426,JCB 16 digit,Connie Evans,676294850505,070,02/34
427,Discover,Brandy Johnson DDS,4187391487496763159,0596,02/28
428,American Express,Debbie Peterson,4266287946873829,0460,05/29
429,JCB 15 digit,Martin Bennett,6534673762045314,7166,10/30
430,Mastercard,Mr. Anthony Miranda DVM,4372044736354970606,759,11/33
431,JCB 16 digit,Tammy Powell,213133979417104,674,04/35
432,Mastercard,Tim Hodge,4960941593547438553,762,08/29
433,VISA 16 digit,Gary Parker,4479831123822092,183,07/35
434,VISA 16 digit,James Anderson,4678490353819,997,09/35
435,VISA 16 digit,Susan Tate,060438166013,286,02/30
436,Maestro,Dustin Pierce,3582643712641593,493,08/35
437,American Express,Austin Miller,38695643835187,220,12/30
438,VISA 19 digit,Paul Diaz,30112925543412,040,12/29
439,JCB 15 digit,Dr. Bruce Garcia,6011311041262192,768,04/29
440,Maestro,Amy Hayes,4564023804003095,977,11/32
441,VISA 16 digit,Arthur Moreno,30477637617964,226,06/26
442,Diners Club / Carte Blanche,Elizabeth Mccoy,4036236780527940996,045,01/30
443,Discover,Rebekah Bautista,4926623090507139095,748,12/35
444,VISA 13 digit,David Barnes,4898103269804364,983,03/29
445,Maestro,Trevor Watson,060477512911,685,11/29
446,JCB 16 digit,Darren Mckay,4279486415683215,211,06/27
447,JCB 15 digit,William Baker,4157036463373800,227,07/27
448,VISA 16 digit,Michael Hickman,5198091307227751,352,05/32
449,JCB 16 digit,Eric Woods,4149806837739,073,03/27
450,Discover,Jessica King,3598721889393800,021,02/29
451,Maestro,Kelly Lara,4253636100530,028,04/34
452,VISA 16 digit,Brandi Stewart,4938876907264818,886,03/29
453,JCB 16 digit,Tracy Kelley,6011109412239991,789,09/35
454,JCB 16 digit,Roger Williams,341315558581898,019,12/26
455,VISA 16 digit,Christopher Wilson,562675320823,119,09/33
456,VISA 16 digit,Derek Levy,2719113852715696,601,11/33
457,Discover,Bradley Werner,4022098905839,906,12/33
458,VISA 16 digit,John Moreno,2720017815974067,286,11/27
459,American Express,Robert Price,4238875947253,0523,07/27
460,VISA 16 digit,Mark Bass,30074013534655,754,02/29
461,VISA 19 digit,Melissa Jackson,30201647894615,089,07/32
462,JCB 15 digit,William White,4521458782738,513,01/34
463,JCB 16 digit,Jason Patterson,3587783508723208,102,08/34
464,JCB 16 digit,Christie White,341614785133808,325,04/26
465,American Express,Amanda Bowers,6539771845365959,435,08/29
466,Discover,Jose Aguilar,2268847046264195,607,11/29
467,Mastercard,Jeffrey Alexander,349739465234501,231,04/29
468,VISA 19 digit,Dylan Walsh,4072261636662911,659,07/26
469,JCB 16 digit,Thomas Davis,6011219999110208,213,06/27
470,VISA 16 digit,Lauren Moore,4630167586851245,947,08/33
471,Discover,Andrew Hall,4353762961187465,436,04/31
472,JCB 16 digit,Joseph Carson,3531215512577822,258,01/33
473,Maestro,Phyllis Wiggins,3581158937807185,736,07/29
474,JCB 16 digit,Richard Martinez,30289633414506,5706,11/28
475,JCB 15 digit,Melinda Taylor,639071859230,8749,02/34
476,VISA 16 digit,Stacey Phillips,2297757660945125,015,09/29
477,VISA 16 digit,Joshua Barajas,180084113922435,299,02/33
478,Discover,Virginia Gonzalez,180014084823965,938,08/29
479,VISA 16 digit,Debra Pope,379276964764723,909,12/34
480,Maestro,Danny Webb,4888155093739,685,08/28
481,Mastercard,Matthew Palmer,4610188167789,365,10/26
482,JCB 16 digit,Yolanda Coleman,30363510765817,274,06/35
483,JCB 15 digit,Karina Hart,30106445724692,840,06/33
484,Mastercard,Alan Avery,345014905548496,901,12/31
485,VISA 19 digit,Brandon Garcia,213154478192444,7574,02/35
486,Diners Club / Carte Blanche,Eric King,4736848162233444,031,05/32
487,Maestro,Emily Kirk,6557118584035798,826,05/31
488,JCB 15 digit,Virginia Gutierrez,4279076467410,181,04/31
489,VISA 13 digit,Paul Proctor,501848048978,534,03/35
490,VISA 13 digit,John Jackson,6572316938366593,925,10/29
491,Mastercard,Mark Meyer,2246467087219821,550,10/31
492,VISA 19 digit,Elaine Carter,213104981783718,977,04/27
493,VISA 19 digit,Thomas Lewis,30410354466091,204,04/34
494,Maestro,Robert Gonzalez,372812195548258,134,11/28
495,Maestro,Jason Young,676221543579,769,11/32
496,Discover,Kevin Perry,4545122239290119822,601,03/34
497,JCB 15 digit,Timothy Willis,4820796602271,382,10/30
498,Maestro,William Turner,4353060381405793,559,04/29
499,VISA 19 digit,Rodney Bowman,4532058797952519,616,03/28
500,Mastercard,Mrs. Kristen Miller,4285802249103629701,534,10/28
501,JCB 15 digit,Mary Buchanan,370067569814677,5684,06/31
502,Mastercard,Brianna Moore,30005780796507,226,02/34
503,Discover,Jennifer Rodriguez,675949535495,051,03/30
504,JCB 15 digit,Rachael Nichols,213140042051000,727,03/34
505,Maestro,David Bush,3593729461061369,722,02/32
506,Discover,Rose Garcia,30072773074771,021,09/31
507,Diners Club / Carte Blanche,Brenda Byrd,2276103270396448,135,11/26
508,JCB 16 digit,Christopher Taylor,676304969428,870,01/28
509,American Express,Bradley Smith,502021081927,028,11/33
510,Discover,Jennifer Dyer,213198106014074,709,02/32
511,VISA 13 digit,Michael York,4013726525319882,133,10/34
512,Maestro,Matthew Horne,3513822574435567,116,05/34
513,VISA 13 digit,Katrina Hoffman,676216126380,210,11/27
514,VISA 16 digit,Natasha Jenkins,4230025769084981059,422,07/26
515,VISA 16 digit,Joshua Garcia,6576486089289864,7429,06/27
516,VISA 13 digit,Calvin Lopez,6011585463912471,058,12/29
517,Diners Club / Carte Blanche,Karen Vasquez,30476899066050,931,12/35
518,VISA 16 digit,Stephanie Owens,4875222955750,337,10/28
519,VISA 13 digit,Michael Harrison,4411494708181902046,063,05/32
520,VISA 16 digit,Jeremy West,3536502410142220,216,03/31
521,JCB 16 digit,Joseph Wells,374930610364693,546,10/28
522,VISA 16 digit,Gabriel Matthews,2552427127698622,618,11/31
523,Diners Club / Carte Blanche,Lisa Thompson,4498224965360,7385,10/29
524,Diners Club / Carte Blanche,Stephanie Benton,4666933602496615849,876,02/26
525,VISA 19 digit,David Estrada,30512018626844,871,10/29
526,VISA 16 digit,James Nguyen,4102464986273107,480,01/35
527,VISA 13 digit,Michael Williams,4747213952569,872,01/27
528,Maestro,Jesus Stevens,4113447287761,602,08/35
529,American Express,Teresa Williams,2242698681363938,921,01/31
530,VISA 13 digit,Mathew Holland,675958293762,546,12/35
531,VISA 13 digit,Michael Roberts,580506030544,447,05/34
532,JCB 16 digit,Joshua Acosta,4136665664945853,405,06/26
533,Diners Club / Carte Blanche,Eric Adams,5449481780227864,945,04/29
534,Diners Club / Carte Blanche,Sarah Hamilton,4104036487243116,223,12/26
535,VISA 13 digit,Donna Pace,4422599920692981457,303,02/28
536,American Express,Michael Lester,4132689079541770,2681,09/30
537,Diners Club / Carte Blanche,Theresa Guzman,4557647465471093970,116,05/29
538,Discover,Jacob Rogers,30445372936717,570,03/28
539,Discover,Dustin Howe,3537161840439794,027,10/31
540,VISA 13 digit,Brenda Williams,180003442594731,298,05/34
541,VISA 13 digit,Jay Higgins,4331169245835576342,767,12/34
542,VISA 13 digit,Jose Burns,375089779964048,057,03/28
543,JCB 16 digit,Tom Jenkins,4137935326544256,698,11/26
544,JCB 15 digit,Michael Collier,4465057111966,319,07/32
545,VISA 16 digit,Heidi Porter,36280078209059,829,02/32
546,Diners Club / Carte Blanche,Terry Martin,3507066628050703,716,05/28
547,Diners Club / Carte Blanche,Todd Evans,4971483817547978230,131,12/26
548,Discover,Summer Harris,4193682574263236,421,06/26
549,JCB 16 digit,Erin Baker,4579400073501040804,187,08/26
550,Maestro,Sally Miller,675928262079,282,12/30
551,JCB 16 digit,Ryan Sanchez,4118627422898,745,09/31
552,VISA 16 digit,Victoria Warren,4670699356578,4455,08/26
553,Diners Club / Carte Blanche,Dr. Robert Wilson,341188795059261,469,04/30
554,Discover,Mr. Thomas Jones,501817766824,429,01/33
555,JCB 15 digit,Angela Beasley,6521953640773740,668,09/35
556,VISA 13 digit,Denise Jones,36808100927361,947,03/29
557,American Express,Adrian Long,4419249628098,652,06/33
558,JCB 16 digit,Edward Hughes,3591235703281916,339,09/26
559,Maestro,William Sosa,30004691600148,8795,01/35
560,Diners Club / Carte Blanche,Jeffrey Bell,4954574562337121395,5259,05/32
561,American Express,Tonya Henderson,36981389640623,637,03/28
562,VISA 16 digit,Jason Walker,4022311711144136096,784,04/27
563,VISA 13 digit,Leah Hernandez,30031471713031,257,10/33
564,Maestro,Jeremy Hayden,3553923389310960,638,12/27
565,VISA 19 digit,Dana Stuart,3556709415732047,685,04/34
566,JCB 15 digit,William Bradshaw,342503292880044,2714,07/33
567,VISA 13 digit,Madeline Simmons,4905092022090,901,05/28
568,VISA 19 digit,Francisco Gill,342403171598330,139,07/33
569,Discover,Wesley Schwartz,3508112087222703,404,08/26
570,Discover,Anita Flores,4579075555010,113,11/31
571,American Express,Robin Sloan,4412612833676,1604,09/31
572,Mastercard,Jessica Ford,38610938400977,453,03/27
573,VISA 16 digit,Bruce Cohen,3570359617890326,922,03/31
574,Mastercard,Jeffrey Brennan,3588166260103315,836,08/29
575,JCB 16 digit,Timothy Gonzalez,4436974420483,143,09/29
576,VISA 16 digit,Amanda Osborne,4243176791954099,084,08/27
577,Discover,Dominique Nelson MD,2269107940032985,308,12/32
578,JCB 15 digit,Lance Mcdowell,4204508653544,805,09/34
579,JCB 16 digit,Timothy Caldwell,180047511218292,514,03/29
580,Discover,Bruce Price,3555639268718473,5488,12/26
581,VISA 13 digit,Nicole Gilbert,341755164081678,520,08/33
582,Diners Club / Carte Blanche,Tyler Lawson,4879127992066,077,08/26
583,JCB 16 digit,Teresa Edwards,4561923243213,209,11/31
584,VISA 13 digit,Sarah Andrews,2276287731345761,6254,05/31
585,VISA 13 digit,Anthony Thomas,4309794971984312978,148,06/29
586,Maestro,Christian Baker,6011380438349581,484,08/30
587,VISA 16 digit,Nicole Harris,2709181010809166,474,06/35
588,Mastercard,Michelle Ware,566098405095,422,05/34
589,American Express,Sergio Bailey,3530038724289148,092,05/32
590,VISA 16 digit,Bruce Roberts,4060079312822532,386,01/33
591,American Express,Lindsay Oliver,213123900955702,3949,03/31
592,VISA 13 digit,Christopher Parrish,4710859222391264266,071,06/26
593,American Express,Kimberly Koch,4297349653983689,613,06/33
594,Discover,Aaron Donovan,4639291934454,667,01/36
595,JCB 15 digit,Jason Dean,3512644449524016,055,05/33
596,VISA 16 digit,Leslie Armstrong,4846685294314905376,190,11/32
597,VISA 16 digit,Christopher Evans,4335175455555,612,04/29
598,Discover,James Rogers,6011978499427889,214,06/27
599,JCB 15 digit,Aaron Murphy,38815991874626,692,04/28
600,VISA 16 digit,Lisa Fox,4475571925605758,078,05/29
601,JCB 16 digit,Monica Smith,581503472259,3301,01/36
602,Maestro,Christina Murphy,6011340693241154,605,12/26
603,Discover,Audrey Roman,30271992857947,964,11/26
604,Maestro,Clayton Brooks,180015272417718,221,09/32
605,Mastercard,Erika Huff,4939778562056373,618,06/27
606,Discover,Amy Allen,6546838417165868,902,12/30
607,VISA 19 digit,John Smith,6011267900368068,832,01/32
608,American Express,Justin Jensen,377985210574213,209,01/33
609,VISA 19 digit,Brenda Scott,3510080398687581,510,08/35
610,Maestro,Kimberly Orr,379804326659313,147,02/31
611,JCB 16 digit,Leslie Howard,30274016667375,696,11/27
612,Maestro,Karen Montes,3539797438252251,665,07/31
613,Maestro,James Shaw,501827795342,428,04/27
614,VISA 16 digit,Monica Carter,4496608647964967905,036,06/33
615,JCB 15 digit,Gary Campbell,36693271554628,8006,09/31
616,JCB 16 digit,Duane Holmes,180066516052415,371,10/30
617,Maestro,Shari Garza,180007342146542,302,02/33
618,Discover,Steven Yang,3540964036915062,758,03/35
619,VISA 19 digit,William Walker,4366911531169454,611,12/26
620,VISA 16 digit,Denise Perry,5527521249469550,735,01/34
621,JCB 16 digit,Jessica Foster,3596258824323107,893,08/33
622,JCB 15 digit,Deborah Hartman,3545736687077029,0260,07/26
623,Diners Club / Carte Blanche,Cassie Carey,4960581196566,600,12/28
624,JCB 15 digit,Andrew Leonard,3563052021611979,092,09/33
625,VISA 16 digit,Selena Cisneros,2229375939778426,295,11/35
626,JCB 15 digit,Douglas Edwards,4038482804157368,054,08/28
627,Maestro,Paul Taylor,213162529086648,633,12/35
628,JCB 16 digit,David Jackson,36971525047221,311,12/27
629,JCB 16 digit,Angela Brock,675945759859,226,01/27
630,VISA 19 digit,Johnny Robinson,377007120605589,245,12/30
631,VISA 16 digit,Carol Dickson,4266523493768,148,09/30
632,VISA 16 digit,Jessica Obrien,2700742530413125,720,04/32
633,American Express,Jessica Martin,379239294810517,367,11/30
634,Diners Club / Carte Blanche,Brianna Reed,502015993129,173,09/34
635,American Express,Joseph Daniels,4763943753789,050,10/30
636,Discover,Amanda Flores,4426523469738750,7285,06/32
637,Discover,Adam Mendoza,4447012791116,565,11/35
638,Mastercard,Sherry Perkins,370537628200134,720,11/26
639,Diners Club / Carte Blanche,Charles Freeman,4456358721140,732,05/27
640,American Express,Allen Peterson,2359273156112381,889,03/29
641,VISA 19 digit,Jamie Finley,374216473048320,657,04/32
642,Diners Club / Carte Blanche,Kelly Ward,639061731175,716,10/30
643,Mastercard,Kristen Clark,373989979832501,611,07/27
644,VISA 19 digit,Dr. Luke Lopez,213101446639030,005,05/28
645,VISA 16 digit,Nicole Cervantes,6011458741153161,059,05/34
646,Mastercard,Julia Paul,180028488944748,917,12/32
647,Mastercard,Theresa Gutierrez,6011080738983838,152,01/30
648,Diners Club / Carte Blanche,Maria Barker,6599767378684193,127,10/32
649,VISA 19 digit,Eric Pierce,503840816220,672,11/30
650,JCB 15 digit,Larry Holt,4229924885608438,610,09/32
651,VISA 19 digit,Joanna Williams,4428115156841704472,346,11/30
652,VISA 16 digit,Brian Willis,3506499987758502,441,06/26
653,JCB 16 digit,Kimberly Williams,2240775542792521,162,08/32
654,Mastercard,Teresa Martin,3565013002122863,434,07/29
655,JCB 15 digit,Michael Wolfe,3596209740366985,541,08/30
656,American Express,Ashley Blackburn,5297072293863056,739,12/32
657,VISA 16 digit,Dana Jones,2596225885104009,384,11/29
658,VISA 13 digit,Keith Hawkins,4173597465658,451,12/27
659,Maestro,Adam Gross,4094297311788,241,07/33
660,VISA 13 digit,Jeffery Weaver,346516735214379,480,10/26
661,VISA 19 digit,Sarah Wright,180013650335966,8521,10/26
662,Discover,Jennifer Schroeder,4196668686050,677,10/28
663,JCB 15 digit,Melanie Webb,4658387634786428,304,01/31
664,Maestro,Hunter Collins,3581122370788021,543,01/31
665,Discover,Vanessa Johnson,30506190473041,1920,05/28
666,Mastercard,Ronald Miller,6011642821815076,555,02/33
667,Discover,Daniel Hicks,30515908485684,875,11/26
668,JCB 16 digit,Amanda Payne,373660100448091,786,03/33
669,JCB 16 digit,Tamara Doyle,3586417753899352,8327,01/35
670,JCB 16 digit,Morgan Spencer,3509426830372154,900,09/33
671,JCB 15 digit,Michele Mason,3578600439180574,896,08/28
672,VISA 16 digit,Steven Mercado,213126382504641,0911,08/26
673,VISA 13 digit,Maxwell Phillips,2256361638111552,098,09/26
674,Diners Club / Carte Blanche,Theresa Nelson,4489960344095283,9178,03/34
675,Diners Club / Carte Blanche,Joseph Lee,3526175531432226,829,05/26
676,JCB 16 digit,Alexandra Hamilton,4985188926046685,470,01/30
677,American Express,Paul Conrad,341615598277856,295,10/29
678,Discover,Joshua Patton,341591370871432,350,12/32
679,VISA 13 digit,Martin Mcmahon,3545521310657888,749,08/26
680,JCB 16 digit,Marc Harvey,373891570307745,661,02/32
681,JCB 15 digit,Steven Soto,36416884036530,798,06/32
682,Discover,Renee Smith,4456490681368,280,08/26
683,JCB 15 digit,Megan Weber,4322945904393,568,05/28
684,JCB 15 digit,Chris Baker,4118566227451409,178,11/33
685,Maestro,James Smith,4230700439290866,895,04/27
686,Diners Club / Carte Blanche,Jennifer Hansen,213181046736626,518,01/34
687,VISA 16 digit,Brandon Mendoza,4588338133952,013,10/27
688,VISA 16 digit,Lori Jordan,4128353427888,265,09/30
689,Mastercard,Steven Wells,4912618311924524,647,12/26
690,Diners Club / Carte Blanche,Jasmine Horn,503881297660,871,10/31
691,VISA 16 digit,Kyle Martin,2250559101116943,021,12/28
692,Discover,Nicole Hayes,3561693167833430,223,12/27
693,Mastercard,Glenn Bailey,36298671753307,607,06/32
694,JCB 15 digit,Nancy Moody,4984211183789739,905,08/31
695,American Express,Elizabeth Pearson,30480933035816,247,10/33
696,JCB 15 digit,Pamela Rios,30313689513340,378,07/30
697,VISA 16 digit,Andrew Cooper,3558438576223632,506,11/29
698,Discover,Walter Howard,5209602742824403,387,06/31
699,JCB 16 digit,Kelly Lara,501846429030,709,06/27
700,American Express,Kim Robinson,4389188057726,393,09/30
701,Mastercard,Micheal Armstrong,345532266406616,874,06/30
702,Maestro,Mallory Joseph,4949747408255216,842,01/35
703,Discover,James Whitehead,586109644276,5334,10/30
704,Maestro,John Hanson,3575165033092560,119,10/33
705,Maestro,Rachel Martinez,5418745670242382,449,01/27
706,VISA 16 digit,Erin Gallegos,6593999449395006,967,01/29
707,VISA 13 digit,Bobby Turner,4429476487609481131,890,07/26
708,VISA 16 digit,Dwayne Davis,3527625036217026,823,04/26
709,Maestro,Jessica Hernandez,4734073038094662,081,11/31
710,JCB 16 digit,Elizabeth West,30288961235095,686,04/33
711,JCB 16 digit,Rachel Mendez,4085268673495074203,600,11/27
712,Mastercard,Taylor Arellano,2257247645436026,930,10/35
713,JCB 16 digit,Jessica Caldwell,370269000210479,322,10/35
714,Discover,Mary Reynolds,4577143878547,643,01/33
715,JCB 16 digit,Shawn Acevedo,3572899350935448,930,01/34
716,JCB 15 digit,Haley Howell,30150713918438,832,05/27
717,Discover,Leah Cross,3563672118487791,481,01/33
718,VISA 19 digit,Mark Perez,4815331670617550,968,02/28
719,VISA 19 digit,Ryan Phillips,4616222256736,386,03/35
720,VISA 16 digit,Anthony Floyd,4763603582124200988,517,04/26
721,American Express,Corey Anderson,36944029504773,136,11/29
722,VISA 13 digit,Donna Lopez,376804574394053,607,11/30
723,JCB 16 digit,Misty Adkins,503804928151,581,04/29
724,JCB 16 digit,Craig Nguyen,213149642064917,600,05/27
725,JCB 16 digit,Neil Martinez,6513251570419933,225,09/30
726,VISA 16 digit,Jason Poole,377567757582732,668,08/28
727,Maestro,Rebecca Jackson,38935325792904,933,04/34
728,VISA 19 digit,Lisa Taylor,4239770893162,125,04/35
729,Discover,John Marks,3532124305748492,033,02/33
730,VISA 16 digit,Katie Ramos,4774202962151195206,053,09/32
731,VISA 16 digit,Tyrone Sheppard,4450800144981495,879,07/27
732,Discover,Todd Brown,060466602855,649,12/34
733,Mastercard,Jason Malone,3549755648325489,403,09/32
734,American Express,Stephanie Harris,4441162459970528,490,07/28
735,American Express,Alan Myers,565180209274,525,07/31
736,Diners Club / Carte Blanche,Antonio Padilla,6575045026135332,944,07/27
737,Mastercard,Christine Hall,6547566129029671,439,07/30
738,VISA 19 digit,Sandra Doyle,4279753980760730,389,02/34
739,Discover,Andrea Erickson,343233966233572,116,10/27
740,JCB 16 digit,Courtney Johnson,3517775727749993,209,12/27
741,Mastercard,Darlene Black,6521892000895307,636,12/26
742,VISA 13 digit,Austin Baker,4314923908495803,8293,10/29
743,VISA 19 digit,Emily Morrison,4499348646084,392,10/33
744,VISA 16 digit,Riley Kim,3537998384527843,372,01/29
745,VISA 16 digit,Lisa Weaver,4974639279019,386,10/29
746,Maestro,Paul Gray,4047198718446965,133,10/34
747,JCB 16 digit,Jeffrey Mcintosh,372898486782003,916,05/26
748,JCB 16 digit,Brittany Boone,30564074749242,649,07/29
749,American Express,Jason Smith,378841629160269,953,05/34
750,Discover,Frederick Morales,3577806790888124,511,10/29
751,VISA 16 digit,Lisa Gibson,372898691910217,197,08/33
752,JCB 16 digit,Jacob Stewart,4385656982901908,263,07/32
753,JCB 16 digit,Nancy Smith,586625365810,766,01/31
754,JCB 16 digit,Wyatt Porter,501850249050,699,08/29
755,Diners Club / Carte Blanche,Jessica Mendoza,503833868253,636,03/34
756,VISA 16 digit,Thomas Oliver,3501775156944808,129,02/32
757,JCB 16 digit,Sarah Sanders,3595917301901781,591,03/31
758,JCB 15 digit,Gregory Gomez,4310634480316267,377,04/32
759,Mastercard,Melissa Phillips,3549071973068003,263,05/27
760,JCB 16 digit,Sarah Brooks,2298320848690912,659,06/27
761,American Express,Diana Martinez,2224819582225164,193,01/29
762,VISA 16 digit,Bianca Perez,3547328205434441,668,06/34
763,VISA 19 digit,David Wilkerson,4475619026845256013,8323,05/28
764,JCB 16 digit,Jeffrey Russo,3533728322695087,210,02/26
765,Discover,Paul Hunter,6505543641603549,760,01/35
766,American Express,Matthew Gomez,2704688793475127,538,01/27
767,VISA 16 digit,Christopher Ross,4888095091827,018,04/29
768,Diners Club / Carte Blanche,Jennifer Bell,4227188815885,291,05/33
769,VISA 19 digit,Amy Garcia,30222690338680,136,10/34
770,American Express,Teresa Nixon,4499738983992061,404,07/27
771,JCB 15 digit,Emily Peterson,4814402311720163661,383,09/32
772,VISA 13 digit,Beth Mcdonald,6510266517788086,111,05/33
773,VISA 16 digit,Jasmin Mcconnell,2288140615791129,161,05/30
774,VISA 19 digit,Jennifer Bernard,3578575385024515,199,01/32
775,Discover,Gavin Graves,4683944493283860,800,11/34
776,JCB 16 digit,Erica Dunn,375570921829593,904,04/34
777,JCB 16 digit,Denise Johnson,6011520846355734,241,05/28
778,Mastercard,Mr. Robert Guerrero,2281076684005065,845,05/32
779,JCB 16 digit,Colin Johnson,4184056264274483,449,11/26
780,JCB 16 digit,Nicole Lee,4701606530532,599,07/34
781,VISA 19 digit,Glen Gaines,4579542871425876,812,12/28
782,JCB 16 digit,Ryan Rivera,2284628322655169,410,06/34
783,American Express,Crystal Molina,30588684486440,567,03/33
784,JCB 15 digit,Devon Mitchell,2709520940383679,034,02/34
785,VISA 16 digit,Mark Webb,4383888382134135,619,02/28
786,American Express,Anita Robinson,180094207992376,412,05/30
787,JCB 15 digit,Sheena Cross,4965522872605165,766,12/27
788,VISA 16 digit,Yvonne Robinson,3527625436252300,1259,11/28
789,JCB 15 digit,Jennifer Hunt,4369157660713533,592,12/32
790,Diners Club / Carte Blanche,Debbie Malone,4097642855529504,149,07/30
791,VISA 13 digit,James Nichols,4480779183236249,269,08/34
792,JCB 15 digit,Peter Bailey,3584726981803222,489,02/28
793,VISA 19 digit,Michael Mckenzie,349965830310995,881,03/34
794,Maestro,Mark Cook,4963386227626044505,972,11/27
795,American Express,David Jackson,4885633122281177581,236,01/28
796,JCB 16 digit,Tammy Meyer,630494861499,069,01/29
797,Mastercard,Stephen Romero,3598186534599781,604,08/35
798,Discover,Nicholas Nixon,3527759388098088,253,10/27
799,VISA 16 digit,Cheryl Barnes,4201424920569,904,04/29
800,VISA 13 digit,Sheena Solis,3584660248957317,749,11/28
801,JCB 16 digit,Devin Moore,4154115417009919,431,07/33
802,VISA 13 digit,Dana Lucas,213162457250042,982,11/29
803,JCB 15 digit,Bridget Alvarez,3511129163024964,975,05/35
804,Diners Club / Carte Blanche,Michael Wilkins,5186783733801019,301,01/35
805,VISA 16 digit,Robert Arnold,371054595307271,964,07/27
806,VISA 13 digit,Kyle Garcia,343875320862221,0635,03/33
807,VISA 16 digit,Stephanie Bauer,4547829335143511,559,10/26
808,VISA 16 digit,Isaiah Larson,3590903479041241,3506,09/33
809,VISA 13 digit,Diana Barnes,6508053979058255,563,07/29
810,JCB 16 digit,James Wilkerson,4120238594506076,684,08/28
811,American Express,Melissa Nelson,639011232118,337,12/31
812,VISA 16 digit,Michelle Valenzuela,213165708909803,511,12/30
813,American Express,Lydia Osborn,180037080410388,520,09/30
814,VISA 16 digit,Susan Smith,4562658865356417945,854,09/33
815,Discover,Karen Cunningham,4069448205877138,361,11/26
816,JCB 16 digit,Justin Flores,2347166149686948,904,05/26
817,Discover,Sabrina Howard,4255529430205246157,068,09/35
818,JCB 16 digit,Sean Navarro,3571689138922490,205,08/26
819,VISA 19 digit,Scott Lewis,3515319821040983,4933,01/36
820,JCB 16 digit,Garrett Green,4590011193801250,200,02/31
821,VISA 19 digit,Stephen Harris,30568088905674,714,10/26
822,American Express,Jennifer Miller,3501424957620289,2418,06/29
823,VISA 13 digit,Sean Wells,343700819656423,233,04/29
824,Discover,Amy Clark,4641217897646094,145,10/35
825,VISA 16 digit,Jason Jones,4275703636856,918,12/26
826,Diners Club / Carte Blanche,Leonard Villanueva,639076116222,853,03/32
827,American Express,James Liu,4160237510636851,923,09/27
828,VISA 19 digit,Shawn Sampson,6587016076135825,649,06/33
829,JCB 15 digit,Shirley Rowland,379641811669195,392,01/32
830,VISA 19 digit,Tracy Smith,4773602084112051,674,08/29
831,VISA 16 digit,Clayton Jackson,676181860476,231,08/33
832,Mastercard,Curtis Lee,630462141635,514,08/33
833,VISA 13 digit,Samuel White,4491238373978,946,10/31
834,Mastercard,Jesse Lane,501872239741,817,09/27
835,JCB 16 digit,Erica Nguyen,4160472838814407,505,10/33
836,Mastercard,Kari Clayton,3550929161832389,091,11/27
837,Discover,Laura Caldwell,4379837061130273373,959,12/30
838,JCB 15 digit,John Lawrence,4619307227278940681,473,04/34
839,VISA 16 digit,Stacey Herman,6599368701644523,571,12/32
840,JCB 16 digit,Cynthia Miller,4259564973587814,330,01/29
841,Diners Club / Carte Blanche,Vanessa Hogan,2271530202136333,9629,08/35
842,Discover,Michelle Baxter,3533577554049228,260,12/33
843,VISA 16 digit,Veronica Turner,3598298170749768,204,03/35
844,VISA 19 digit,Christopher Conley,4221283803368638253,054,05/35
845,Diners Club / Carte Blanche,Jordan Brown,3578949266056534,849,03/26
846,JCB 16 digit,Gregory Keller,30238751902628,736,06/35
847,Mastercard,Nancy Mays,4999096028366931,060,05/26
848,VISA 13 digit,Shawn Williams,675974017989,362,05/33
849,JCB 16 digit,Nathaniel Hendricks,6521660099714931,866,08/35
850,JCB 16 digit,Michael English II,6011084124071307,578,09/30
851,VISA 19 digit,Stephen Wallace,6515355222866108,419,09/26
852,JCB 15 digit,William Baldwin,3552902241745333,280,09/26
853,VISA 19 digit,Mrs. Deanna Martinez,4755852889251891,062,06/31
854,JCB 16 digit,Bethany Castro,340075335155918,451,05/35
855,Mastercard,Wendy Hamilton,3570679972170745,828,05/35
856,JCB 16 digit,Justin Bray DDS,4075140091236683,349,03/29
857,VISA 16 digit,Russell Torres,3518983574103236,3993,03/34
858,VISA 16 digit,Rebekah Lee,502001939961,840,05/29
859,American Express,Stephanie Barton MD,639041186268,137,01/33
860,JCB 15 digit,Kyle Underwood,4024366225154359,124,01/27
861,Maestro,Daniel Torres,4827998664072806,890,04/32
862,Diners Club / Carte Blanche,Dylan Crawford,4458124273791795,8742,11/32
863,VISA 19 digit,Michael Schmidt,30258512258557,468,12/34
864,VISA 13 digit,Alexander Summers,3510593395411599,927,02/29
865,Mastercard,John Smith,4780385082719546,536,04/28
866,Mastercard,Toni Williams,30313948109310,823,06/32
867,VISA 19 digit,Angela Montgomery,5590258757962450,316,04/29
868,VISA 16 digit,Alexis Mayo,3590296209720956,351,06/32
869,Discover,Matthew Yates,36949453465250,258,02/28
870,JCB 15 digit,Stephanie Johnson,30414897036031,593,06/35
871,Discover,Samantha Rogers,4773881880221,899,02/30
872,VISA 13 digit,Stephanie Garcia,349821437128530,035,10/31
873,Maestro,Mr. Paul Delgado,4170503002708,918,06/34
874,Mastercard,Ryan Barker,4174790435829,771,03/34
875,Maestro,Mallory Miller,36101867224994,981,03/31
876,VISA 19 digit,Kimberly Ferguson,2518185955102066,192,09/26
877,Diners Club / Carte Blanche,Cindy Jackson,180055844746699,909,03/30
878,Discover,Kevin Phelps,2514981276092703,948,03/35
879,Maestro,Daniel Rivera,4536849528936904,730,11/26
880,Maestro,Sean Williams,370833934465283,231,11/26
881,Discover,Jessica Travis,3590504565679975,762,01/28
882,JCB 16 digit,Mark Kemp,6547673956843958,664,05/29
883,Discover,Matthew Henderson,30128287676111,631,02/32
884,VISA 19 digit,Alison Johnson,2720284205657682,034,09/29
885,VISA 16 digit,Richard Miranda,3534324114546032,760,09/34
886,Discover,Andrew Wilson,373279679810407,7928,10/27
887,JCB 16 digit,Jerome Brown,3501863467982145,560,09/26
888,Diners Club / Carte Blanche,Lawrence Harris,371286087816423,393,05/27
889,VISA 16 digit,Chelsey Schwartz,6011565666504515,296,02/29
890,VISA 16 digit,Marc Williams,3550718387542652,598,10/26
891,Maestro,Nicole Davis,502004154014,073,01/28
892,JCB 15 digit,Steven Jackson,3555971163193936,587,03/33
893,JCB 15 digit,Melissa Reeves,3549732921596045,094,09/28
894,Discover,Elizabeth Arias,6011388832009164,378,07/26
895,Maestro,Sheila Banks,4598866717266,989,10/35
896,Maestro,John Williams,30173885453539,773,01/31
897,VISA 13 digit,Eric Gray,4667546855992,431,02/29
898,JCB 16 digit,Jeffery Rodriguez,4028969654216,947,01/28
899,VISA 16 digit,Michael Palmer,213156763312033,427,09/28
900,Mastercard,Emily Marquez,6011247489070756,573,04/31
901,Mastercard,Alexis Bailey,4904340772309,368,10/34
902,VISA 16 digit,Steven Pittman,348657743619114,794,10/29
903,Diners Club / Carte Blanche,Vanessa Walter,213166957634712,111,03/34
904,Discover,Robert Vasquez,4267577325251806,867,08/26
905,Discover,David Morgan,3581393264553322,592,12/35
906,VISA 16 digit,Paul Daniel,060443541036,766,10/31
907,VISA 19 digit,Logan Lee,3587829211836520,320,04/30
908,Maestro,Dr. Timothy Sims DDS,3518378074541631,535,04/34
909,Diners Club / Carte Blanche,Jason Johnson,4872438699850821,143,02/29
910,Diners Club / Carte Blanche,Robert Jackson,2253157427274715,610,10/29
911,Mastercard,Dorothy Thompson,502075410543,165,04/33
912,Diners Club / Carte Blanche,Cody Smith,30558588198946,6411,11/33
913,JCB 16 digit,Jennifer Green,4532809244384594417,891,04/32
914,VISA 19 digit,Meredith Schmidt,574599570698,811,03/30
915,VISA 13 digit,Samantha Fields,6536023316955451,755,06/32
916,Maestro,Barry Short,060497660443,364,12/33
917,Maestro,Jacqueline Sharp,341537126876555,147,01/34
918,VISA 16 digit,Kenneth Wood,4876509012893,807,09/29
919,American Express,Jeffery Hayes,180036452166479,3711,09/33
920,Diners Club / Carte Blanche,Monica Benson,639053147943,614,08/26
921,Mastercard,Laura Hunter,30028827058145,769,06/28
922,JCB 16 digit,Alan Chang,4452487866211,842,09/32
923,JCB 16 digit,Nicole Garcia,3582363225120429,420,09/31
924,JCB 16 digit,Anita Stanley,347684963745511,039,02/29
925,Maestro,Don Hardin,180036386114017,527,11/31
926,VISA 19 digit,Mark Davis,4703135384011504,542,03/34
927,JCB 15 digit,Ryan Fernandez,4615604277501456,099,05/28
928,VISA 13 digit,Harry Neal,346699559161221,514,06/28
929,VISA 16 digit,Kyle Jennings,342196684965927,302,06/34
930,JCB 16 digit,Dennis Rodriguez,213124079068814,918,08/30
931,VISA 19 digit,Nathaniel Garcia,4373806450363511,425,07/33
932,American Express,Kristi Rogers,4004143573186687,666,06/30
933,American Express,Lisa Baker,36610457919078,704,05/30
934,Mastercard,Megan Gonzalez DDS,2606759424410483,659,08/34
935,Discover,Kathleen Ross,3591080445157663,294,05/34
936,VISA 16 digit,Christopher Smith,379632975707723,460,09/31
937,Maestro,Barbara Boyd,4236789897465,545,08/33
938,JCB 15 digit,Alexander Cole,3522657804268340,5232,06/32
939,VISA 19 digit,Rachel Edwards,3517456720101199,861,07/31
940,JCB 15 digit,Ashley Perry,3509952313289060,338,01/28
941,JCB 16 digit,Shawn Davis,4702409911499610,893,04/28
942,Maestro,Susan Murphy,4303576285351263,697,05/33
943,Mastercard,Alexandra Mays,3570151307882840,345,03/35
944,VISA 16 digit,Suzanne Day,2292630379677831,381,08/27
945,JCB 16 digit,Matthew Ford,38596437249520,002,03/29
946,VISA 16 digit,Jason Dyer,373934515762648,207,02/34
947,VISA 13 digit,Kevin Osborne,3511023785688357,544,05/32
948,American Express,Ernest Maxwell,675999413379,503,03/30
949,JCB 16 digit,Wendy Roberts,2577550621193336,129,12/30
950,JCB 16 digit,Aaron Taylor IV,3545183181133224,3488,06/34
951,Diners Club / Carte Blanche,Erin Lang,3588584879580311,283,06/31
952,VISA 19 digit,Alyssa Taylor,3567419251212545,439,10/33
953,JCB 16 digit,Martha Johnson,2709776998540046,5732,11/27
954,VISA 13 digit,Mark Williams,4698092618904086,211,05/26
955,American Express,Tracy Wagner,3508076838936384,573,11/28
956,Diners Club / Carte Blanche,Jeremy Rivera,4376768737946384,396,07/34
957,Mastercard,Tim Pearson,6535641747780007,162,05/30
958,American Express,James Orr,2256426778871578,058,11/26
959,VISA 13 digit,Elizabeth Matthews,180029755226793,830,10/27
960,Diners Club / Carte Blanche,Ryan Russell,4595645560793880336,452,12/32
961,Maestro,Sabrina Santos,4929764729259094,868,08/34
962,Discover,Sheila Burton,4921204072233956,420,01/31
963,American Express,Angela Padilla,4735641311526722,409,10/32
964,VISA 16 digit,David Hays,3532558654161130,156,09/33
965,American Express,Miss Lori Cook,4079325173516,790,05/28
966,Maestro,Summer Thomas,571982735144,707,11/31
967,Diners Club / Carte Blanche,Lisa Miller,4236126539990458,727,09/32
968,VISA 16 digit,Michael Edwards,3540634826412618,744,10/34
969,Discover,Bradley Woodward,2402047941037815,356,06/35
970,VISA 19 digit,Denise Carney,586123207043,527,07/32
971,Mastercard,Jill Delgado,4622378452186,144,07/29
972,JCB 16 digit,Jessica Smith,4563096013546397648,197,07/35
973,VISA 16 digit,Katherine Reid,4636711128394,0094,09/32
974,Maestro,Colton Adkins,213177197315640,229,01/32
975,JCB 16 digit,Amanda Meyer,374127324471787,9914,09/31
976,JCB 16 digit,Taylor Richardson,3527303741239343,677,05/32
977,Mastercard,Joseph Short,2297910784478362,2758,11/34
978,JCB 16 digit,Jennifer Gibson,2285075668512209,574,03/35
979,JCB 16 digit,Mr. Carl Nixon,378951670028628,214,11/30
980,Diners Club / Carte Blanche,Jason Avila,4913913989331384214,2186,04/35
981,Maestro,John Hall,4880095432492269,999,01/27
982,VISA 16 digit,Charles Kemp,348508346629234,704,09/29
983,American Express,Tara Ellis,4555200842040241863,846,12/34
984,JCB 15 digit,Lawrence Ramos,38883475055385,285,12/32
985,Discover,Abigail Pitts,4384241140588751633,979,11/33
986,VISA 19 digit,Christopher Larson,3523059641803810,382,08/35
987,VISA 19 digit,Mrs. Colleen Walker,2257856925785363,648,10/28
988,JCB 16 digit,Deborah Brown,38438078229661,069,07/27
989,JCB 16 digit,James Bailey,4336904122679376,198,04/33
990,JCB 16 digit,John Steele,502051990716,578,07/33
991,American Express,Jasmine Lawrence,4367652297358,778,07/30
992,JCB 16 digit,Derek Esparza,30576235285403,864,12/26
993,VISA 16 digit,Sharon Wright,180016115936070,128,03/30
994,VISA 16 digit,Jeremy Fleming,3531811270941588,223,09/32
995,VISA 16 digit,Kaitlyn Spencer,344434014913921,529,06/33
996,JCB 16 digit,Edward Alvarado,3540283899729746,221,05/28
997,JCB 15 digit,April Mcdonald,4571817269000,3485,01/35
998,JCB 15 digit,Kaitlin Wolf,574037224528,288,08/29
999,VISA 16 digit,Shannon Mooney,30276404454647,6077,07/33
1000,VISA 19 digit,Roy Shields,3572264491954925,622,04/26
1001,JCB 16 digit,Lucas Gibson,4650948771462,4334,01/28
1002,JCB 16 digit,Robert Clay,3514143063478334,916,12/29
1003,VISA 13 digit,Robert Marquez,676360183500,740,08/32
1004,Maestro,Rebecca Trevino,4557909013638,557,08/33
1005,JCB 16 digit,Nathan Flynn,4668601148959305640,473,05/26
1006,Discover,Christopher Casey,348035125080348,532,09/31
1007,VISA 19 digit,Heather Brewer,6577573176233274,267,09/30
1008,JCB 16 digit,Dennis Little,4951252506785656,576,12/33
1009,JCB 16 digit,Zachary Parker,213185599890896,092,11/30
1010,Maestro,Carrie Lopez,3531016352496812,616,12/29
1011,JCB 16 digit,Steven Anderson,586817678996,377,02/28
1012,JCB 16 digit,Tiffany Blair,3584641398532449,941,04/32
1013,Diners Club / Carte Blanche,Phillip Jackson,3569162838626104,821,04/28
1014,JCB 16 digit,David Sanchez,213177976983410,688,06/27
1015,JCB 16 digit,Kevin Sloan,4818569092324,248,10/29
1016,Maestro,Debra Trujillo,4716207759352311,442,08/29
1017,Discover,Lisa Edwards,4482786228888661629,817,12/27
1018,JCB 16 digit,Jessica Mack,4923854912877620130,698,05/35
1019,Maestro,Bobby Hubbard,30109785820922,848,01/29
1020,VISA 19 digit,Thomas White,345827840152615,352,06/35
1021,JCB 15 digit,Amber Cochran,4885930437207,7795,04/30
1022,JCB 15 digit,John Roberts,570746624297,914,11/28
1023,Discover,Alexis Conrad,4557524679300,393,05/27
1024,VISA 16 digit,Carl King,3567189198201311,378,04/28
1025,Discover,James Barnes,6011595493833720,2435,10/31
1026,VISA 16 digit,Jennifer Marquez,6011026654244028,756,12/32
1027,VISA 13 digit,Charles Smith,180012381487617,825,07/31
1028,VISA 16 digit,Wendy Gibson,3511808819071020,033,12/28
1029,JCB 16 digit,Sue Anderson,4893334684974477954,785,02/29
1030,JCB 15 digit,Julia Harrington,180023515687469,260,11/33
1031,VISA 13 digit,Jonathan Mullins,4669966854067,501,03/33
1032,Discover,Stephanie Flores,4414059538781446529,300,08/32
1033,JCB 16 digit,Alexander Fuentes,3592654673867448,769,03/34
1034,Diners Club / Carte Blanche,Jennifer Valdez,2293513556466252,698,04/33
1035,JCB 16 digit,Laurie Moore,4338360349841117,570,10/34
1036,VISA 19 digit,Lauren Krause,579504127930,992,11/28
1037,Discover,Maria Nielsen,6541077397591042,384,11/29
1038,American Express,Joseph Brown,4946619103896650350,4553,04/28
1039,Maestro,Shelby Shepard,38281246651147,705,08/32
1040,JCB 16 digit,Sierra Craig DVM,30147736890248,965,01/31
1041,VISA 16 digit,Andrew Perkins,4881359651592921,831,12/35
1042,Diners Club / Carte Blanche,Maria Brown,4893366413971273,736,05/34
1043,Diners Club / Carte Blanche,Cameron Harper,676168538236,878,05/28
1044,Mastercard,Samantha Baker,4488575603460969,234,12/33
1045,JCB 16 digit,Samuel Espinoza,3591956991039175,074,05/32
1046,VISA 16 digit,Jeremy Evans,213164838435037,609,01/35
1047,VISA 13 digit,Julie Weiss,180059063031999,124,07/33
1048,VISA 16 digit,Michael Wiley,180054255776774,372,08/26
1049,Discover,Christine Schneider,213109311149555,960,08/32
1050,VISA 16 digit,Jonathan Mills,3587663326646981,546,05/33
1051,JCB 16 digit,Jordan Jones,4930154951349283,624,08/26
1052,JCB 16 digit,Kenneth Wright,569386806081,011,05/30
1053,VISA 16 digit,Ronald Wilson,675966954405,101,08/35
1054,JCB 16 digit,Jon Franklin,3581779554421461,541,04/26
1055,VISA 16 digit,Brett Santiago,3506695976727420,091,09/27
1056,VISA 13 digit,Kathleen Porter,213117774041128,846,06/35
1057,VISA 19 digit,Jorge Dennis,4117294214917354,737,08/30
1058,VISA 19 digit,Donna Good,6562517060455854,290,08/26
1059,Mastercard,Johnny Jackson,30438275690754,508,03/35
1060,VISA 16 digit,Carol Martinez,378151569632222,201,04/29
1061,Discover,Joshua Simpson,373731130705618,252,10/31
1062,VISA 16 digit,Jonathan Price,578971942201,334,10/29
1063,Maestro,Mark Diaz,4173472315481,2131,12/26
1064,JCB 16 digit,Sherry Park,4308336416960929,735,04/35
1065,VISA 16 digit,Dennis Anderson,2705070103045800,548,12/32
1066,American Express,Susan Lopez,340196040364015,207,05/27
1067,VISA 19 digit,Christopher Hodge,630418536979,685,02/34
1068,JCB 15 digit,Whitney Simpson,180089387086924,902,10/27
1069,VISA 13 digit,Brian Estrada,3589236941220868,592,02/36
1070,JCB 15 digit,Ronald Henson,3522114692915954,024,03/31
1071,JCB 16 digit,Anthony Brady,38259178281331,539,09/33
1072,Maestro,Mark Lopez,340106196599363,4659,10/30
1073,VISA 13 digit,Charles Mejia,4397112860396130,763,02/26
1074,VISA 16 digit,Sean Padilla,4984495449511017,068,06/27
1075,Maestro,Mark Guerrero,4321110671383603,793,01/29
1076,VISA 13 digit,Grace Perry,345878290649626,579,03/32
1077,Discover,Nicholas Johnson,587246174771,544,08/26
1078,Discover,Edward Griffin,3520423565359550,553,01/30
1079,VISA 16 digit,Greg Garcia,503839568055,870,03/34
1080,Mastercard,Richard Cox,3504665249408134,9055,12/27
1081,VISA 13 digit,Kelly Jenkins,4495264046400756,707,07/32
1082,Diners Club / Carte Blanche,Jeffrey Fuller,4469673816763270,308,04/31
1083,American Express,Connor Mendoza,6505093268849405,417,12/32
1084,JCB 16 digit,Kelly Moore,213190023144431,9953,08/31
1085,VISA 19 digit,Kyle Friedman,4754341526542814,687,11/34
1086,VISA 19 digit,Keith Baldwin,2266591813249482,282,05/33
1087,VISA 16 digit,Robert Parker,4675469917420757,310,09/29
1088,VISA 13 digit,Todd Bender,341764591855720,431,09/34
1089,JCB 15 digit,Angela Nelson,4286138303020,479,04/31
1090,VISA 16 digit,Daniel Robinson,4362909201444,958,10/28
1091,VISA 16 digit,John Reilly,213181703239542,6856,05/29
1092,American Express,Michael Morrison,180068347038696,695,04/33
1093,VISA 16 digit,Amber Chang DDS,572519727331,289,10/28
1094,Discover,John Perez,377414031309295,867,06/32
1095,JCB 15 digit,James Davis,3559873405598946,469,06/31
1096,JCB 15 digit,Dylan Chambers,3514473377633708,761,05/33
1097,Diners Club / Carte Blanche,Corey Anderson,3500362967504955,141,01/33
1098,JCB 15 digit,Nathaniel Mendoza,4429884336238,144,09/26
1099,VISA 16 digit,Carmen Allen,6011581333142712,749,12/35
1100,VISA 16 digit,William Diaz,2653931561086820,720,10/35
1101,American Express,Rebecca Greene,588964978674,793,07/28
1102,JCB 15 digit,Jennifer Owens,676315676871,9675,07/30
1103,Discover,Christopher Allison,3525179120178100,466,02/28
1104,JCB 16 digit,Julian Padilla,346204856730834,9366,07/27
1105,VISA 16 digit,Elizabeth Walker,503877797913,086,09/29
1106,JCB 16 digit,Hannah Thompson,30227833805776,280,06/35
1107,Diners Club / Carte Blanche,Nathan Garrett,4966401300304197,986,08/32
1108,JCB 16 digit,Amy Hernandez,4071535931030747,504,04/34
1109,VISA 16 digit,Tanya Walter,4784971728393121,079,07/26
1110,VISA 19 digit,Dana Kelly,36662162816222,486,03/30
1111,Mastercard,Taylor Nolan,3549267095653314,1980,08/26
1112,Discover,Kimberly Young,213116358891130,998,02/34
1113,VISA 16 digit,David Beck,3507463251337673,144,03/34
1114,VISA 16 digit,Laura Franco,2234655490369753,823,02/33
1115,American Express,Alexandria Garcia,6011814906958978,753,11/34
1116,JCB 16 digit,Angela Mckinney,2635856510892536,004,09/29
1117,Diners Club / Carte Blanche,Justin Torres,5131530246224775,970,10/30
1118,Maestro,Pamela Pierce,4523886618172195195,175,01/27
1119,VISA 19 digit,Chris Morrow,6011105720051433,643,04/28
1120,JCB 16 digit,Sarah Hall,3579743938165545,363,10/28
1121,JCB 16 digit,Melissa Olson,2294996820535037,324,07/28
1122,VISA 16 digit,Mark Young,503850694087,125,02/27
1123,JCB 16 digit,Eric Baker,3526277740406429,751,10/26
1124,VISA 16 digit,Michelle Mendoza,4759868531858424932,698,06/35
1125,JCB 16 digit,Joshua Krause,4585791490507,834,03/34
1126,VISA 13 digit,Derek Vega,6011240505199055,012,01/34
1127,Diners Club / Carte Blanche,Brianna Arnold,4618246794341193,059,09/33
1128,JCB 15 digit,Brian Patterson,30310449009403,943,06/35
1129,JCB 16 digit,Steven Lewis,3538210284480449,576,07/29
1130,Maestro,David Carlson,060467087981,105,02/29
1131,VISA 13 digit,Jennifer Walker,4664392118390616,177,11/30
1132,VISA 13 digit,Michael Daugherty,4635212180680882,416,12/31
1133,JCB 15 digit,James Singleton,38832046602381,228,05/30
1134,JCB 16 digit,Robert Morgan,30138065836555,555,01/34
1135,VISA 19 digit,Joyce Young,4413941857485,501,04/34
1136,Mastercard,Amy Medina,180090486319067,010,05/31
1137,JCB 15 digit,Lauren Adams,213139803333029,286,04/27
1138,VISA 13 digit,Kristy Arias,4819833210728918,074,12/26
1139,VISA 19 digit,Lisa Le,4920763705634709,327,06/27
1140,VISA 13 digit,Dustin Fuentes,3576892653962728,624,12/28
1141,Maestro,Lisa Johnson,587101017891,199,09/30
1142,JCB 16 digit,Christy Koch,373109289807784,894,02/31
1143,VISA 16 digit,Jason Barnett,060464962954,686,10/28
1144,VISA 19 digit,Mrs. Sophia Scott,180041906760877,536,08/31
1145,Mastercard,Joseph Davis,6011310965755967,961,03/32
1146,Discover,Jessica Smith,4634599996526601,666,03/32
1147,JCB 16 digit,Sheila Rice,2602422275727521,949,12/30
1148,VISA 16 digit,Shawn Jackson,676174007606,736,08/30
1149,Mastercard,Shelby Steele,4205232247396,637,01/32
1150,VISA 16 digit,Ashley Brown,4758736462586137,388,03/33
1151,JCB 16 digit,Curtis Phelps,4050880606709430839,9187,11/33
1152,Mastercard,David Gray,3577666713403157,1973,06/26
1153,Diners Club / Carte Blanche,Heather Nguyen,6011664202709934,088,09/31
1154,Discover,Stephanie Landry,3538693858015529,191,04/28
1155,VISA 19 digit,Sandra Mason,374558787058648,485,10/31
1156,VISA 19 digit,Mr. Curtis Baker PhD,4068158589435,114,12/35
1157,JCB 16 digit,Eric James,3520229130232382,092,08/29
1158,JCB 15 digit,Matthew Diaz MD,3590094907017993,100,10/31
1159,Diners Club / Carte Blanche,Cynthia Jackson,582867861178,486,04/33
1160,VISA 16 digit,Dylan Rodriguez,6559980572479132,801,02/27
1161,JCB 16 digit,Cory Cohen,4015142528607976,254,09/30
1162,VISA 16 digit,Jose Wall,180083275176061,340,05/31
1163,Mastercard,Michael Baker,4776595644768478,699,11/34
1164,Mastercard,Rebecca Walker,6011337213292162,268,04/34
1165,JCB 15 digit,Kelly Rogers MD,639033939104,356,01/29
1166,JCB 16 digit,Emily Zimmerman,180054746750842,230,11/30
1167,VISA 16 digit,Kevin Kelly,6577398367851597,021,02/29
1168,VISA 16 digit,Robert Gutierrez,30409019944096,901,10/32
1169,American Express,Brian Clayton,4922176484732,637,02/26
1170,Maestro,Donna Long,38618825997351,938,07/30
1171,Diners Club / Carte Blanche,Dustin Martin,060433011776,042,10/31
1172,American Express,Christine Johnson,2591385630812762,532,06/26
1173,Maestro,Jonathan Singh,3590500822881248,314,06/32
1174,VISA 16 digit,David Wright,4348277686258721,390,02/28
1175,VISA 13 digit,Claire May MD,4357412690891255887,526,12/35
1176,Mastercard,Ryan Green,378579637420149,895,11/28
1177,VISA 13 digit,Christian Moore,4127206116240972,3570,06/32
1178,VISA 13 digit,Mrs. Lisa Gonzalez,180044104094479,169,05/31
1179,VISA 16 digit,Daniel Simmons,6540005662525388,650,06/29
1180,JCB 16 digit,Catherine Brown,3585955572545905,535,04/27
1181,VISA 16 digit,Michael Ortega,5469006358512473,179,01/29
1182,Mastercard,Dr. Corey Hayes,3515878669270085,670,08/28
1183,Maestro,Rachel Leach,3552354853727508,661,09/29
1184,JCB 16 digit,Shawn Andrews,371273583355031,866,04/33
1185,VISA 19 digit,Margaret Sanders,30002874478860,998,09/28
1186,VISA 16 digit,Carlos Armstrong,30101715269205,849,07/26
1187,Diners Club / Carte Blanche,Christina Alexander,4607275921447667,226,04/31
1188,JCB 15 digit,Jennifer Mcdaniel,180025199145730,340,07/32
1189,American Express,Elizabeth Sanchez,4230331634624541,953,05/35
1190,JCB 16 digit,Jordan Fletcher,348560888608035,556,07/31
1191,JCB 16 digit,Leah Church,3567557492472640,883,03/33
1192,VISA 16 digit,Seth Moran,2237005245888052,3885,03/27
1193,Diners Club / Carte Blanche,Brady Hicks,4004506421283841,197,01/33
1194,JCB 16 digit,Anthony Parker,4040333074193339723,8352,01/31
1195,JCB 16 digit,Charles White,3543482109226116,0008,03/30
1196,Diners Club / Carte Blanche,Jeffrey Pierce,565002708966,3665,12/26
1197,Mastercard,Michele Roberts,4760680919523127,208,08/26
1198,VISA 16 digit,Kevin Wyatt,180061394819381,7507,02/26
1199,American Express,James Wright,3547831151889443,165,02/34
1200,VISA 16 digit,Rachel Gomez,379737105789820,037,02/34
1201,American Express,Todd Mata,4108980881861647448,300,01/31
1202,VISA 16 digit,Caleb Cunningham,4459454264611876233,292,08/27
1203,JCB 16 digit,Mallory Bowers,4172038608428276,826,06/31
1204,Discover,Gilbert Montes,4599406456663879,925,10/27
1205,JCB 15 digit,Robert Smith,213138589221770,0334,04/26
1206,VISA 13 digit,Margaret Webster,503874243473,584,10/33
1207,VISA 16 digit,Gail Johnson,3513883033346068,524,08/31
1208,Discover,Nathaniel Cruz,372990335445328,994,06/34
1209,JCB 15 digit,Ryan Morris,30111209223923,919,12/33
1210,JCB 15 digit,Brittany Jones,3573791541481474,604,10/30
1211,VISA 19 digit,Meagan Silva,4825389555245138862,335,02/27
1212,Discover,Gene Elliott,341742975233573,6512,08/27
1213,VISA 19 digit,Sue Tapia,213198635036218,139,02/27
1214,VISA 19 digit,Yolanda Chapman,4038672479624413778,752,04/26
1215,Mastercard,Matthew Watson,675902458545,937,05/28
1216,Diners Club / Carte Blanche,Donna Gray,180034506459289,524,01/33
1217,JCB 16 digit,Timothy Campbell,3540170241734260,265,12/35
1218,Diners Club / Carte Blanche,Scott Dominguez,2277707564009381,451,06/35
1219,JCB 16 digit,Sydney Sparks,4992526967801,708,06/27
1220,Maestro,Cassie Bryant,30059954715173,731,11/27
1221,JCB 16 digit,Paul Lee,373541499233387,659,06/28
1222,American Express,Cole Matthews,30493007991459,530,04/29
1223,VISA 16 digit,Rebecca Allen,36024915351355,0393,08/29
1224,Mastercard,Stephanie Jones,3542957913747606,581,06/33
1225,VISA 13 digit,James Sherman,4051813008737757,219,05/34
1226,Maestro,Michael Contreras,3581579202150912,089,09/29
1227,Discover,Julie Shaw,3512470895620250,667,04/34
1228,VISA 13 digit,Rachel Hogan,3568051514175232,840,08/33
1229,VISA 19 digit,Howard Frazier,4224785804453905687,083,06/29
1230,JCB 16 digit,Christopher Murphy,4309133185398,211,12/31
1231,VISA 19 digit,Jane Sanchez,4939045707683648,164,11/29
1232,Discover,Erica Douglas,3573251315375568,386,04/35
1233,JCB 16 digit,Kristen Martin,4677202324900053977,536,05/34
1234,VISA 19 digit,Megan Graham,38473364692322,061,08/31
1235,Discover,Norman Mclean II,370278189561123,470,07/35
1236,JCB 16 digit,William Castillo,38589322713171,310,08/31
1237,VISA 16 digit,Amy Livingston,213160256816393,526,01/31
1238,VISA 16 digit,Matthew Hardy,4248229537251049927,316,05/30
1239,American Express,Kelly Tyler,3525339662466699,153,09/29
1240,VISA 16 digit,David Johnson,6542811203997418,576,05/33
1241,Maestro,Sydney Rodriguez,4008502052787032,774,11/32
1242,Discover,Grant Murphy,2261035567237512,9208,03/32
1243,VISA 13 digit,Lisa Price,36507161439940,151,03/29
1244,VISA 19 digit,John Cruz,502037332520,031,10/27
1245,Discover,William Smith,6540502681929641,243,08/34
1246,JCB 16 digit,Latasha Owens,5136414801246637,794,01/30
1247,VISA 16 digit,Mary Butler,378640528633404,907,05/32
1248,JCB 16 digit,Amanda Kidd,4388337810727158504,842,09/34
1249,Diners Club / Carte Blanche,Donna Norton,3501147061855133,477,01/28
1250,American Express,Susan White,3507591403392954,028,05/28
1251,Discover,Tonya Smith,4078667257255849,084,12/31
1252,JCB 16 digit,Jacob Mccoy II,2718286317602021,914,08/33
1253,JCB 15 digit,David Valencia,213177262625436,634,12/28
1254,VISA 19 digit,Dakota Johns,2256777961062346,904,11/29
1255,VISA 16 digit,Jessica Henson,4524730858068948044,434,01/30
1256,VISA 13 digit,Amy Boyd,343121539203018,851,10/31
1257,JCB 16 digit,Stanley Manning,4739244860571656,754,11/28
1258,Mastercard,Michael Wolf,2718598876735269,158,05/27
1259,VISA 16 digit,Darren Martinez,6514689496939394,7198,09/33
1260,JCB 16 digit,Cheryl Stein,4087663003511505138,617,12/26
1261,American Express,Jason Smith,30428473332630,712,06/29
1262,VISA 16 digit,Taylor Cannon,6011169592313396,213,02/32
1263,Discover,Stephen Tucker,38500285298902,443,04/34
1264,Mastercard,Heidi Brown,213172357544899,780,09/35
1265,Maestro,Matthew Dickson,4891740268377988,211,06/33
1266,Discover,Dr. Thomas Clark,2266488421792385,3519,07/34
1267,JCB 16 digit,Sara Cross,3538987293612969,544,03/35
1268,JCB 15 digit,Manuel Norris,30460241273200,466,10/26
1269,Discover,Matthew Roberts,3525453759890669,773,08/35
1270,Maestro,Joshua Cain,379310544077395,891,10/32
1271,JCB 15 digit,Sydney Krause,6011269110785685,029,10/34
1272,VISA 13 digit,Michael Guzman,4738603661539702,427,07/35
1273,Mastercard,Mary Beard,3599839848710820,483,08/34
1274,Diners Club / Carte Blanche,Lisa Martinez,676250911960,904,05/27
1275,JCB 16 digit,Michelle Burnett,3528291015613286,629,04/33
1276,American Express,Luis Hopkins,3523075164155370,3244,08/28
1277,VISA 16 digit,Brenda Evans,4330558311724549013,410,05/33
1278,VISA 13 digit,Rebecca Solis,639091101381,121,10/35
1279,Maestro,Courtney Nguyen MD,344666500089696,580,08/28
1280,VISA 13 digit,Taylor Cox,501845765798,425,01/36
1281,VISA 16 digit,Karen Mahoney,4209490050904428,649,10/33
1282,VISA 13 digit,Nancy Fisher,30043546927348,100,09/33
1283,VISA 16 digit,Joseph Hill,3506966998608983,281,03/28
1284,VISA 19 digit,Amanda Browning,3558772534839463,257,06/33
1285,Mastercard,Scott Kane,4703407594274584925,803,05/31
1286,VISA 16 digit,Jennifer Ingram,3564391477191188,971,12/29
1287,Mastercard,Denise Hensley,213126715471708,614,01/27
1288,JCB 16 digit,Kelly Patterson,3517441894041363,518,08/33
1289,VISA 19 digit,Adam Perkins,30474675211347,288,10/28
1290,JCB 16 digit,Amanda Clay,3503102715040416,081,09/26
1291,American Express,Lisa Weaver,3588577930480752,975,11/32
1292,JCB 16 digit,Steven Marshall,377506071381355,718,04/33
1293,VISA 16 digit,Philip Shepherd,2289791685461628,770,04/26
1294,VISA 19 digit,James Walton,4885850362230252,685,11/31
1295,JCB 16 digit,Christine Frye,345357987332499,153,11/32
1296,Maestro,Elizabeth Dorsey,5588845799202178,234,07/32
1297,Maestro,Deanna Lewis,343120224088775,400,05/28
1298,JCB 15 digit,Phillip Huff,503852942344,433,04/31
1299,JCB 16 digit,Amy Levy,180064377334170,626,09/35
1300,American Express,Charles Chen,213181527854211,879,12/34
1301,VISA 16 digit,Molly Shelton,3522655522745433,883,07/35
1302,American Express,Sara Beard,676373512554,632,08/27
1303,VISA 16 digit,Mariah Taylor,4187854403206045,852,02/33
1304,Maestro,Donald Schwartz,36804053751437,074,05/26
1305,VISA 16 digit,Dana Garcia,180064670850963,1400,06/30
1306,VISA 16 digit,Brian Gonzalez,4608815927203,936,01/27
1307,Discover,Bradley Coleman,5251981333800312,320,07/28
1308,American Express,Melanie Brown,6562491444841082,179,07/28
1309,JCB 16 digit,Sherri Carter,213158682494678,544,09/28
1310,JCB 16 digit,Melissa Wall,4351732575654350,813,04/28
1311,JCB 16 digit,Brandy Bennett,2338878719696484,288,08/26
1312,VISA 19 digit,Andrea Robles,3547701178672793,259,07/34
1313,JCB 16 digit,Christine Patel,30440247990502,046,12/34
1314,JCB 16 digit,Derrick May,180072185425452,971,06/33
1315,VISA 16 digit,Austin Navarro,38207584494683,529,06/34
1316,American Express,Lisa Reeves,375969118881054,1095,10/30
1317,Mastercard,Vanessa May,374624680630253,7268,06/31
1318,JCB 16 digit,Bryce James,2720074601517576,369,12/27
1319,Mastercard,Rodney Francis,6011563759507172,295,01/27
1320,Discover,Gina Bradley,4978827976906152,7694,08/33
1321,VISA 13 digit,Christopher Evans,630445913126,425,02/27
1322,VISA 16 digit,Ashley Gordon,2683545017471297,644,09/29
1323,VISA 19 digit,Kendra Wilson,3534428198271407,648,01/33
1324,VISA 19 digit,Tonya Savage,341898700134716,820,11/32
1325,VISA 13 digit,Darrell Aguilar,180057402459723,649,07/29
1326,Discover,Michael Vega,5558710800534223,505,09/29
1327,VISA 13 digit,Donald Moss,4500000475173,631,08/32
1328,VISA 16 digit,Sara Brown,342897810061669,408,12/35
1329,JCB 15 digit,Johnny Combs,213125438913277,979,12/26
1330,Discover,Amanda Holden,4926511155187452,729,11/32
1331,American Express,Tanya Morton,4371031627384,707,01/35
1332,JCB 15 digit,Alan Johnson,3519241915045502,654,03/32
1333,Mastercard,Zachary Anderson,676271468552,831,06/35
1334,Discover,Tara Wright,36123844739209,107,11/28
1335,VISA 13 digit,David West,4939800191210,157,08/29
1336,VISA 16 digit,Mr. Jason Richardson,4994467852026,226,05/30
1337,JCB 15 digit,Katie May,3558802871652284,828,07/30
1338,Maestro,Mr. Richard Schmidt,3541812195500077,793,08/27
1339,VISA 16 digit,Nicholas Jackson,213112882344514,604,08/31
1340,Maestro,Leslie Smith,4527923986225372,309,06/29
1341,Mastercard,Gina Carter,3566835726521817,634,12/30
1342,JCB 16 digit,Michael Powell,3538677006806335,142,09/29
1343,VISA 16 digit,Brandi Baldwin,38622989670226,913,09/26
1344,JCB 16 digit,Carol Hobbs,4035508679041395,811,08/26
1345,Diners Club / Carte Blanche,Kimberly Flores,213123055029477,202,07/30
1346,VISA 13 digit,James Wood,4634224739881425,584,09/30
1347,Discover,Rachel Hayes,180047748076695,089,06/26
1348,American Express,Robert Collins,4907051182295,328,12/32
1349,VISA 16 digit,Sara Harper,4830572708973314,196,08/32
1350,VISA 16 digit,Kevin Mathis,30177407906130,998,04/26
1351,JCB 16 digit,Jonathan Wagner,4222817111202,145,07/27
1352,Diners Club / Carte Blanche,Ann Jefferson,213163187485650,066,01/33
1353,VISA 16 digit,Amber Johns,4372144265096,483,05/33
1354,VISA 16 digit,Stacy Porter,6011128176817248,3162,10/31
1355,JCB 16 digit,Sarah Martinez,4979847430244322563,975,01/31
1356,VISA 13 digit,Anthony Spencer,3564014759559043,086,07/30
1357,Diners Club / Carte Blanche,William Tucker,376603356686631,278,10/34
1358,Diners Club / Carte Blanche,Jennifer Fowler,180004505303309,110,04/28
1359,VISA 16 digit,Harold Williams,2720571373252969,227,05/33
1360,JCB 15 digit,Kirsten Greene,180075392642165,042,04/30
1361,JCB 16 digit,Thomas Larsen,180087265893486,959,12/28
1362,VISA 19 digit,Bianca Sosa,4588765754866,529,01/31
1363,VISA 16 digit,Ronald Boyle,4083511540866768566,5564,12/28
1364,JCB 16 digit,Robin French,38333217740555,961,09/35
1365,Maestro,James Howard,30479747461200,005,12/33
1366,JCB 15 digit,Katherine Hall,501869620465,403,09/29
1367,Discover,Mark Ingram,3584292986551027,6632,10/31
1368,VISA 16 digit,Eric Griffin,213178744148971,560,04/30
1369,VISA 16 digit,Sean Ramirez,676214187210,621,08/32
1370,VISA 16 digit,Lisa Miller,213160285054305,683,10/33
1371,JCB 16 digit,Patricia Jones,2318579234353767,401,07/27
1372,Discover,Robert Scott,4710400079438946,168,08/27
1373,Mastercard,David Davis,340734137742394,115,10/34
1374,VISA 16 digit,Rebecca Martinez DVM,3574919505628025,984,05/29
1375,JCB 16 digit,Chad Keith,6011690906117421,498,01/35
1376,VISA 16 digit,Heather Gordon,30170775203602,660,03/31
1377,VISA 16 digit,William Stanton,3562308382445840,468,11/27
1378,VISA 19 digit,Jason Spencer,4918160528856,407,07/34
1379,JCB 15 digit,John Mitchell,344248157234592,656,02/29
1380,Maestro,Jaime Martinez,372340906064696,708,05/26
1381,JCB 15 digit,Robert Jordan,180064429674060,294,06/32
1382,VISA 13 digit,Dennis Collins,4155868159816505807,266,10/33
1383,Diners Club / Carte Blanche,Steven Miller,2673512760080230,781,06/26
1384,Discover,Sheila Perez DDS,2720792984791142,781,02/28
1385,Discover,Jamie Barker,4951976069953498842,669,08/30
1386,Diners Club / Carte Blanche,John Tanner,213141551459493,374,03/33
1387,JCB 15 digit,Courtney Moreno,4422367174577093,581,11/33
1388,VISA 13 digit,Kaitlyn Richard,180036206955573,812,09/26
1389,Maestro,Raven Ford,3582246096149645,203,09/33
1390,VISA 16 digit,Richard Schmidt,30265974001383,059,09/35
1391,JCB 15 digit,Devin Oconnell,6598454888178724,0297,08/30
1392,VISA 19 digit,William King,4065349970300526,083,10/27
1393,American Express,Joshua Woods,180098975734233,870,04/33
1394,JCB 16 digit,Jennifer Turner,4084902157021424392,439,04/33
1395,Maestro,John Allen,213170601933645,855,06/34
1396,VISA 16 digit,Derrick Ochoa,4322187174489024291,677,05/28
1397,VISA 16 digit,Steven Cooley,630417851197,031,09/34
1398,JCB 16 digit,Evan Gonzalez,2579448365596855,470,10/27
1399,Discover,Jodi Miller,2720410899595728,5701,05/27
1400,JCB 16 digit,Debra Morgan,4118712457105899,577,01/32
1401,VISA 16 digit,Gina Franco,2259958237605335,515,08/33
1402,JCB 15 digit,Carrie Burns,377273795615770,981,06/26
1403,Discover,Kristina Smith,3589301425819583,418,10/29
1404,VISA 19 digit,Mr. Ryan Perez,30336335125821,354,08/28
1405,JCB 16 digit,Jeffrey Bryan,213171247359856,037,12/32
1406,JCB 16 digit,Richard Andersen,213181621371773,444,09/35
1407,VISA 16 digit,Andrew Cross,180043971858560,595,11/26
1408,JCB 16 digit,Kathryn Delacruz,4413643763536,428,07/29
1409,Maestro,Nathan Fritz,3506809619770289,855,05/32
1410,JCB 15 digit,Christian Chapman,343642478352342,053,10/35
1411,JCB 16 digit,Dr. Glenn Ward,4849761307940837,9881,12/33
1412,VISA 19 digit,Antonio Higgins,060403522752,355,10/33
1413,VISA 16 digit,Robert Walker,4006007977248260,212,10/29
1414,JCB 15 digit,Cameron Brown,6579893735588580,705,11/27
1415,VISA 16 digit,Douglas Cardenas,5107529533260427,264,03/32
1416,VISA 16 digit,Anna Ward,6011155831129826,488,07/27
1417,VISA 13 digit,Melissa Randolph,36946806045151,865,02/26
1418,VISA 19 digit,Jamie Parker,6599184686683281,363,08/34
1419,VISA 19 digit,Richard Huffman,2546749728551309,039,06/33
1420,JCB 16 digit,Christopher Hernandez,30548883667695,881,02/31
1421,JCB 16 digit,Russell Hampton,4953846495085313,225,06/28
1422,Maestro,Ronald Smith,3598826354297566,8103,01/27
1423,Diners Club / Carte Blanche,Christina Norris,6561021989398973,8647,09/33
1424,VISA 19 digit,Earl Campbell,3526078063869999,474,09/31
1425,Diners Club / Carte Blanche,Thomas Lopez,4432329555781163,819,07/30
1426,VISA 13 digit,Paul Garcia,4769918674469126790,116,12/30
1427,VISA 16 digit,Russell Riley,4781326423297830095,2205,09/31
1428,Diners Club / Carte Blanche,Marissa Norman,213197469597592,325,08/27
1429,Discover,Jennifer Browning,4966123401471,7495,07/33
1430,JCB 15 digit,Danielle Fitzgerald,6596640997380324,296,09/26
1431,Diners Club / Carte Blanche,Michael Barnes,4374323472435918160,749,07/27
1432,American Express,Pamela Smith,3528523922053887,735,01/27
1433,Discover,Kyle Sanchez,180079330969201,374,10/28
1434,Maestro,Debra Humphrey,180063782137558,883,08/26
1435,VISA 13 digit,Karen Kane,4136710872568400,996,11/28
1436,JCB 16 digit,Michael Haas,4911714905190647108,871,03/33
1437,VISA 19 digit,Christine Barnes,6011223339221824,971,02/26
1438,American Express,Tammy Hall,3569255814741937,499,06/34
1439,Maestro,Jason Wright,180055844818233,716,08/34
1440,Diners Club / Carte Blanche,Sonya Ball,3504064118464560,126,11/27
1441,Maestro,Bryan Williams,4161371093135,302,01/30
1442,Mastercard,Jacqueline Booth,3552740186078256,922,04/26
1443,Discover,Michele Carter,676322133973,945,07/27
1444,Diners Club / Carte Blanche,Sylvia Howell,4143031564901978,2473,09/32
1445,Discover,Charles Wells,4915173393547303,744,12/28
1446,VISA 19 digit,Hayden Callahan,4191271948623739,063,08/35
1447,American Express,Tammy Smith,3530285585977176,765,09/26
1448,JCB 16 digit,Joseph Holmes,4243931972712821012,729,08/34
1449,JCB 16 digit,Rachel Taylor,4709222313423,7975,10/27
1450,Maestro,Vincent Wheeler,3586460480310814,4609,06/28
1451,JCB 16 digit,Charles Carlson,3527895906021192,803,11/30
1452,VISA 13 digit,Mary Dorsey,5294114815310399,635,10/27
1453,Diners Club / Carte Blanche,Mary Wagner,6565989194434591,328,10/30
1454,JCB 16 digit,Karen Ramos,2279410848228426,999,03/26
1455,VISA 13 digit,Donna Moss,30377997366865,037,08/29
1456,Maestro,Peggy Collier,180074123688191,503,09/31
1457,Diners Club / Carte Blanche,Laurie Rodriguez,6011234268051256,519,02/35
1458,VISA 19 digit,Misty Hart,349884395845677,116,04/27
1459,American Express,Tony Palmer,30555985853149,259,06/27
1460,American Express,Debbie Howard,6526262916392416,834,12/31
1461,JCB 15 digit,Melinda Jackson,3574612383844836,677,12/26
1462,Diners Club / Carte Blanche,Stephanie Rodriguez,4957974974096,315,03/30
1463,VISA 13 digit,Diana Freeman,2242520111637154,476,05/29
1464,Discover,Miss Natasha Patton,180045041709400,880,04/27
1465,VISA 16 digit,Benjamin Murphy,213106196968125,549,10/30
1466,VISA 13 digit,Bonnie Callahan,348925072745861,842,03/32
1467,Maestro,Hannah Key,3568444591932254,512,07/28
1468,VISA 16 digit,Peter Berry,4803080270934410015,507,05/29
1469,VISA 16 digit,Lisa Wood,2226781314138347,311,05/31
1470,American Express,Jonathan Mccoy,378266874319495,260,01/27
1471,VISA 13 digit,Joseph Gutierrez,377459348890701,599,05/31
1472,JCB 16 digit,Lori Pierce,4927349077668963,230,03/31
1473,Diners Club / Carte Blanche,Melody Watkins,3545425820359698,523,07/32
1474,Mastercard,Tracy Lopez,340109448605780,049,12/30
1475,JCB 16 digit,Dustin Santos,3508904568351781,994,05/26
1476,VISA 16 digit,Gabriella Hall,5586981731822021,298,09/33
1477,VISA 16 digit,Julia Chen,4877995077807671575,4881,02/30
1478,Diners Club / Carte Blanche,Brandon Thomas,3527779684276899,1362,11/29
1479,American Express,Jay Hill,4633080826930,739,05/32
1480,Mastercard,Douglas Walker,213170831040674,454,05/30
1481,JCB 16 digit,Steven Johnson,3568083979288101,585,10/32
1482,JCB 16 digit,Bryan Anderson,213106371478676,174,06/28
1483,Maestro,Nicole Sutton,2720539207780273,708,12/32
1484,JCB 16 digit,Joshua Reid,180045606020391,180,11/28
1485,JCB 16 digit,Pamela Payne,2273872581227004,020,06/34
1486,JCB 16 digit,Emily Hardy,180003657876039,687,05/33
1487,JCB 15 digit,Rachel Morrow,3505708951396896,347,04/28
1488,Mastercard,Bryan Rogers,4279820240360,069,10/26
1489,Discover,Gregory Garcia,180090392056639,030,04/29
1490,Mastercard,Nancy Dickson,3596239212250946,585,05/28
1491,Mastercard,Timothy Hernandez,3586211610300997,5192,10/33
1492,Discover,Sean Vaughn,4292863910829663363,611,06/28
1493,American Express,Dawn Phillips,376226383957526,3273,05/33
1494,VISA 16 digit,Brandi Rodriguez,5500221284010499,415,02/26
1495,Discover,Ana Kim,578364657705,925,05/27
1496,VISA 19 digit,David Barnett,30334324937637,743,09/31
1497,JCB 16 digit,William Cooper,375856394677514,581,09/28
1498,JCB 15 digit,Tara Walker,3522415793065841,271,07/28
1499,JCB 16 digit,Ronald Giles,30224052654936,651,01/27
1500,Mastercard,Douglas Anderson,4893188165635560047,387,12/35
1501,Mastercard,Austin Parker,3570702045786006,365,06/31
1502,Maestro,Mr. Richard Ryan,3577684244498687,926,08/34
1503,VISA 16 digit,Karen Wilson,4788270099374869,155,08/30
1504,JCB 16 digit,Jamie Jones,6544163501858902,864,04/35
1505,JCB 16 digit,Ivan Blanchard,4698437958960091,047,05/33
1506,Diners Club / Carte Blanche,Michael Blankenship,2285049562083880,807,03/32
1507,Diners Club / Carte Blanche,Taylor Diaz,378694614171084,808,02/30
1508,VISA 13 digit,Jonathan Bond,6011386093978713,595,05/28
1509,VISA 16 digit,Carla Lambert,30405042828207,676,08/32
1510,Discover,Sabrina Garcia,4309093935943212,4778,07/34
1511,VISA 16 digit,Kathy Palmer,371697398962385,117,01/34
1512,JCB 16 digit,Cathy Dudley,38853617629793,061,05/30
1513,VISA 19 digit,Wyatt Francis,3570382105147314,273,06/31
1514,JCB 15 digit,Laura Hall,2234325290809594,300,10/33
1515,Mastercard,Rachel Austin,5245034749784057,840,01/30
1516,JCB 16 digit,Robert Morrison,4230356334259,511,08/35
1517,JCB 16 digit,Betty Wilson,180087532476370,534,05/33
1518,Mastercard,Robert Powell,676231211076,7160,07/29
1519,VISA 13 digit,Kari Jimenez,2717318247921014,7588,08/29
1520,VISA 16 digit,Laura Johnson,180044984914234,599,01/34
1521,Maestro,Michael Simon,3577157816346188,435,06/31
1522,VISA 19 digit,Charles Garcia,213155586151057,444,12/27
1523,Diners Club / Carte Blanche,Rachel Powers,4105869218161410056,7677,12/26
1524,VISA 16 digit,Garrett Pearson,341417318401563,5986,06/30
1525,Diners Club / Carte Blanche,Mary Meyers,4787415941610410021,255,12/30
1526,Discover,Rick Vincent,5344683815761058,073,12/31
1527,VISA 13 digit,Kristina Johnson,4466745629373522,749,07/26
1528,JCB 16 digit,Martin Jones,4575415369517575,9540,09/27
1529,VISA 13 digit,Roger Walters,2228516113354069,847,09/31
1530,VISA 16 digit,Donald Brown,2270912132279097,823,10/26
1531,Mastercard,Jose Johnson V,4703271370269,444,05/33
1532,VISA 13 digit,Brian Gardner,4329445552002,861,04/33
1533,Mastercard,Jessica Moran,4938031342729812178,5463,07/34
1534,JCB 16 digit,Heather Gardner,3592326920176317,644,09/33
1535,JCB 15 digit,Ryan Chan,4539678879930464996,873,04/29
1536,JCB 16 digit,Jesus Morse,4887985995386,834,10/34
1537,Maestro,Andres Bruce,580709599501,036,06/34
1538,VISA 13 digit,Ryan Aguilar,5242279303296781,797,08/31
1539,Maestro,Joanne Byrd,377972014076652,059,03/32
1540,Mastercard,David Herring,4115294426856491,954,02/28
1541,VISA 16 digit,Jonathan Boyle,4721453811473991,496,09/31
1542,Maestro,Jordan Noble,4578202431608,259,01/35
1543,Mastercard,April Harper,4701556233191530,575,04/32
1544,VISA 16 digit,Steven Thomas,2275709489911701,844,07/30
1545,Discover,Steven Landry,6011158522297480,908,06/29
1546,VISA 13 digit,Michael Willis,4378810118253556,106,01/33
1547,VISA 13 digit,Aaron Tucker,30500416543372,600,09/35
1548,Discover,Scott Perez,4188107151230859979,817,10/29
1549,Diners Club / Carte Blanche,Billy Bailey,213112023403906,768,09/35
1550,American Express,Joel Sanchez,4923102381235365,043,09/28
1551,Discover,Alexis Mayo,3561398975558712,515,01/34
1552,VISA 16 digit,Lindsey Chavez,180068084271369,0422,06/29
1553,JCB 15 digit,James Adams,377447569585936,659,04/34
1554,JCB 16 digit,Ronald Wood,4549450973997247,386,11/28
1555,VISA 16 digit,Jenna Swanson,4847823004488445,680,12/34
1556,Mastercard,John Jennings,4341793821344280,293,08/27
1557,Mastercard,Drew Matthews,180004322149521,136,03/30
1558,JCB 16 digit,Cynthia Flowers,378355247365051,688,06/28
1559,VISA 13 digit,Andrew Anderson,4074319234106760,941,10/30
1560,VISA 16 digit,Gabrielle Soto,3591279328539241,112,12/33
1561,VISA 16 digit,Anthony Moreno,6011337289056236,484,05/28
1562,JCB 15 digit,James Giles,5557271127999343,579,09/35
1563,Mastercard,Lori Fisher,3544389547854673,423,05/31
1564,VISA 13 digit,Eric Weaver,180013065899531,096,11/33
1565,VISA 16 digit,Emily Valdez,6011643082949158,530,08/30
1566,VISA 16 digit,Robert Hudson,4466180656646,818,02/29
1567,JCB 16 digit,Stephanie Hernandez,376676875628524,179,03/35
1568,VISA 19 digit,Timothy Wilson,346563609608047,000,11/26
1569,JCB 16 digit,Cindy Ayers,6535936247778141,618,10/27
1570,VISA 13 digit,Elizabeth Estrada,349816669890781,330,08/28
1571,Maestro,Sheila Bell,4970335201158,168,09/27
1572,VISA 19 digit,Travis Shaffer,4767473262339652,831,10/33
1573,JCB 16 digit,Tina Kerr,38299719954293,072,09/26
1574,VISA 13 digit,Christopher Burns,4263504652849323570,387,01/34
1575,Mastercard,Jeffrey Mueller,4500452555019671669,325,05/30
1576,Maestro,Eric Estrada,3559737916778208,553,06/32
1577,JCB 16 digit,Thomas Powers,2704874774027323,692,09/31
1578,Diners Club / Carte Blanche,Erik Cooke,502082107850,612,07/31
1579,JCB 16 digit,Christina Bennett,6502164787878606,687,04/29
1580,Diners Club / Carte Blanche,Michael Ramirez,378325928275259,970,12/27
1581,American Express,Jose Roberts,4139219046654457,528,05/33
1582,Mastercard,Lindsey Miller,4520008168182,369,07/33
1583,Diners Club / Carte Blanche,Robert Peters,4824811670818,051,02/32
1584,JCB 15 digit,Larry Palmer,4651492689631888,365,11/35
1585,Diners Club / Carte Blanche,Courtney Park,4179962248363,865,01/34
1586,JCB 15 digit,Katherine Schultz,4273280749096293,156,03/28
1587,JCB 16 digit,Krystal Nguyen,2232984035044545,891,07/34
1588,VISA 19 digit,Adrienne Lewis,30226162045509,021,09/28
1589,Diners Club / Carte Blanche,April Anderson,213104144765032,305,06/28
1590,JCB 15 digit,Holly Gardner,4791219378328653,214,08/31
1591,VISA 16 digit,Lindsay Mccoy,4893018878116601,788,03/33
1592,Maestro,Gary Martinez,588870931601,618,03/33
1593,VISA 19 digit,Victoria Chang,4476872701570293544,809,03/26
1594,VISA 13 digit,Samuel Thomas,4356002349561951311,499,12/34
1595,JCB 15 digit,James Schroeder,6582354402643203,780,03/32
1596,JCB 16 digit,Kathryn Stephens,4762161143681518,640,01/32
1597,Mastercard,Joshua Castillo,675969459246,377,04/30
1598,Diners Club / Carte Blanche,Erin White,3513676029648103,762,06/27
1599,VISA 19 digit,Melinda Payne,4317970524176272,1832,02/29
1600,JCB 16 digit,Joseph Wilkinson,6533340389203673,314,01/34
1601,VISA 13 digit,Susan Nelson,373159182859788,678,04/30
1602,Diners Club / Carte Blanche,Taylor Martin,4501988574517738,575,07/34
1603,JCB 15 digit,Theresa James,4610665023647237,980,10/35
1604,Diners Club / Carte Blanche,Kyle Lee,344584987448279,809,03/27
1605,VISA 16 digit,Sara Jimenez,060419856707,244,09/34
1606,JCB 15 digit,Kimberly Ryan,4942764478631,291,02/32
1607,VISA 19 digit,Paul Berry,6549930877834401,756,02/33
1608,VISA 16 digit,Jennifer Ponce,213129046478103,946,04/29
1609,JCB 16 digit,Caroline Ramsey,180030201504502,516,07/30
1610,Discover,Rebecca Lee,5159436011836107,075,06/35
1611,VISA 19 digit,Joshua Morgan,372076966353948,294,03/26
1612,Maestro,Monica White,5547162808518473,484,08/29
1613,Mastercard,Robert Lewis,180045142697835,261,11/27
1614,Discover,Jacqueline Murray,4652405073895,183,03/29
1615,Mastercard,Ashley Barnett,4609639409352,902,11/27
1616,Diners Club / Carte Blanche,Sara Valdez,2431275460595906,925,04/35
1617,VISA 16 digit,Aaron Hartman,343909573202254,890,08/33
1618,Maestro,William Olsen,343875550091228,245,03/34
1619,VISA 13 digit,Michelle Davis,573646090056,448,12/34
1620,JCB 15 digit,Diane Taylor,3526684407443183,822,02/32
1621,VISA 16 digit,Joshua Hopkins,676201699821,165,10/29
1622,VISA 16 digit,Daniel Armstrong,6507872946955033,070,02/33
1623,American Express,Shelly Acevedo,345089619846089,682,09/26
1624,VISA 13 digit,Shelly Ellis,3576050232262918,047,09/30
1625,Mastercard,Jason Richmond,375195486210532,466,06/26
1626,Diners Club / Carte Blanche,Pamela Flores,4373373369809407,008,10/35
1627,VISA 13 digit,Jacob Flores,4803771489070356,115,08/29
1628,JCB 16 digit,Scott Torres,4048068915720224,0466,05/34
1629,VISA 13 digit,Robert Perez,4338788367453235,140,08/31
1630,Mastercard,Joseph Mann,30458132518899,553,01/28
1631,Mastercard,Andrew Moss,213170214507570,712,09/35
1632,JCB 16 digit,Michelle Burton,3571970648147053,273,07/35
1633,Mastercard,Crystal Burns,2705066933463577,489,07/32
1634,Discover,Jessica Young,4371210845447067,472,10/33
1635,American Express,Joseph Rivera,4031973153843837,4619,03/33
1636,JCB 15 digit,Mary Fowler,340362760348519,819,01/30
1637,JCB 15 digit,Patrick Kelly,6576820573433333,315,06/30
1638,JCB 15 digit,Robert Anderson,4641211433712668,862,11/29
1639,VISA 16 digit,Abigail Stanley,4040583262605933,540,06/32
1640,Maestro,Timothy Castillo,6562850676348274,961,01/35
1641,JCB 15 digit,Sherry Diaz,573743672160,433,11/26
1642,Diners Club / Carte Blanche,Robert Duncan,6523362279268014,204,03/35
1643,Maestro,Margaret Brown,180001625101449,357,06/31
1644,Diners Club / Carte Blanche,Gabriel Scott,349479147243246,091,06/35
1645,VISA 16 digit,Jason West,502046799586,452,11/29
1646,VISA 16 digit,Kayla Black,3575802886637428,8037,12/33
1647,VISA 16 digit,Wayne Taylor,587407959465,244,06/31
1648,Diners Club / Carte Blanche,Dawn Rogers,3545993988271385,696,01/30
1649,American Express,Katie Robinson,180038665047314,474,03/27
1650,VISA 16 digit,Jared Atkinson,3525021371964202,448,08/34
1651,Diners Club / Carte Blanche,Barbara Welch,378171342058644,960,09/30
1652,Diners Club / Carte Blanche,Lauren Smith,3500405519808067,467,04/27
1653,Mastercard,Kimberly Williams DVM,3568014785524298,286,04/28
1654,American Express,Joshua Noble,4505706940099,713,07/33
1655,VISA 16 digit,Veronica Bryant,4265345019812982,446,08/33
1656,JCB 15 digit,Nicole Vargas,3593671287096197,435,12/29
1657,JCB 15 digit,Jacqueline Snyder MD,4365071495223,798,07/33
1658,JCB 16 digit,Breanna Sanford,4246783151934,593,11/26
1659,American Express,Jonathan Gomez,502081145356,722,04/34
1660,JCB 15 digit,Karen Hunter,180021640010680,565,06/31
1661,VISA 16 digit,Melissa Hawkins,4499523011951754,991,08/35
1662,Mastercard,Janet James,213129401075254,631,04/27
1663,JCB 16 digit,William Smith,4220704179383131688,208,12/26
1664,VISA 13 digit,Christopher Smith,3538401209650766,579,04/33
1665,VISA 16 digit,Kristin Ramirez,3515569735353985,194,06/29
1666,Maestro,Cynthia Wilson,4630722144730,186,09/31
1667,Mastercard,Kelly Griffin,4977326759417,4354,06/35
1668,Mastercard,Amanda Washington,2255507880163318,010,12/29
1669,VISA 16 digit,Kendra Gray,2254140231507008,228,11/35
1670,Discover,Sabrina Owen,6011916996019809,211,01/33
1671,American Express,Theresa Burton,6521454529337889,302,11/34
1672,JCB 15 digit,Veronica Walker,2709086677962960,373,02/28
1673,American Express,Jacqueline Adams,180048423398628,7207,11/26
1674,JCB 16 digit,Todd Smith,2242040590932414,308,02/29
1675,Diners Club / Carte Blanche,Angela Williams,4034414327189994,971,12/30
1676,VISA 13 digit,Angel Salazar,4827181495251721,319,10/35
1677,VISA 13 digit,Grace Bolton,3513943580844772,317,03/27
1678,American Express,Levi Smith,4127488982908,959,01/28
1679,VISA 16 digit,Jason Rios,4610982441851,791,06/30
1680,Diners Club / Carte Blanche,Brian Baker,4495923077870530,442,11/30
1681,American Express,Debra Johnson,4258218874125809,014,02/33
1682,American Express,Cameron Monroe,374245307486216,597,10/33
1683,VISA 13 digit,Bethany Davenport,6577433213973038,638,01/31
1684,VISA 13 digit,Courtney Robinson,4215854816874265834,338,07/28
1685,Maestro,Kathy Turner,4368364170366718,752,03/27
1686,JCB 16 digit,Jeffrey Boyer,347246041564296,320,06/27
1687,VISA 16 digit,Morgan Li,345538708497014,082,08/32
1688,Mastercard,Alexis Sullivan,180081788260885,052,08/27
1689,VISA 16 digit,Ashley Osborne,30417835880097,120,04/35
1690,Discover,Stephen Moyer,4002246278945315,451,01/35
1691,VISA 19 digit,Rodney Baker,30057975801063,731,08/32
1692,JCB 16 digit,Bobby Foley,3561080663918388,265,12/28
1693,American Express,Megan Berry,3514449194687705,327,01/28
1694,Maestro,Amy Morrison,180098575730805,975,06/26
1695,JCB 15 digit,Kelly Gonzalez,180052288843363,524,11/34
1696,VISA 19 digit,Mr. Mark Gonzalez PhD,4247189115011690,413,10/26
1697,American Express,Lauren Anderson,4967646453734,023,06/33
1698,JCB 16 digit,Brittney Hernandez,3540175513094608,932,03/29
1699,VISA 13 digit,Robert Porter,4726923112188768165,768,09/27
1700,Diners Club / Carte Blanche,Ashley Benton,6011695207500589,8681,09/33
1701,American Express,Daniel Crawford,6011809974804245,544,03/27
1702,Mastercard,Cheyenne Hernandez,4338316182122080,502,12/30
1703,JCB 16 digit,Natasha Richardson,4548742912714,838,10/29
1704,Diners Club / Carte Blanche,Dave Thomas,4099196880892286,136,12/30
1705,American Express,Robert Mitchell,4866986442014218,6571,04/26
1706,VISA 16 digit,Gabriel Anthony,180000752829715,984,09/30
1707,JCB 16 digit,Katie Whitehead,676364006368,586,10/34
1708,American Express,Charles Freeman,3547959289985534,133,04/32
1709,Mastercard,Jeffrey Jackson,374104443107402,5805,10/34
1710,Discover,Tammy Thompson,3512001398699697,977,10/32
1711,VISA 16 digit,Jonathan Smith,180071479407895,776,08/27
1712,JCB 15 digit,Nathan Bell,3575081105995905,143,10/28
1713,VISA 13 digit,Gerald Skinner,4596974955539476507,659,05/27
1714,Maestro,Christopher Daniels,180088820036629,354,05/27
1715,VISA 13 digit,Tammy Riggs,3570151052804338,730,02/26
1716,Maestro,Nicole Stewart,2705413714141909,885,07/27
1717,VISA 16 digit,Robin Santos,2720666937415795,767,08/32
1718,JCB 15 digit,Colleen Andrade,3576517774203898,0333,12/27
1719,JCB 16 digit,Jacob Ellis,4657440322544665,631,11/29
1720,American Express,Jonathan Donovan,676243227532,590,08/30
1721,VISA 16 digit,Kathy Morrow,343617296805564,633,07/26
1722,VISA 19 digit,Troy Flores,370593505382172,190,06/26
1723,Diners Club / Carte Blanche,John Sanchez,30586516391945,987,06/28
1724,American Express,Pamela Wall,213191830999439,794,05/30
1725,JCB 16 digit,Darren Vaughan,4340612732692714250,148,04/28
1726,JCB 15 digit,Gary Ibarra,2716618307427914,383,03/34
1727,Diners Club / Carte Blanche,Kenneth Cannon,567156716688,319,08/35
1728,JCB 15 digit,John Mosley,3547707318164427,197,12/33
1729,JCB 15 digit,Laura Allen,3531755031260525,552,08/29
1730,JCB 16 digit,Christine Wise,30398964291357,750,07/31
1731,Diners Club / Carte Blanche,Kent Hood,3597286335707806,7910,04/34
1732,Diners Club / Carte Blanche,Anita Calhoun,3568643245880922,423,08/32
1733,VISA 16 digit,Megan Padilla,180008400210527,971,04/26
1734,American Express,Scott Williams,371881646980841,244,01/35
1735,Discover,Gary Ward,343774946445992,684,12/33
1736,JCB 16 digit,Jordan Lopez,373681391733439,223,11/30
1737,JCB 16 digit,Jason Wiggins,2262457647052472,588,02/26
1738,JCB 16 digit,Marc Gonzales,4751260845102014,000,10/28
1739,VISA 19 digit,Christine Jones,3534561549682722,982,08/28
1740,VISA 13 digit,Brian Perez,3590810569036538,628,12/34
1741,Maestro,Chris Small,3593032561914318,857,06/33
1742,Discover,Justin Meyer,4561796682034052415,622,02/32
1743,VISA 16 digit,Mary Doyle,2280554454351118,670,06/27
1744,JCB 16 digit,Natalie Cooper,4874492978099673,279,12/35
1745,JCB 15 digit,Dawn Ramsey,6011027166105889,086,12/26
1746,VISA 19 digit,Lisa Turner,30177732779525,195,06/35
1747,Maestro,Stacy Carter,4502311990270,607,04/30
1748,JCB 16 digit,Carl Moreno,4186112966349,339,06/30
1749,Discover,Carolyn Brown,371477064174965,9697,03/30
1750,Mastercard,Andre Ramirez,582614378864,343,03/32
1751,Diners Club / Carte Blanche,Lawrence Blake,6011827638912022,365,01/28
1752,Diners Club / Carte Blanche,Alan Roberson MD,180027643420354,356,01/32
1753,Diners Club / Carte Blanche,Jessica Thompson,4843783813180,109,01/31
1754,JCB 16 digit,Catherine Lewis,3565258512181392,604,11/30
1755,VISA 13 digit,Miguel Allison,4608166616124,672,09/26
1756,Discover,Ashley Cook,30347039407688,587,06/35
1757,VISA 16 digit,Ryan Ramos,4681294913110746775,013,04/35
1758,Mastercard,Russell Hudson,213180163258323,7301,10/26
1759,JCB 16 digit,Amber Harrell,676305790203,9490,02/32
1760,VISA 13 digit,Mary Carr,574222035390,047,06/26
1761,VISA 19 digit,Jordan Smith,676335697030,807,01/34
1762,JCB 15 digit,Michael Murphy,4031625815643120865,470,08/31
1763,JCB 16 digit,Joel Burns,30127074093019,141,04/27
1764,Mastercard,Lisa Johnson,5506611283442871,297,01/30
1765,VISA 13 digit,Kendra Le,3528294593554526,278,02/30
1766,American Express,Savannah Robinson,180086266112987,993,06/30
1767,Diners Club / Carte Blanche,Megan Hardy,38855329317922,888,03/34
1768,Maestro,Diane Perez,4345417930676194,686,09/28
1769,JCB 16 digit,Daniel Moon,213151365164841,552,04/32
1770,VISA 16 digit,Michael Sheppard,2474661796657155,530,02/33
1771,VISA 19 digit,Randy Kidd,4591448786125839,763,03/27
1772,JCB 15 digit,Christine Lee,3542676661841078,114,12/35
1773,Diners Club / Carte Blanche,Samantha Lewis,4022266388304340,401,10/33
1774,JCB 15 digit,Laurie Davis,344843771346978,161,12/31
1775,Maestro,Ann Mitchell,675999435125,504,11/34
1776,VISA 16 digit,Ryan Walker,630415409352,372,04/28
1777,Discover,Joshua Smith,4279967971797374,3329,10/34
1778,VISA 13 digit,Derek Davies,213180061758572,007,09/35
1779,Diners Club / Carte Blanche,Vanessa Young,4826378600239200,066,02/28
1780,VISA 16 digit,Robert Smith,4026720863290321,492,10/32
1781,VISA 19 digit,Michael Lane,3527153590074303,125,04/26
1782,Maestro,Kristin Jones,2278576486977564,448,05/35
1783,JCB 16 digit,Morgan Bush,377955181847625,783,12/33
1784,Discover,Elizabeth Shepherd,348653796833835,585,10/35
1785,VISA 13 digit,Joel Lawson,4400164634591640,502,01/36
1786,VISA 19 digit,Christopher Larson,4021124416027,280,03/26
1787,Mastercard,Amanda Kline,4301489736812135,758,09/27
1788,Mastercard,John Mcmahon,213114056938949,604,08/26
1789,Maestro,Lisa Lee,370186663839057,186,10/31
1790,VISA 16 digit,Philip Jensen,345512654144532,303,06/26
1791,Mastercard,Jennifer Yu,347820230952916,499,11/26
1792,VISA 19 digit,Molly Higgins,6542454070191458,347,03/29
1793,JCB 15 digit,Michelle Brown,4882994666983154892,337,05/35
1794,American Express,Karen Harris,4846157682446,391,04/28
1795,JCB 16 digit,Pamela Beasley,2464733796011824,7024,03/35
1796,JCB 16 digit,Carlos Moran,4093178326113432,192,06/27
1797,JCB 16 digit,Shane Sanchez,4462383112742067836,392,02/34
1798,Mastercard,Sherry Rivas,4707271644797,858,11/26
1799,Mastercard,Ronald Turner,349807140483379,268,10/34
1800,VISA 16 digit,Brenda Lewis,3574267565895666,146,12/33
1801,VISA 16 digit,Dr. Christopher Massey,4343036778335739388,162,09/35
1802,VISA 16 digit,Ronald Callahan,503868772669,486,06/31
1803,VISA 16 digit,Adam Martinez,180091697531797,698,05/28
1804,VISA 16 digit,Amber Sullivan,6011198363479631,616,08/34
1805,Diners Club / Carte Blanche,Adam Murray,213192060422761,173,05/35
1806,Mastercard,Troy Garcia,345483547513863,702,06/29
1807,VISA 19 digit,Timothy Long,3591896766640015,109,02/31
1808,Discover,Susan Higgins,6513981989279482,139,04/30
1809,American Express,Thomas Miller,30273894185302,760,06/34
1810,VISA 16 digit,Jennifer Smith,180073874857294,916,12/31
1811,Diners Club / Carte Blanche,Richard Lucas,6576665794465873,928,03/34
1812,VISA 19 digit,Marvin Hayes,213135001363297,219,06/34
1813,Mastercard,Monica Bright,3548687820622683,860,08/26
1814,American Express,Kayla Kennedy,3530136710855938,125,05/29
1815,American Express,Nicholas Gutierrez,4693714227764,458,03/33
1816,VISA 19 digit,Meghan Bradley,213155725682293,510,04/31
1817,American Express,Stacey Diaz,3526560122785670,291,11/31
1818,American Express,Stephanie Moreno,4090305267335,416,09/26
1819,VISA 13 digit,Amber Horne,180028796792227,006,05/34
1820,Maestro,Rachel Mueller,2712852180651738,568,07/31
1821,JCB 16 digit,Brian Cox,30553321698161,228,04/26
1822,VISA 19 digit,Amanda Rogers,30421963226867,860,10/30
1823,VISA 16 digit,Joseph Ferguson,213127076191240,0406,02/27
1824,JCB 15 digit,Greg Johnson,30031112963177,971,07/30
1825,Discover,Bryce Vazquez,377828327634829,549,06/31
1826,VISA 13 digit,Crystal Rodriguez,3528541726278518,699,02/33
1827,Discover,Ann Smith,3501159889433431,927,06/29
1828,Discover,Matthew Powell,2260135795919500,969,11/26
1829,VISA 16 digit,Monica Alvarado,3519249039020772,309,10/26
1830,VISA 16 digit,Samuel Weaver,4932685683013,334,03/29
1831,VISA 16 digit,Ricardo Hudson,5313098301623687,342,02/32
1832,VISA 16 digit,Marcus Richardson,3563670298562458,8370,06/28
1833,VISA 16 digit,Reginald Fox,4553665343189257,755,07/29
1834,JCB 16 digit,Jasmine Hall,5222685548954022,139,03/35
1835,JCB 16 digit,John Moore,4349333983135,3378,05/33
1836,VISA 13 digit,Maria Roberts,30481384954893,523,03/32
1837,VISA 19 digit,Bradley Dixon PhD,676281107018,229,11/31
1838,VISA 19 digit,Michelle Davis,2711662819003487,078,12/27
1839,Maestro,Kevin Clements,562380722982,604,05/27
1840,VISA 16 digit,Kristen Evans,5510661650077473,530,12/29
1841,JCB 16 digit,Dawn Riley,3545300147260806,495,09/31
1842,American Express,Monica Conway,38515204914884,981,04/28
1843,VISA 16 digit,Brianna Nichols,36294852009296,157,07/29
1844,VISA 19 digit,David Powers,2419020628208042,451,03/32
1845,JCB 16 digit,Joseph Cruz,180006747244480,045,01/31
1846,VISA 16 digit,Brian Delacruz,4437595510364619,925,01/34
1847,Mastercard,Natalie Rice,180085969189656,248,09/27
1848,Discover,Natalie Hartman,180000215168321,458,03/32
1849,VISA 13 digit,Jessica Smith,2296151250662061,206,07/27
1850,Mastercard,Ashley Rodriguez,180081809449095,293,04/33
1851,Diners Club / Carte Blanche,Dennis Holt,6553533777484146,907,01/31
1852,VISA 13 digit,Bryan Delgado,30470971989289,205,05/34
1853,Diners Club / Carte Blanche,Amanda Morgan,180006553695338,8722,05/29
1854,American Express,Edward Avila,4690298992925211,593,10/29
1855,JCB 15 digit,Johnny Williams,30420719238762,943,10/31
1856,JCB 15 digit,Melvin Anderson,2283277096506041,407,10/31
1857,Maestro,Karen Anderson,3516465883411924,7457,09/26
1858,Diners Club / Carte Blanche,Vickie Rivera,4682222035676356834,776,01/34
1859,VISA 13 digit,Blake Price,3518217603964262,716,05/26
1860,VISA 19 digit,Sharon Chan,3595510097199312,345,10/33
1861,American Express,David Moore,3569565386538887,928,10/29
1862,American Express,Cesar Jackson,4867822166946,804,04/32
1863,Discover,Eric Murray,4689768015543,403,05/33
1864,VISA 13 digit,Joseph Hernandez,4029347167856370,112,10/30
1865,American Express,Megan Sanchez,2242440932285549,327,02/30
1866,Mastercard,Rebecca Cooper,4127807840167,243,07/29
1867,JCB 16 digit,Anna Armstrong,630472611494,596,07/29
1868,Maestro,Toni Reeves,3562610136820255,7369,06/34
1869,Mastercard,Anthony Barr,4104074027501651,991,07/30
1870,VISA 16 digit,Amanda Green,5117479264861803,171,04/32
1871,Maestro,Justin Brown,373003696944191,293,11/27
1872,JCB 16 digit,Lisa Morrison,3593053331470712,621,08/27
1873,Diners Club / Carte Blanche,Rachel English,30169711493376,617,03/30
1874,VISA 16 digit,Lindsey Carpenter,4388516696103083,628,08/27
1875,Discover,Joanne Jones,2253990163617956,139,05/29
1876,JCB 15 digit,Nicholas Wright,4218755851709486846,979,06/32
1877,VISA 16 digit,Kayla Stevens,5399786931543492,245,05/30
1878,JCB 15 digit,Jeffrey Wheeler,180063246617682,958,03/32
1879,VISA 16 digit,Casey Armstrong,2719649277866945,629,04/35
1880,VISA 16 digit,Erin Bernard,3549790799296668,573,02/32
1881,VISA 13 digit,Anthony Christian,5475771560085822,418,12/27
1882,American Express,Randall Hopkins,675960393790,142,11/32
1883,Discover,Michelle Robbins,6585870487766848,645,11/27
1884,American Express,Richard Walker,3534162324601118,863,09/29
1885,VISA 19 digit,Janet Stone,2720649566811294,106,08/29
1886,VISA 16 digit,Annette Rowe,676273440716,369,06/33
1887,VISA 19 digit,Crystal Diaz,6516151955805721,791,11/27
1888,JCB 16 digit,Deanna Jones,581409608212,128,09/35
1889,Diners Club / Carte Blanche,Ricky Fox,4006091279261684,995,09/28
1890,Diners Club / Carte Blanche,Raymond Garcia,3550677592429222,879,04/29
1891,JCB 15 digit,Cheryl Erickson,3525001980958407,615,10/32
1892,American Express,Haley Frost,4014528563940,137,04/33
1893,Mastercard,Lindsay Cummings,3538755647664410,945,04/33
1894,JCB 16 digit,Linda Lynn,4604234359020478908,763,10/34
1895,JCB 16 digit,Daniel Mcknight,4999068639946,411,06/31
1896,VISA 13 digit,Rodney Lucas,4671261879587218,460,08/26
1897,JCB 15 digit,Donna Green,4872493069302952,308,08/35
1898,VISA 16 digit,Christine Olson,4153662309416448,436,04/35
1899,VISA 19 digit,Daisy Hodges,4166201137451379,123,07/33
1900,VISA 19 digit,Kimberly Castillo MD,180097404611939,270,06/31
1901,Mastercard,Andrew Knapp,6011446488480228,167,06/29
1902,Maestro,Amanda Reyes,4946421880629434230,106,09/33
1903,Mastercard,James Vaughn,4869367484089516,114,10/28
1904,JCB 16 digit,Shawn Irwin,6011983565147825,533,07/34
1905,Mastercard,Wendy Flynn,4634826234469686,5061,01/33
1906,Diners Club / Carte Blanche,Mark Wong,4663545715980,743,05/26
1907,JCB 16 digit,Melanie Ortiz,586416339354,912,06/26
1908,Mastercard,Daniel King,4149799816249255,171,07/33
1909,Diners Club / Carte Blanche,Travis Martin,4587058790173057448,492,08/33
1910,Diners Club / Carte Blanche,Tyler Griffith,2317518435967414,049,04/29
1911,JCB 16 digit,Matthew Vaughan,4149076898284112197,749,10/31
1912,Maestro,Eric Clark,3567117675692504,513,03/31
1913,JCB 16 digit,Kevin Stevens,30312888032722,542,04/33
1914,Discover,Gregg Duffy,30410294074807,873,05/29
1915,Maestro,Laura Blake,180032909655438,927,12/28
1916,Mastercard,Stephanie Marshall,4448186770331345,638,03/32
1917,VISA 16 digit,Dawn Meyer MD,4888547979868,208,04/31
1918,VISA 16 digit,Emily Burns,4837752308767331,801,07/28
1919,Mastercard,Daniel Williams Jr.,3519018416232866,1970,11/30
1920,Maestro,Jennifer Collins,3549601567738635,078,08/26
1921,VISA 13 digit,William Phillips,213153401359351,385,07/35
1922,VISA 13 digit,Tonya Castro,4157603991515085,430,11/32
1923,Mastercard,Courtney Williams,378982720496721,535,10/28
1924,Maestro,Kristina Russell,180036106297019,382,05/35
1925,JCB 16 digit,Karen Kim,676325400544,035,07/28
1926,Maestro,Kelly Ellison,4798845180726701,894,12/34
1927,Discover,Jaclyn Holmes,6513587917836366,060,11/35
1928,VISA 19 digit,Norma Berry,4704007709002,539,10/28
1929,American Express,Alexis Flores,4417737092165,859,03/29
1930,JCB 16 digit,Whitney Johnson,6011221719818680,935,12/34
1931,JCB 16 digit,Christine Carr,3508842937274088,9443,10/27
1932,VISA 13 digit,Christine Cook,4676251494540986,888,05/34
1933,American Express,Benjamin Sanders,4252444344165,910,06/30
1934,JCB 16 digit,Tara Williams,180000683149100,973,07/32
1935,JCB 16 digit,Jessica Clark,180014836707375,198,08/28
1936,VISA 16 digit,Shawn Bruce,4783401599094,728,12/29
1937,Diners Club / Carte Blanche,Joshua Edwards,4531622478872220,467,02/35
1938,Diners Club / Carte Blanche,Deborah Blair,3593900446609347,459,05/27
1939,VISA 13 digit,Andrea King MD,4161358487947706,740,09/31
1940,Discover,Christopher Green,4054326135053771,789,10/35
1941,VISA 16 digit,Samantha Villarreal,4123272269465043352,762,12/26
1942,VISA 19 digit,Katelyn Rodriguez,6011249561580298,589,12/33
1943,Mastercard,Amy Johns,3550487438810993,758,12/29
1944,JCB 16 digit,Joseph Sparks,6556353866361585,274,03/35
1945,VISA 16 digit,Gary Weber,3551459529121555,278,05/34
1946,Mastercard,Kelsey Odonnell,5314710084291800,780,07/26
1947,VISA 13 digit,Tristan Williams,30504991843322,8940,05/31
1948,Discover,Bruce Mullins,5305453810942732,592,10/31
1949,VISA 19 digit,Alexa Moore,502041207270,351,05/30
1950,VISA 16 digit,Stephen Watson,3590113344464327,174,10/31
1951,VISA 13 digit,Lisa Davis,4141605413740133,235,01/30
1952,JCB 15 digit,Carla Wood,630423320559,015,06/28
1953,VISA 13 digit,Robert Tucker,3508283852050833,798,02/32
1954,VISA 19 digit,Sean Wilson,5434586041718860,272,09/30
1955,JCB 16 digit,Jillian Yates,676322438455,626,11/31
1956,VISA 19 digit,Mark Phillips,379824884418274,5267,03/30
1957,JCB 16 digit,Veronica Smith,30005969895104,678,03/26
1958,VISA 16 digit,Louis Greene,2230151618673999,531,10/34
1959,American Express,Samantha Mason,3587345600366623,367,09/32
1960,JCB 16 digit,Lydia Lynn,4862981600397575852,793,09/34
1961,American Express,Kevin Davis,213138282230060,1141,02/29
1962,VISA 16 digit,Robert Henderson,30510423885336,715,06/31
1963,JCB 16 digit,Diamond Burns,4955710555831,034,12/32
1964,JCB 16 digit,David Ramirez,4057560195469,122,02/29
1965,Mastercard,Nicole Serrano,4502613415224,076,07/33
1966,JCB 16 digit,Eric Palmer,379213338571047,708,03/35
1967,Diners Club / Carte Blanche,Kevin Butler,4669091044828505392,861,12/33
1968,Mastercard,Ryan Davis,346343968591898,146,04/29
1969,American Express,Danielle Rivera,180014427000214,749,07/28
1970,American Express,Wanda Martinez,6011064204787196,544,03/30
1971,Diners Club / Carte Blanche,Victoria Holmes,4965654532225,959,12/28
1972,American Express,Mark Ferguson,3559016615503120,570,08/33
1973,Diners Club / Carte Blanche,Anthony Warner,3532216981740809,0620,10/27
1974,Diners Club / Carte Blanche,Kristin Hess,502091086327,962,08/32
1975,VISA 13 digit,Julie Ward,5306004557017250,050,10/35
1976,JCB 16 digit,Deborah Hernandez,30326398545148,263,05/31
1977,Diners Club / Carte Blanche,Yolanda Thomas,4440791369469,468,05/34
1978,JCB 15 digit,Dr. Mark Jones Jr.,6534306658179158,102,04/35
1979,VISA 19 digit,Kristen Chambers,3597187964265191,367,06/28
1980,VISA 16 digit,Jennifer Wilson,348544514349271,496,04/29
1981,American Express,Sherry Maldonado,4493075132333400,557,07/33
1982,JCB 15 digit,Jon Booth,213129471006577,834,01/34
1983,VISA 19 digit,Deborah Butler,4287447421717328775,540,05/32
1984,American Express,Phillip Barron,213166823103363,578,11/30
1985,Mastercard,Rodney Morrison,6539215166080656,827,09/31
1986,American Express,Robert Webb,5114593083980470,156,05/30
1987,VISA 16 digit,Justin Waters,501844228269,782,03/35
1988,VISA 16 digit,Brittany Edwards,4866852396628462,4727,04/26
1989,Diners Club / Carte Blanche,Glenn Warner,4197738650542004,646,10/35
1990,Discover,Alexandra Perkins,3599150449353972,502,06/33
1991,JCB 16 digit,Juan Wu,2290205028270866,743,06/29
1992,Discover,Brian Williams,2247156335172127,9122,06/27
1993,Discover,Danielle Mckinney,4482247556619555,381,03/30
1994,American Express,Nicholas Kemp,4417917013905239536,111,09/26
1995,JCB 16 digit,Ashley Fernandez,3510000927350915,588,07/31
1996,JCB 15 digit,Wayne Flores,2474559560197277,623,02/26
1997,VISA 13 digit,Kevin Reynolds,347912780010888,351,06/33
1998,JCB 15 digit,Michael Wilson,374507186184935,437,05/27
1999,JCB 16 digit,Heather Espinoza,3570340092996424,951,01/34
2000,Diners Club / Carte Blanche,Jimmy Callahan,4417046594625117346,287,09/26
2001,Discover,Maria Nguyen,4306442203554255,1974,12/27
2002,VISA 13 digit,Peter Walters,180085987763649,132,08/26
2003,Mastercard,Michael Kline,5238684188849990,930,02/34
2004,JCB 16 digit,Aaron Hamilton,4157870526005599,538,10/26
2005,VISA 13 digit,Cody Kirk,3531062336832722,288,04/33
2006,American Express,Stephen Lewis,676238546136,980,03/27
2007,VISA 13 digit,Miss Casey Gross,2266374484303247,210,09/32
2008,VISA 19 digit,Christian Reyes,060438985537,1302,12/31
2009,Maestro,Emily Moore,30013135654173,478,04/26
2010,JCB 16 digit,Kendra Hanna,2378887697852309,801,05/34
2011,American Express,Ernest Turner,4821331797327726549,726,11/31
2012,American Express,Beth Phillips,4986532521249070,006,08/30
2013,JCB 16 digit,Natalie Brady,4973020497382344,092,01/29
2014,VISA 13 digit,Juan Cisneros,30119865068474,567,05/30
2015,VISA 13 digit,James Welch,4694546379278,069,04/28
2016,American Express,Shane Adams,3573319816507193,458,04/30
2017,American Express,Courtney Green,6566697084008420,597,03/27
2018,VISA 16 digit,Mark Hernandez,3577368649998877,972,09/30
2019,VISA 16 digit,Daniel Wilson,38013201995965,170,03/35
2020,VISA 16 digit,Brooke Hansen,30256065157374,511,07/30
2021,American Express,Michael Kramer,213178705581012,503,03/31
2022,American Express,Charles Robertson,4115778085618293404,907,07/29
2023,JCB 16 digit,William Oliver,4216280398544,964,09/29
2024,VISA 19 digit,Zachary Murray,4302352295382438,436,11/32
2025,JCB 16 digit,Stephanie Jarvis,3522951244081391,666,01/34
2026,VISA 16 digit,Stephen Graves,501828993995,653,09/33
2027,VISA 13 digit,Ryan Harris,3567448197846736,814,07/34
2028,VISA 16 digit,Kerry Davis,4409161184356326,6367,08/29
2029,JCB 16 digit,Richard Hodges,4439102764480585,1711,06/29
2030,VISA 16 digit,Chad White,3598801497967441,652,12/35
2031,VISA 16 digit,Matthew Swanson,3542367832769576,193,12/30
2032,VISA 13 digit,Thomas Robinson,213190641667474,817,02/32
2033,JCB 15 digit,Erik Conner,4192263317922668,445,03/30
2034,VISA 19 digit,Edward Burns,2720210185343837,157,10/29
2035,Mastercard,Elizabeth Munoz,4917824966712124,383,07/28
2036,Mastercard,Christopher Mason,4500712744223626,1962,02/31
2037,JCB 16 digit,Matthew Martinez,180063289767170,606,04/31
2038,JCB 16 digit,Leah Holloway,3579380296124259,388,02/33
2039,JCB 15 digit,Michele Davis,180072691241468,057,02/35
2040,Discover,Brett Warren,060499833287,743,10/28
2041,Maestro,Anthony Cook,344095920080087,165,02/34
2042,VISA 16 digit,Chelsea Brock,346058661482712,351,03/31
2043,JCB 16 digit,James Barnes,675997521124,0434,05/33
2044,Maestro,Sean Santos,3550762218865643,653,03/27
2045,Discover,Mr. Aaron Diaz,2720542290816970,045,03/31
2046,JCB 16 digit,Charles Gomez,3586155580057543,470,11/32
2047,JCB 16 digit,Heidi Jenkins,3544186622423774,916,01/31
2048,VISA 16 digit,Brandon Salas,3596561003080202,821,05/26
2049,Mastercard,Mrs. Christine Fernandez,6011085286148080,310,11/26
2050,VISA 13 digit,Kevin Moody,4857772530246477542,6364,03/35
2051,VISA 19 digit,Laura Higgins,213174207773884,032,01/30
2052,VISA 16 digit,Austin Gordon,30433194853898,096,10/26
2053,JCB 15 digit,Abigail West,3566760716313373,151,05/29
2054,Diners Club / Carte Blanche,Scott Harris,3545912810054157,470,10/27
2055,JCB 16 digit,Brooke Arias,4580404347400,386,04/31
2056,VISA 16 digit,Kenneth Chaney,2276860349223909,010,11/31
2057,VISA 16 digit,Heather King,3508617603363161,084,05/34
2058,American Express,Anthony Garcia,4125886549550,058,09/35
2059,Maestro,Sheila Hicks,2231984845731308,985,12/33
2060,VISA 16 digit,Matthew Rasmussen,3581988323624905,740,01/34
2061,VISA 16 digit,Roberta Miller,4121548084078,459,09/32
2062,Discover,Tina Mitchell,6011298028263501,445,05/33
2063,Mastercard,Elizabeth Mckinney,2245658071189597,137,08/28
2064,American Express,Emily Sanchez,4367410951355403,688,03/32
2065,VISA 13 digit,Joshua Simon,3550598447129710,552,12/27
2066,Mastercard,Timothy Martin,4027938172234306,194,11/28
2067,VISA 16 digit,Nicholas Reyes,3549268035572465,095,05/35
2068,VISA 16 digit,Glenn Mccoy,503899362613,832,09/34
2069,American Express,Christopher Mendoza,3504281833136220,786,03/31
2070,Maestro,Mary Holder,3568210419603777,488,06/26
2071,VISA 13 digit,Jennifer Garcia MD,4640881952782358407,275,05/35
2072,VISA 16 digit,Cynthia Moreno,6566598870113756,6871,12/32
2073,VISA 16 digit,Lisa Hayden,4161027532880622,7781,06/30
2074,Discover,Patrick Miller,30537888863789,423,07/26
2075,VISA 16 digit,James Harris,4914866065298320825,005,05/29
2076,Maestro,Corey Blair PhD,4735737787009,731,07/29
2077,JCB 16 digit,Sarah Gonzalez,4949071635306985,6618,06/32
2078,VISA 16 digit,Willie Johnson,3595506750396740,540,02/32
2079,JCB 15 digit,Sara Webb,180029762772474,146,04/33
2080,American Express,Duane Erickson,3595807100156960,992,05/34
2081,Mastercard,Richard Rich,4127108646685611,4465,06/33
2082,VISA 16 digit,Mackenzie Lawson,573331124855,560,11/34
2083,Discover,Willie Martinez,30479744390550,030,07/30
2084,Diners Club / Carte Blanche,Natalie Hill,676263093558,955,03/26
2085,American Express,Beverly Boyle,30557088198778,597,01/33
2086,JCB 16 digit,Tyler Parker,4133503860799423,985,03/33
2087,JCB 16 digit,Tonya Brandt,4196486188701327,169,08/27
2088,Mastercard,Tracy Arroyo,4377555866623655,861,08/30
2089,JCB 16 digit,John Morgan,6011193850932408,419,09/29
2090,Mastercard,Tina Joyce,4810997314146191,315,09/34
2091,Mastercard,Tyler Mcconnell,343493584900792,922,10/28
2092,Diners Club / Carte Blanche,Jordan Skinner,180097180735316,884,10/27
2093,Mastercard,Jimmy Velasquez,4744372253015347,5084,11/27
2094,JCB 16 digit,Kaitlyn Allen,5272396323108524,357,06/33
2095,JCB 16 digit,Jeffrey Kaufman,4677924937387079,788,11/26
2096,VISA 19 digit,Ricky Smith,4757739569273402,062,12/33
2097,American Express,Melissa Villegas,4868414733063731865,237,11/32
2098,VISA 16 digit,Anthony Davis,3596820690743633,776,12/34
2099,VISA 16 digit,Molly Garcia,6527789720843571,049,03/31
2100,Mastercard,Jeffery Park,213147123903090,714,09/31
2101,Mastercard,Rodney Young,180028042778061,472,06/33
2102,Mastercard,Anna Williamson,4904237010128,137,02/32
2103,VISA 16 digit,Daniel Dunn,3528531986447325,275,01/32
2104,Discover,Michael White,4759753489944,683,10/31
2105,American Express,Amy Lewis,180082050561349,857,07/32
2106,VISA 13 digit,Paul Gonzales,346317965937395,573,09/30
2107,JCB 16 digit,Paula Mooney,3559910915149859,016,04/28
2108,JCB 16 digit,Rebecca Fields,4951569291474911359,978,02/35
2109,VISA 16 digit,Susan Vaughan MD,4461578830079652,056,04/28
2110,VISA 16 digit,Pamela Barajas,213114086370006,898,05/29
2111,American Express,Johnny Avery,4384088880915403,213,07/34
2112,Discover,Jennifer Aguirre,5319837446109837,333,09/26
2113,VISA 19 digit,Gary Hamilton,4324146713995,771,05/29
2114,American Express,Thomas Tucker,3561465635120926,342,08/34
2115,Mastercard,Christopher Clark,180099058684493,081,06/32
2116,JCB 15 digit,Alan Roth,3517067569152282,733,12/31
2117,Maestro,Rebecca Robertson,3587401458186488,459,01/28
2118,JCB 16 digit,Jill Prince,372586341501110,329,04/30
2119,VISA 19 digit,Carrie Mason,180052505894686,022,01/30
2120,Mastercard,Matthew Perez,4524374770450102,848,08/26
2121,Mastercard,Kathleen Cardenas,6517542525330464,041,02/31
2122,American Express,Robert Richardson,4467488673113054367,060,02/31
2123,VISA 19 digit,Tiffany Stanley,4672996831467364176,610,01/30
2124,JCB 16 digit,Nancy Smith,567247654690,918,01/33
2125,Discover,Lisa Lopez,213115305113929,809,11/26
2126,VISA 16 digit,Deborah Warren,4080886935764370,079,12/34
2127,Maestro,Rachel Lee,4700176135557,194,03/35
2128,Diners Club / Carte Blanche,Heather Donaldson,4235052781232,056,06/26
2129,VISA 13 digit,Shannon Brooks,30316627426418,105,08/26
2130,Diners Club / Carte Blanche,Debbie Miller,3564100433273125,610,12/33
2131,VISA 13 digit,Darren Mendez,3534575765594718,662,12/28
2132,JCB 15 digit,Rhonda Nguyen,2563583248402901,878,08/33
2133,JCB 15 digit,Roger Phillips,213109538358153,193,06/35
2134,VISA 19 digit,Jessica Elliott,2636344448241158,861,12/28
2135,JCB 15 digit,David Miller,4297110540584790414,492,11/28
2136,VISA 16 digit,Amber Glass,349320263563233,103,06/34
2137,VISA 16 digit,Ronald Johnson,30117495548360,435,08/27
2138,VISA 16 digit,Christina Bond,4785359178840965217,699,10/28
2139,VISA 13 digit,Catherine Herrera,343816322966552,146,04/26
2140,JCB 15 digit,Angelica Rodriguez,6594464882287961,216,09/35
2141,American Express,Tabitha Cruz,4047450232977,236,01/30
2142,JCB 16 digit,Adriana Soto,3574838851297914,915,10/35
2143,Discover,Rebecca Scott,4456376088406655531,261,07/34
2144,VISA 13 digit,Casey Faulkner,213144112807168,098,02/31
2145,VISA 13 digit,Tanya Young,4190617582156499532,443,06/30
2146,Maestro,Mrs. Jennifer Griffin,180002912918040,087,11/31
2147,American Express,Jennifer Garcia,180037150666083,923,10/33
2148,VISA 16 digit,Jacqueline Moore,4791083134148,538,06/33
2149,Diners Club / Carte Blanche,Sean Soto,630477299899,757,12/28
2150,Maestro,Ronald Khan,344746409464594,993,05/28
2151,VISA 13 digit,Mark Scott,2230696179433480,1770,10/31
2152,JCB 16 digit,Joshua Peterson,4068048368668871401,484,05/34
2153,VISA 16 digit,Lawrence Harris,4420356333558719648,562,01/31
2154,Discover,Candace Jones,30082855983013,837,07/29
2155,VISA 16 digit,Tracy Cameron,346031302551476,7590,10/27
2156,American Express,Joshua Parker,6011687174291680,435,05/32
2157,Maestro,Lauren Bentley,30468069612391,937,07/33
2158,JCB 16 digit,Erik Gonzalez,4965022581023032,530,10/28
2159,Discover,Antonio Tucker,348477031696637,607,01/35
2160,American Express,Laura Singh,4741888930123447047,367,11/26
2161,VISA 16 digit,Shawn Johnson,4108548929331586,2914,04/35
2162,American Express,Ross Bridges,676289881036,567,04/34
2163,VISA 13 digit,Andrew Avery,6011204033333610,699,06/31
2164,Mastercard,Vanessa Parker,4469643108999,867,01/27
2165,JCB 16 digit,Cynthia Lyons,4688722950817494,590,02/33
2166,JCB 15 digit,Andrea Cooper,4807630925860500388,677,09/30
2167,JCB 16 digit,Christine Wilson,2720992688383333,332,10/32
2168,Mastercard,Jon Lynch,375232837584172,788,11/31
2169,VISA 16 digit,William Brown,675961790895,243,12/32
2170,American Express,Karen Wilkins,213123042793649,619,07/33
2171,Mastercard,Stephanie Oliver,30416735761522,135,09/29
2172,JCB 16 digit,Samantha Robinson,30320358255814,327,02/30
2173,Diners Club / Carte Blanche,Amber Merritt,565899648721,132,12/34
2174,VISA 16 digit,Jamie Watson,3576194225870152,531,04/35
2175,VISA 16 digit,Carl Martin,213102765019192,936,12/34
2176,Mastercard,Richard Farrell,4620929423414847759,216,04/28
2177,JCB 15 digit,Brenda Jackson,5322374286566830,427,10/34
2178,VISA 16 digit,Brian Chen,676176096169,582,10/31
2179,JCB 16 digit,Laura Oliver,213141773973115,341,09/29
2180,Discover,Kelly Taylor,2230751425070691,179,06/34
2181,Discover,Jessica Kelley,2288477346207193,833,08/31
2182,JCB 15 digit,Jonathan Floyd,3598319165397726,698,03/33
2183,VISA 13 digit,Mr. Michael Mcintyre,4579530846047479,966,08/32
2184,VISA 13 digit,Kristin Nguyen,4283165938394161,051,07/28
2185,Mastercard,Donald Sheppard,6011060021696362,797,08/33
2186,Discover,Jessica Strong,675938370433,257,06/28
2187,JCB 16 digit,Travis Lewis,6568396134297376,557,10/34
2188,Mastercard,Paul Franco,4648154434233594,527,04/34
2189,Maestro,Randy Cox,36236930669880,9443,07/28
2190,VISA 19 digit,Keith Ferguson,6546120786764286,823,01/30
2191,VISA 16 digit,Lisa Jacobs,4977085178338,921,06/32
2192,Diners Club / Carte Blanche,Debra Williams,4608889663580896,001,05/31
2193,Maestro,Sean Woods DVM,4715972958218,856,09/31
2194,Maestro,Evan Moore,676170414780,744,04/32
2195,Discover,Theresa Williams,4352177934230,236,06/28
2196,Maestro,Barbara Ray,372089023208435,789,12/32
2197,VISA 16 digit,Shannon Gomez,5326620538838955,037,10/32
2198,VISA 19 digit,Valerie Frazier,3501425937755673,394,03/26
2199,VISA 13 digit,Tonya White,676261273657,567,11/30
2200,VISA 16 digit,Jonathan Jones,4712218824744774370,8882,06/35
2201,JCB 16 digit,William Smith,4172520714919,058,06/28
2202,JCB 16 digit,Stephanie Peterson,4160046935313223951,349,11/33
2203,Diners Club / Carte Blanche,Amy Ward,502050642136,309,08/28
2204,JCB 16 digit,Gregory Ho,3507599966173596,259,09/26
2205,JCB 16 digit,William Hall,4346189110839,079,11/35
2206,JCB 16 digit,Maurice Gregory,30180238036655,497,09/30
2207,Discover,Ashley Wall,4324042517255207,007,11/27
2208,VISA 16 digit,Janice Miller,6595400360951230,516,05/28
2209,American Express,Michael Alexander,6011901359870139,999,05/33
2210,VISA 16 digit,George Mccarthy,5277820904643430,579,04/30
2211,Maestro,Tina Chavez,4379821191339,358,02/30
2212,VISA 19 digit,Robert Wilcox,4446007895898335,321,04/29
2213,Mastercard,Jessica Pace,4353672867471214484,221,10/27
2214,JCB 15 digit,Bridget Delgado,3586932230065880,185,07/26
2215,JCB 16 digit,Juan May,180063869076778,805,12/35
2216,JCB 15 digit,Emily Cohen,5304988485834137,918,10/30
2217,VISA 19 digit,Anthony Lee,3507318662254158,870,10/29
2218,VISA 16 digit,Ann Collins MD,30269867944469,250,07/30
2219,Diners Club / Carte Blanche,Ryan Levy,4066989576565542736,670,02/34
2220,JCB 15 digit,James Williams,343485393313720,558,01/34
2221,JCB 16 digit,Phillip Rivera,213142369639425,068,02/27
2222,Diners Club / Carte Blanche,James Pierce,4922241024324079185,377,12/33
2223,VISA 13 digit,Laura Garcia,4941962385267,446,01/33
2224,VISA 19 digit,Peggy Collier,4800955871578,909,02/33
2225,Maestro,Rachel Erickson,379082638288176,331,11/34
2226,Maestro,Lisa White,3551594305909201,698,12/32
2227,VISA 13 digit,Nicholas Klein,2421475098311898,678,03/26
2228,JCB 16 digit,Jessica Carpenter,30562641497261,467,05/30
2229,American Express,Lisa Rowe,3504607990733609,5061,03/32
2230,JCB 15 digit,David Robbins,373313409170970,262,01/32
2231,Mastercard,Krista Miller,30286012291232,157,04/30
2232,JCB 16 digit,Joshua Peterson,370922116232452,0591,04/30
2233,JCB 16 digit,Jesse Morris,4228287649178325,672,06/32
2234,JCB 15 digit,Brandon Davenport,6011207647956841,334,02/30
2235,VISA 19 digit,Jesse Pennington,4976660781425,956,07/29
2236,JCB 16 digit,Todd Stanley,3511564813524734,133,06/29
2237,Maestro,Robert Torres,4345832587335108283,046,02/35
2238,VISA 13 digit,Melissa Elliott,213101865787799,390,07/26
2239,VISA 16 digit,Kathryn Thomas,4145209031523900,378,02/26
2240,VISA 16 digit,Jay Johnson,6523222805033730,701,10/27
2241,JCB 16 digit,Melissa Stokes,2227566116670962,177,11/33
2242,Maestro,Mark Williams,566700958804,7622,03/32
2243,Mastercard,Denise Rodriguez,30194854901068,613,07/34
2244,Diners Club / Carte Blanche,Gregory Daniel,4029218769011,884,05/30
2245,JCB 16 digit,Shane Miller,370560427336560,641,10/26
2246,Diners Club / Carte Blanche,Caleb Morris,342587544496048,502,07/27
2247,Diners Club / Carte Blanche,Eddie Coleman,4283414131658040671,093,04/27
2248,JCB 16 digit,Patrick Thomas,4151606153172336,374,04/32
2249,JCB 15 digit,Jeffrey Vasquez,3505112226399894,8416,11/35
2250,Discover,Rodney Williams,2256266602313896,047,06/35
2251,JCB 16 digit,Eric Long,4243234658807,792,11/27
2252,Diners Club / Carte Blanche,Jeff Chavez,4742939355155,744,11/30
2253,VISA 19 digit,Jack Garrett,4543187520416752,094,11/27
2254,JCB 15 digit,Ashley Brown,4774105325460335996,383,07/32
2255,JCB 16 digit,Gary Macdonald,676192367057,607,09/35
2256,VISA 19 digit,Tina Hayes,3580410753730590,072,03/32
2257,VISA 16 digit,Henry Mathews,4641855940664406,328,05/30
2258,Discover,Kevin Key,213153978071751,363,11/28
2259,VISA 19 digit,Joshua Davis,4542380173775993,698,07/27
2260,Mastercard,Jennifer Arnold,376836931043320,244,10/32
2261,American Express,Alan Hanson,213125683111403,301,08/31
2262,VISA 16 digit,Jason Flores,4569702101635,7129,07/29
2263,VISA 13 digit,Crystal Thompson,4356923229613,989,09/28
2264,JCB 16 digit,Kristina Macias,2417062407449696,552,10/33
2265,VISA 16 digit,Dustin Brown,630417896283,986,03/34
2266,VISA 19 digit,Cassidy Williams,180061630745671,493,07/29
2267,JCB 16 digit,Jeremy Riley,3571978508640430,5107,06/29
2268,VISA 13 digit,Ms. Cheryl Olson,4529542109255716,011,10/26
2269,VISA 16 digit,John Powell,6011913902804358,318,04/31
2270,Discover,Michael Barrett,2286932338839827,927,08/31
2271,Maestro,Christopher Ross,4303115992145,646,07/30
2272,Discover,Samuel Massey,4659328425915391059,462,12/35
2273,VISA 16 digit,Sarah Schultz,4323225342254,222,03/27
2274,Discover,Dana Reese,676219642219,138,05/27
2275,Maestro,David Ruiz,501833722520,293,12/28
2276,VISA 16 digit,Carla Chapman,3582781877517339,204,03/27
2277,VISA 13 digit,Molly Terry,4588780728051,126,09/33
2278,Mastercard,Francisco Hammond,4476417732219,207,11/26
2279,Diners Club / Carte Blanche,Carl Peck,4121061348785,784,02/33
2280,VISA 19 digit,Michael George,4338133480221401,945,12/31
2281,VISA 13 digit,Stanley Ortiz,342891993283018,823,07/30
2282,VISA 19 digit,Bradley Sanchez MD,30269725598903,065,11/35
2283,VISA 13 digit,Ronald Higgins,4732478101697515313,623,01/32
2284,American Express,Paula Dixon,4197935252352457,710,07/33
2285,JCB 16 digit,Logan Williams,213112978476345,760,08/29
2286,JCB 15 digit,Alex Medina,6568586069451739,484,04/27
2287,VISA 16 digit,Sandra Roberts,6507317817151569,138,12/28
2288,American Express,Richard Jones,2553950632981810,084,05/27
2289,Discover,Jenna Frederick,3586990479387860,7131,08/29
2290,JCB 16 digit,Thomas Ferrell,4064947131928562645,1597,10/35
2291,JCB 16 digit,Scott Brown,30024887969016,766,02/29
2292,VISA 16 digit,Christine Spence,4639969078350771,764,01/29
2293,JCB 16 digit,Alexis Reynolds,4071900811930038,382,09/28
2294,VISA 19 digit,Nicole Miller,213113248506986,212,08/32
2295,Mastercard,Gregory Lynch,630464572928,302,09/30
2296,VISA 16 digit,Jeffery Jones,2720691874989131,786,11/26
2297,VISA 16 digit,Jason Jackson MD,5448028156538324,603,03/28
2298,VISA 16 digit,Kimberly Watson,213110826336695,694,01/30
2299,VISA 19 digit,Margaret Caldwell,5131451617790262,121,04/35
2300,VISA 13 digit,Rebecca Cabrera,4070533617154395921,201,01/27
2301,VISA 13 digit,Pamela Wallace,343254270776809,158,05/32
2302,JCB 16 digit,Melissa Dixon,2256946590594801,9648,07/28
2303,VISA 16 digit,Bradley Lewis,4095615940153888,131,02/35
2304,Discover,James Petersen,4512267312291865,943,04/28
2305,VISA 13 digit,Michelle Taylor,213165035188550,457,03/27
2306,VISA 19 digit,Belinda Murphy,4176668730133000,112,11/29
2307,JCB 16 digit,Mrs. Stephanie Richards,372856086401028,115,05/32
2308,Maestro,Eugene Simon,3553876171078346,433,11/26
2309,JCB 15 digit,Leah Alexander,4663294788251998,103,02/30
2310,Discover,Kaitlyn Sullivan,180086644912389,975,11/26
2311,VISA 16 digit,Jamie Bond,4839189140277,332,01/32
2312,VISA 19 digit,Angela Chavez,2341112479778950,110,07/31
2313,Mastercard,Darryl Trujillo,30142297910592,210,11/29
2314,VISA 16 digit,Susan Walker,4169978387974336,750,09/29
2315,Discover,Heidi Freeman,4612957276199661,482,12/28
2316,Diners Club / Carte Blanche,Lance Mason,4154270528580322,499,02/30
2317,VISA 16 digit,Johnathan Garcia,503824551736,546,07/26
2318,JCB 16 digit,Kelsey Norman,060467005975,415,01/32
2319,Mastercard,Rebecca Harrell,3512925272219687,808,02/33
2320,American Express,Danielle Shaw,3560453079363252,956,03/30
2321,Maestro,Melvin Carlson,379970851503679,794,05/27
2322,American Express,Dan Mullins,30166152979186,381,09/27
2323,American Express,Deborah Lee,4796349313353857,7043,10/30
2324,Discover,Michael Jones,6546863598524089,329,01/30
2325,Discover,Kenneth Savage,4951455652818,085,10/30
2326,Discover,Daniel Simmons,4769532699726951,953,05/31
2327,American Express,Charles Vasquez,3523259295308443,624,03/31
2328,VISA 19 digit,George Morgan,5239728538402098,555,09/33
2329,Discover,Timothy Velasquez,30215169305453,706,06/26
2330,VISA 13 digit,Ashley Riley,4393282997467643,487,07/28
2331,Discover,Wendy Kramer,3564444396205249,647,01/34
2332,JCB 16 digit,Daniel Frank,4186121606225,104,02/35
2333,JCB 15 digit,Angela Knight MD,2561783276466941,291,08/34
2334,Diners Club / Carte Blanche,John Sherman,2270362634522935,110,06/26
2335,VISA 16 digit,Amber Harris,30069367837381,321,10/35
2336,VISA 16 digit,Mary Thomas,4127144959637337,487,09/29
2337,VISA 19 digit,Jason Rivera,30460731934717,753,12/27
2338,JCB 16 digit,Tyler Martinez Jr.,4522007021741539,930,12/27
2339,Mastercard,Daniel Bright,4440679468587184,714,11/33
2340,JCB 16 digit,Cole Ramos,4871747853869,249,10/32
2341,Diners Club / Carte Blanche,Michelle Sanders,30338227274949,501,01/34
2342,JCB 15 digit,Shaun Moore,36117725127013,431,05/28
2343,JCB 16 digit,Sue Mendoza,180091108900615,362,10/34
2344,JCB 16 digit,David Smith,4478279290317430366,497,02/28
2345,JCB 16 digit,Jeremy Davidson,38418899150494,6526,01/31
2346,VISA 19 digit,Deborah Yang,213169485148601,605,04/32
2347,JCB 16 digit,Robert Franklin,676181448298,548,11/32
2348,Maestro,Kenneth Vazquez,4325429592147,459,02/35
2349,JCB 16 digit,Richard Miller,675954977491,518,07/29
2350,VISA 13 digit,Amy Miller,3514565730194631,1914,02/32
2351,VISA 13 digit,Terry Gonzalez,2261163963382078,447,01/29
2352,VISA 19 digit,Michael Huerta,060456562325,5396,03/29
2353,VISA 19 digit,Rachel Baldwin,6536341100317963,256,11/31
2354,Maestro,Tracy Mendoza,30237005180262,153,06/26
2355,VISA 19 digit,Andrew Washington,6592176399223055,439,12/30
2356,Maestro,Johnny Smith,30095941363883,554,10/32
2357,VISA 16 digit,David Nelson,4876324444484494,991,01/33
2358,Diners Club / Carte Blanche,Sarah Crawford,213172248686792,448,03/28
2359,VISA 13 digit,Bonnie Baker,213155352121763,820,08/26
2360,Mastercard,Javier Hart,2482731053382779,431,06/32
2361,VISA 16 digit,Glenda Carroll,2329682378741503,440,10/27
2362,JCB 16 digit,Rhonda Roberson,3555686104652440,826,03/31
2363,JCB 16 digit,Dawn Williams,676163510230,757,08/30
2364,VISA 16 digit,Sheila Frye,4202286817141,195,10/33
2365,JCB 16 digit,Trevor Johnson,580553237323,513,05/28
2366,VISA 16 digit,Yolanda Smith,4542710653893330,662,07/27
2367,VISA 19 digit,Latasha Smith,5164837301668006,459,01/32
2368,VISA 16 digit,John Robertson,2223488917718201,630,11/28
2369,VISA 19 digit,Matthew Vincent,4127458709873541,914,09/33
2370,JCB 16 digit,Katherine Watson,4179337350752849,151,11/35
2371,Diners Club / Carte Blanche,Cindy Johnson,3536217937200019,4393,09/28
2372,Discover,Angela Taylor,4448586262204515782,419,12/31
2373,VISA 13 digit,Jeremy Clark,4849397767653204,861,05/30
2374,Discover,Rachel Young DDS,5264433904402701,189,10/27
2375,JCB 16 digit,Alex Hanson,4966443426847881,848,08/31
2376,VISA 16 digit,Jessica Matthews,30115137891438,528,11/26
2377,VISA 16 digit,Jerry Fuller,6587180650012253,008,12/35
2378,JCB 16 digit,Linda Gibson PhD,4756542944754166,5910,11/34
2379,Diners Club / Carte Blanche,Joy Flores,3510032182555086,4584,10/35
2380,VISA 16 digit,Jason Cuevas,3586862815919716,569,11/27
2381,VISA 13 digit,Alexandra Johnson,180012583131591,751,09/31
2382,VISA 19 digit,Daniel Calderon,4537636362568110,634,09/28
2383,American Express,James West,4053912729091821,423,06/26
2384,Maestro,Michelle Braun,2558692411350354,304,12/26
2385,Diners Club / Carte Blanche,James Gill,2290208329079291,170,12/31
2386,American Express,Christina Ramos,676228455470,714,06/35
2387,JCB 16 digit,Melinda Sampson,4552176198251368953,175,08/30
2388,Discover,Anna Barker,3547292463376191,344,04/33
2389,Discover,Austin Brady,180018609630615,358,06/33
2390,American Express,Jason Dean,639047988808,060,12/33
2391,Discover,Christopher Wagner,4952097856049,303,09/28
2392,Discover,Tiffany Jordan DDS,2234814656582754,005,03/29
2393,VISA 19 digit,Natalie Sullivan,3566259828386435,438,05/35
2394,Discover,Angela Jenkins,30100126740861,360,09/26
2395,Mastercard,Christine Brewer,3513595550677267,096,06/29
2396,JCB 15 digit,Renee Brown,4879924285152331826,103,03/31
2397,American Express,Derek Thomas,3573109513276444,785,10/34
2398,JCB 16 digit,Michael Mason,501846224415,962,05/27
2399,VISA 16 digit,Clayton Brown,4751022733064734,811,09/28
2400,VISA 19 digit,Cody Walker,3512558317459925,166,05/31
2401,Diners Club / Carte Blanche,Nicholas Levine,4437946111227079,453,06/26
2402,JCB 15 digit,Anthony Smith,344163702468027,500,09/34
2403,JCB 15 digit,Michelle Travis,30320602610046,544,12/29
2404,Diners Club / Carte Blanche,Mrs. Carol Diaz,639072171718,014,05/35
2405,Maestro,Heidi Brandt,3561345266038219,862,01/32
2406,VISA 13 digit,Alexander Hamilton,4296406858621,667,11/33
2407,Discover,Joseph Christensen,2271616086750214,544,04/27
2408,JCB 16 digit,Lisa Pierce,180031596563830,400,01/31
2409,Mastercard,Samuel Reynolds,3525257447081114,246,08/33
2410,VISA 16 digit,Jason Alvarado,344426656965961,689,05/33
2411,VISA 16 digit,Arthur Shea,348389801066216,323,02/29
2412,Diners Club / Carte Blanche,Jeffrey Parker,213170762378028,824,12/30
2413,JCB 16 digit,Sally Elliott,180072410187216,231,03/32
2414,Mastercard,Brandon Perry,6526017011103005,325,09/34
2415,Mastercard,Erica Thompson,3570645626871467,097,05/28
2416,VISA 19 digit,Karen Ferguson,4117751353616394,098,03/29
2417,Maestro,Matthew Williamson,4994834459992,056,12/28
2418,Discover,Karen Brooks,3544555480033240,555,09/29
2419,VISA 16 digit,Patricia Chambers,4132818619915716886,155,05/30
2420,VISA 16 digit,Michael Dunn,3565157808166689,058,05/29
2421,American Express,Jacqueline Shaffer,6011654206613802,466,08/27
2422,Discover,Tiffany Mcdonald,4228754914016795,542,08/32
2423,VISA 13 digit,Katrina Moore,3515615708377848,329,07/31
2424,Discover,John Martin,5220549630783917,032,08/27
2425,VISA 19 digit,Bryan Daniel,4385143462183,231,08/28
2426,JCB 16 digit,Scott Townsend,4159398162616246,932,01/27
2427,VISA 16 digit,Michelle Montgomery,30107422975182,156,01/31
2428,Mastercard,Kendra Thornton,676352215690,1551,08/28
2429,Maestro,Wesley Russell,3592328685752332,056,06/27
2430,Mastercard,Lacey Brennan,6556914165845436,207,01/32
2431,JCB 16 digit,Mr. James Mcguire,370268782828292,157,07/32
2432,American Express,Holly Anderson,344379540966861,385,11/26
2433,VISA 19 digit,Terry Gonzales,3508486572513564,866,03/33
2434,VISA 16 digit,Kelli Solis,213165902870470,473,11/28
2435,VISA 16 digit,Heather Gray,4300851296236982,566,02/30
2436,Discover,Anthony Rodriguez,213174720052493,639,08/28
2437,Mastercard,Timothy Strong,6011894427399282,736,02/31
2438,Mastercard,Mary Ray,4148878428724,725,06/28
2439,VISA 16 digit,Joe Martinez,3583236855891262,283,10/28
2440,JCB 16 digit,Lisa Gonzalez,2391312569738034,490,06/31
2441,VISA 19 digit,Brandon Cruz,4714013009671130662,962,08/29
2442,American Express,Rebecca Sanchez,3565658319036576,545,05/29
2443,JCB 16 digit,Jesse Johnson,4968312942713067,602,03/33
2444,VISA 16 digit,Jordan Sullivan,213101156590258,796,03/33
2445,Mastercard,Stephen Blair,30391551446609,912,01/27
2446,VISA 13 digit,Erin Velasquez,3597211550993352,312,12/29
2447,American Express,William Montes,213153716292800,083,02/26
2448,VISA 16 digit,Fernando Grant,6523003145757083,241,04/35
2449,Maestro,Dr. Patrick Garcia MD,3553030214834790,022,06/30
2450,Diners Club / Carte Blanche,Michael Salazar,378048944905200,365,05/32
2451,VISA 16 digit,Gregory Gray,30239168219275,057,04/32
2452,VISA 13 digit,Dawn Ramos,4440374571698330,664,12/32
2453,Discover,Kristin Carter,4161457059950,623,10/34
2454,Maestro,Lisa Bennett,6537881697617613,855,12/28
2455,VISA 13 digit,Kimberly Evans,3500675176410676,615,09/29
2456,Discover,Jade Beck,4659989154619928,7293,05/29
2457,JCB 16 digit,Patrick Larsen,341414511544638,662,09/30
2458,JCB 16 digit,Brendan Hayes,4913729458950,626,08/29
2459,VISA 16 digit,Tyler Walton,6542717935214263,997,10/30
2460,VISA 16 digit,Linda Morales,38322409060567,1304,07/32
2461,Diners Club / Carte Blanche,Cynthia Smith,5535579453634665,470,05/31
2462,JCB 16 digit,Michael Green,4691333439109985,446,08/35
2463,VISA 13 digit,Cheyenne Kelley,6545161458305041,905,08/35
2464,JCB 15 digit,Mark Evans,4215633584909,0959,05/30
2465,Diners Club / Carte Blanche,Max Turner MD,379789092331991,557,04/29
2466,JCB 15 digit,Devon Manning,4883937455506516,787,08/26
2467,Maestro,Jessica Robinson,3517479630375711,950,01/29
2468,JCB 16 digit,Jennifer Bell,30294338002648,087,06/29
2469,Discover,Mr. Frank Perez MD,30113387069458,772,07/33
2470,Mastercard,Jennifer Hernandez,180079940171008,485,06/35
2471,Maestro,Gilbert Kirk,4912119246512,4921,03/31
2472,Mastercard,Jennifer Melendez,4219824369597242,295,02/29
2473,JCB 16 digit,Robert Swanson,3568922468314896,739,05/27
2474,American Express,Kimberly Novak,344549638903584,285,06/31
2475,Maestro,Christine Nguyen,3595379292468504,521,08/35
2476,VISA 16 digit,Angel Hall,30113747927346,195,10/29
2477,Mastercard,Madison Thomas,2371930540004640,2122,09/30
2478,Diners Club / Carte Blanche,Eric Taylor,566746537083,397,03/32
2479,Maestro,Marcus Todd,4720215427265330,056,08/31
2480,Maestro,Elizabeth Scott,38194272595155,692,05/30
2481,Mastercard,Robert Coffey,377111018332825,941,09/31
2482,VISA 16 digit,Judith Weiss,2499642744203350,740,01/27
2483,VISA 16 digit,Brian Tran,676114531723,677,07/29
2484,Diners Club / Carte Blanche,Margaret Foley,341075717436687,702,04/29
2485,Mastercard,Caitlin Stanton,3565747285871288,612,11/26
2486,VISA 16 digit,Latoya Kramer,502059333315,137,07/32
2487,Discover,Jerry Avila,213114266080136,745,03/27
2488,American Express,Charles Kelly,30568598540870,512,09/30
2489,Maestro,William Chandler,6011928986574693,164,11/33
2490,VISA 13 digit,John Romero,348953596298662,457,08/32
2491,VISA 16 digit,Jeremy Fletcher,4487786819545,2695,04/29
2492,JCB 16 digit,Robert Patrick,4235777406161051212,497,03/35
2493,JCB 16 digit,Christine Green,4564859118639235,402,04/29
2494,VISA 13 digit,James Mccann,4205593507973005,765,07/31
2495,Diners Club / Carte Blanche,Jimmy Jenkins,30252721710870,325,08/34
2496,Diners Club / Carte Blanche,Kelly Whitney,6011696423659332,163,02/31
2497,Discover,Robert Morales,6011346044133610,446,08/29
2498,VISA 16 digit,Timothy Carrillo,30285459062262,9024,05/35
2499,Discover,Ashley Walters,4296811167883342,251,10/32
2500,Maestro,Joseph Crawford,38898180808969,833,04/27
2501,JCB 16 digit,Kimberly Lopez,4597806215548109,118,10/31
2502,VISA 16 digit,Justin Bailey,372579575524429,938,09/29
2503,Maestro,Jacqueline Benson,30471428617143,091,12/35
2504,Maestro,Sara Hunt,180022082093101,783,11/31
2505,JCB 16 digit,Laura Schroeder,180043972527727,261,06/31
2506,Mastercard,Morgan Smith,348774775663108,730,01/31
2507,JCB 15 digit,Brianna Smith,4588161948971,643,12/35
2508,JCB 16 digit,Jessica Beck,30364237199264,875,09/28
2509,JCB 15 digit,Daniel Barton,4823245778495060656,361,07/26
2510,VISA 16 digit,Miss Melissa Perry,3537971879376877,376,07/27
2511,Diners Club / Carte Blanche,Dr. Jennifer Clarke,6571894285778983,944,03/26
2512,VISA 13 digit,Joseph Thompson,3541723569831743,557,09/30
2513,VISA 19 digit,Joseph Williams,4289912522926484,780,10/33
2514,American Express,Amber Freeman,4953633811886,060,07/26
2515,Maestro,Timothy Carter,5383053605467823,661,06/31
2516,JCB 16 digit,Keith Dennis,630401596592,609,03/29
2517,VISA 16 digit,Jennifer Thompson,3537633443655554,102,06/32
2518,Diners Club / Carte Blanche,Michele Jones,4928522763853177,369,12/29
2519,Mastercard,Edwin Grimes,5158621328632692,111,06/34
2520,VISA 13 digit,Michael Lewis,4155230850514876,313,07/33
2521,VISA 19 digit,Melanie Harrison,378125667639685,249,08/35
2522,Discover,Yolanda Martinez,4515019139425409,797,12/30
2523,VISA 16 digit,Thomas Wade,2704090569110956,203,04/27
2524,VISA 16 digit,Crystal Carter,3513285729271099,227,10/27
2525,JCB 16 digit,Michael White,4012246914309254,996,08/28
2526,Maestro,Ryan Brady,6011908689957205,663,12/35
2527,VISA 19 digit,Nancy Wright,4679919092418998,307,08/27
2528,JCB 15 digit,Daniel Porter,4888468800964742,598,02/34
2529,Maestro,Sara Kennedy,4294216525423,907,03/30
2530,VISA 13 digit,Luis Martin,180065194587882,2325,02/30
2531,VISA 19 digit,Morgan Cole,4206655814886599,082,10/33
2532,JCB 15 digit,Amanda Riley,4948997686634225,447,05/34
2533,JCB 15 digit,Wayne Weber,4585227827111206990,416,11/29
2534,JCB 15 digit,Jessica West,6011476075647855,997,10/31
2535,VISA 13 digit,Thomas Oneal,3500313936024641,842,01/28
2536,JCB 15 digit,Justin Peters,4576423045211281,030,07/30
2537,VISA 13 digit,Amanda Lin,2262036838557208,095,02/31
2538,JCB 16 digit,Kevin Miller,375600111776518,458,09/30
2539,Mastercard,James Callahan,4568242941160137258,762,02/26
2540,Discover,James Montgomery,3592496373543915,669,03/26
2541,Discover,Robert Murphy,4984199621471855,713,09/29
2542,JCB 15 digit,Roberto Warren,4219587967573,500,09/35
2543,JCB 16 digit,Pamela Pena,4078335256626,894,02/34
2544,Diners Club / Carte Blanche,Seth Nichols,6011356697315000,3722,12/29
2545,VISA 16 digit,Brenda Thomas,213126247407816,611,12/35
2546,VISA 16 digit,Matthew Ford,4546017643438812,732,01/27
2547,Diners Club / Carte Blanche,Abigail Carr,3540204426327499,781,07/34
2548,VISA 19 digit,Wesley Weber,5471247872049818,386,07/33
2549,JCB 16 digit,William Robinson,4858151304510205,324,04/34
2550,Diners Club / Carte Blanche,Janet King,6011607259218077,724,03/33
2551,Maestro,Jose Dillon,4070927061550853411,342,02/32
2552,VISA 19 digit,Brittany Phillips,4377616101885,5006,07/34
2553,JCB 16 digit,Colleen Peterson,4822241773400,885,09/30
2554,VISA 16 digit,Megan Castillo,4688477504418014,981,01/31
2555,Discover,Gabriel Villanueva,4848630812441196,927,09/35
2556,VISA 16 digit,Gloria Duffy,3518857887616003,164,02/29
2557,VISA 16 digit,Bryan Carson,6011554644894412,679,09/34
2558,VISA 16 digit,Phillip Armstrong,6546697685210255,008,11/29
2559,American Express,Jessica Blevins,4027394964427335252,632,09/27
2560,VISA 13 digit,Brian Davis,3508141016559562,920,11/30
2561,VISA 16 digit,Brian Riley,2255489253849759,7150,08/35
2562,Diners Club / Carte Blanche,Travis Mcfarland,4536856869333,970,01/31
2563,Discover,Tyler Kennedy,575532361699,4637,02/32
2564,JCB 16 digit,Sandra Alvarez,213171067531659,682,02/27
2565,JCB 16 digit,Kaitlin Mercado,6011039234579458,4037,01/28
2566,Maestro,Matthew Rowland,3550389812273378,567,01/34
2567,VISA 16 digit,David Davis,180024233179607,431,07/26
2568,VISA 16 digit,Jessica Garrett,572376127294,720,04/29
2569,Discover,Brandy Shepherd,4577692515271665,007,04/35
2570,Diners Club / Carte Blanche,Judy Mendez,30430638150923,741,01/32
2571,JCB 16 digit,Rachel Mckay,4389599999597283,633,08/33
2572,Mastercard,Robin Dyer,2342708336386496,649,07/27
2573,VISA 16 digit,Thomas Jennings,676174232618,8179,05/26
2574,Discover,Craig Stanley,4519308292398412,337,09/27
2575,Maestro,John Robinson,4230566535282374,941,08/31
2576,American Express,Sarah Jackson,4413311598639833,337,05/35
2577,VISA 19 digit,Matthew Weber,6599305466946578,340,02/34
2578,VISA 16 digit,Mitchell Long,3511489697534247,908,05/28
2579,VISA 16 digit,Robin Acosta,4074082962676079,474,01/29
2580,Mastercard,Michelle Martinez,370146050398075,248,01/29
2581,VISA 16 digit,James Shields,4754701946087,643,07/31
2582,VISA 19 digit,William Jones,501856856403,939,01/31
2583,VISA 19 digit,Brandon Hernandez,4784214012360443,698,03/35
2584,Discover,Isaac Little,180071152874999,503,04/28
2585,VISA 16 digit,James Fernandez,3586943195464703,085,11/31
2586,VISA 19 digit,Jennifer Gomez,4500145525997649,192,11/30
2587,JCB 16 digit,Michael Lewis,3569675498056619,327,05/27
2588,VISA 16 digit,Norma Wilson,3538750814813676,390,05/34
2589,VISA 19 digit,David Massey,4379752343813482,300,06/29
2590,VISA 16 digit,Kara Greer,4843408014733426728,757,09/31
2591,VISA 16 digit,Richard Ruiz,4421825674855125760,155,03/27
2592,VISA 16 digit,George Long,3578642980629567,3125,11/30
2593,Discover,Kristi Thomas,4690167359868633325,046,10/32
2594,Mastercard,Cody Williams,3581912873094236,815,05/31
2595,JCB 15 digit,Joseph Owen,676229738320,300,07/26
2596,Maestro,Dawn Hill,3528820088515083,865,04/33
2597,JCB 16 digit,Joseph Mack,3551107895654887,103,01/34
2598,JCB 16 digit,Susan Harrison,4788128332348035,483,08/34
2599,VISA 16 digit,Kevin Bates,340945470862140,893,03/32
2600,Mastercard,Marissa Figueroa,6011310358644745,679,12/29
2601,American Express,Jonathan Hill,6011626301340556,854,07/35
2602,Diners Club / Carte Blanche,Deanna Malone,3545545882953987,085,07/32
2603,Mastercard,Tara Villegas,4472154774539230384,009,09/30
2604,JCB 15 digit,Diana Cisneros,6011841782176300,838,02/35
2605,JCB 16 digit,Lauren Collins,3551592094256123,109,10/32
2606,VISA 16 digit,Timothy Nguyen,4462140092352,301,10/29
2607,VISA 19 digit,Kayla Johnson,4387366255419426,032,05/31
2608,VISA 16 digit,Mark Watson,180054895713781,208,10/32
2609,Diners Club / Carte Blanche,Wendy White,3536242986937311,203,02/32
2610,JCB 16 digit,Brady Coleman DDS,30503452806638,076,12/33
2611,VISA 13 digit,Deanna Holmes,6528786724967090,683,01/30
2612,VISA 19 digit,Scott Schultz,4274183438688678,935,08/33
2613,JCB 16 digit,Sara Parker,30242533286318,632,06/32
2614,VISA 13 digit,David Moore,371334477004323,900,05/32
2615,Discover,David Foley DVM,4992891823595438,977,11/34
2616,American Express,Francis Marquez,6011455069487817,574,10/33
2617,Diners Club / Carte Blanche,Daniel Mcdaniel,213172698440476,323,04/33
2618,American Express,Frank Castillo,370101191198785,185,05/28
2619,VISA 16 digit,Meredith Rivers,4884328664753,322,11/32
2620,American Express,Chad Mendoza,4415179013726834,613,08/29
2621,Mastercard,Shirley Carson,4460762624443693,944,11/32
2622,Discover,Jennifer Burch,4188811804873400,050,03/30
2623,American Express,Kenneth Little,4766120064599,068,10/34
2624,JCB 15 digit,John Howe,213138153230058,396,02/31
2625,VISA 16 digit,Jennifer Lewis,639020623505,751,07/29
2626,JCB 15 digit,Alicia Lowery,373400335619251,666,04/33
2627,Diners Club / Carte Blanche,Alexandra Welch,6011330603636718,405,07/29
2628,American Express,Timothy Lee,4972305021007074,919,05/33
2629,Maestro,Michael Herrera,676153216632,868,11/34
2630,JCB 16 digit,Paul Davis,2443655033990922,330,11/33
2631,JCB 16 digit,Karen Gonzalez,2251206513322250,597,06/31
2632,VISA 13 digit,Ashley Tucker,6011676392964152,169,01/35
2633,Maestro,April Hunt,6011554422975243,520,02/34
2634,JCB 15 digit,Mrs. Kimberly Garcia,4228517946169,3485,01/33
2635,American Express,Robert Ramirez,30331018523426,173,06/31
2636,Mastercard,Derek Mcdonald,343083265174914,650,03/26
2637,Discover,Aaron Warren,6011261724865508,8709,11/30
2638,Diners Club / Carte Blanche,Mallory Hernandez,4393579152773,455,01/30
2639,VISA 16 digit,Brian Franklin,3543313375009268,783,08/34
2640,JCB 15 digit,Dana Stone,180085641299907,876,08/30
2641,American Express,Samantha Nelson,213102784718725,974,12/29
2642,Maestro,John Harris,2247582216271250,8735,08/32
2643,Diners Club / Carte Blanche,Sabrina Hernandez,3596924263273521,035,04/28
2644,Maestro,John Winters,38753705279214,933,12/26
2645,Mastercard,Kyle Butler,2286591438351735,028,11/31
2646,JCB 16 digit,Heather Bush,4263646941021,530,12/34
2647,Maestro,Madison Sanchez,2296510374262209,872,08/26
2648,JCB 15 digit,Mrs. Julie Solomon,340711958041718,614,06/29
2649,VISA 16 digit,Monica Jones,373305761997461,741,08/30
2650,JCB 16 digit,Rodney Gilbert,6011125116870196,309,06/32
2651,VISA 16 digit,Tiffany Dawson,30325428550094,1021,07/34
2652,American Express,Emily Stephens,4437278470012268,768,01/31
2653,VISA 16 digit,Laura Horton,4944364474108785,032,07/27
2654,Discover,Eric Underwood,4182880554487899,358,08/32
2655,VISA 13 digit,Richard Briggs,6011913223658491,591,04/26
2656,VISA 19 digit,Michael Mitchell,30342527638902,894,11/32
2657,Maestro,Christopher Clayton,4114760499892,780,07/26
2658,JCB 16 digit,Charles Kelly,6572835259900995,330,03/31
2659,VISA 19 digit,Monica Murphy,4468022736562126,169,02/28
2660,VISA 16 digit,Jodi Garcia,4664579436660791,780,09/35
2661,Diners Club / Carte Blanche,Randy Frost,2234844223219655,391,01/27
2662,VISA 16 digit,Spencer Lee MD,3532232803454115,382,05/27
2663,Discover,Christine Graham,180029091011545,951,03/35
2664,VISA 13 digit,Cody Juarez,4622199147908,0080,11/32
2665,VISA 19 digit,Joseph Downs,30231382982747,518,11/26
2666,American Express,Charles Ryan,30392473890072,666,05/30
2667,VISA 16 digit,John Holland,3577375953661876,052,08/27
2668,VISA 16 digit,Thomas Lopez,675970235999,482,04/31
2669,JCB 16 digit,Peggy Adams,676310307779,798,02/29
2670,VISA 16 digit,Anthony Hughes,6521212032639187,527,02/35
2671,VISA 16 digit,Wendy Hicks,4466881270884879,369,04/29
2672,Diners Club / Carte Blanche,William Hanna,213176326254902,894,09/27
2673,JCB 16 digit,Daniel Crawford,4270120990328835261,1805,09/30
2674,JCB 15 digit,Jordan Jackson,213104634527280,125,11/35
2675,Mastercard,Amanda Davis,4090460341987161,629,03/32
2676,VISA 16 digit,Maria Wilson,4427977191060165,745,03/33
2677,Diners Club / Carte Blanche,Danielle Mathews,676104865560,811,01/30
2678,Discover,Michele Hale,3548928497140314,4515,09/31
2679,JCB 15 digit,Gregory Garcia,30114906655512,2780,08/28
2680,VISA 13 digit,Kerry Johnson,213115012987136,008,02/30
2681,American Express,Mark Mullen,4735401602842576998,154,07/29
2682,JCB 16 digit,Tracy Nelson,3560400737347748,759,12/33
2683,VISA 13 digit,James Watts,6011906876310972,665,10/34
2684,Discover,David Clark,213176030595509,999,11/32
2685,American Express,Patrick Robbins,180078286326226,031,12/27
2686,JCB 16 digit,Brooke Boyer,4690859516357,839,07/32
2687,Maestro,Ronald Vang,30580970773102,037,01/35
2688,JCB 15 digit,Sheri Herrera,346937175677448,549,12/27
2689,VISA 13 digit,Rebecca Jackson,676161774697,851,02/30
2690,VISA 16 digit,Samantha Zhang,585480783166,800,04/33
2691,JCB 15 digit,Marissa Rowe,3532331639481316,191,10/28
2692,VISA 16 digit,Robert Robinson,4452752877252297,751,06/30
2693,JCB 16 digit,Calvin Parsons,213133729764128,849,08/26
2694,Maestro,Christine Byrd,4060208440082210,516,06/27
2695,VISA 16 digit,Lisa Riley,3522877854353723,894,07/29
2696,VISA 16 digit,Eddie Sanchez,4544284002573894587,767,10/27
2697,JCB 16 digit,Shelley Knox,213177953148789,327,02/33
2698,VISA 16 digit,Thomas Fernandez,4550831506038508,558,01/33
2699,VISA 16 digit,Stacey King,3524139690535619,955,10/29
2700,VISA 13 digit,Karen Greer,639050930754,735,04/31
2701,Diners Club / Carte Blanche,Alexander Cooper,372339550649224,309,12/26
2702,Mastercard,William Gonzales,4525994090471436,449,08/28
2703,Mastercard,Julia Dennis,30511017749136,792,10/28
2704,Mastercard,Ryan Allen,4649116172602,254,03/33
2705,JCB 16 digit,Deborah Robbins,3539077053831584,366,08/31
2706,JCB 16 digit,John Jones,4266702492626447,286,12/34
2707,VISA 19 digit,Wanda Wells,3574683072541926,684,02/29
2708,VISA 19 digit,Marissa Alvarado,3530024512988703,164,10/34
2709,JCB 16 digit,James Hernandez,30446428388424,027,03/35
2710,VISA 16 digit,Lisa Moore,376119367101460,349,10/28
2711,VISA 16 digit,Darren Williams,4779563085705189996,762,09/29
2712,Maestro,Julian Owens,3542604187276041,025,12/31
2713,JCB 15 digit,James Aguirre,676190183829,002,07/30
2714,Diners Club / Carte Blanche,Peter Chang,4828411517217585,426,09/30
2715,Mastercard,Paula Marshall,676332432266,938,10/32
2716,JCB 16 digit,Susan Conley,4469391016493005454,324,07/26
2717,JCB 16 digit,Jennifer Wall,180059555938396,708,07/32
2718,VISA 16 digit,Stuart Caldwell,4475041346461,529,02/31
2719,JCB 15 digit,Kim Dudley,4725744211988174,9777,06/28
2720,American Express,Allison Espinoza,503870886119,782,03/35
2721,VISA 19 digit,Craig Terry,501882473090,562,12/35
2722,Diners Club / Carte Blanche,Alicia Horn,3544928157173328,875,06/31
2723,Maestro,Laura Woods,501854821995,933,03/29
2724,JCB 16 digit,Kristopher Lee,676225549754,940,08/31
2725,VISA 13 digit,David Wagner,180049522005577,951,11/33
2726,Diners Club / Carte Blanche,Samuel Dillon,213194192088239,8807,07/34
2727,Maestro,Isaiah Archer,3598374884047185,595,09/28
2728,VISA 16 digit,Marco Rowland MD,4849026223450792571,288,11/35
2729,JCB 16 digit,Michael Reed,345657478887756,6587,12/30
2730,VISA 16 digit,Michelle Castillo,3595568002065903,825,11/29
2731,JCB 16 digit,Carla Willis,4490692015036588,756,06/32
2732,VISA 13 digit,John Anderson,4402103012513576,061,07/34
2733,Mastercard,Angel Grant,378185505289150,9663,06/35
2734,JCB 16 digit,Martin Howard,3557692420358298,9094,03/31
2735,Diners Club / Carte Blanche,Stephanie Guerrero,4922743624642604490,209,10/33
2736,Mastercard,Brenda Douglas,374902169115362,112,05/34
2737,JCB 15 digit,William Pratt,4154468603218897,669,08/34
2738,VISA 19 digit,Heather Robinson,4057939869517980,565,12/26
2739,JCB 15 digit,Alexis Collins,6011690191768615,343,02/31
2740,JCB 15 digit,Bob Murphy,4103428405128,924,10/28
2741,JCB 15 digit,Erica Marsh,3575253160706903,512,08/34
2742,JCB 16 digit,Amanda Williams,4541911167111,684,08/30
2743,JCB 16 digit,Destiny Ford,5253440328953956,103,11/34
2744,VISA 19 digit,Brenda Drake,2307666806879650,385,11/31
2745,JCB 16 digit,Hayley Castro,3555808886322873,931,04/29
2746,VISA 16 digit,Jesse Wells,3536719196101507,872,04/30
2747,JCB 16 digit,Ashley Villarreal,6011608277706721,224,08/31
2748,JCB 15 digit,Sara Sherman,4645957001658669741,307,11/34
2749,Diners Club / Carte Blanche,Kim Carlson,213119447196826,857,03/31
2750,VISA 16 digit,Ricky Roberts,4106298370413,553,02/26
2751,JCB 16 digit,Michelle Escobar,4287810747657839,376,02/27
2752,JCB 16 digit,Eric Stafford,4555641829902750,8129,10/30
2753,JCB 15 digit,Jason Green,6548458498477872,3948,02/26
2754,VISA 13 digit,Derrick Peck,4177984204377190,908,08/33
2755,VISA 13 digit,Nicholas Sandoval,30222875744223,887,07/31
2756,American Express,Ivan Wright,5377692297618769,825,05/28
2757,Maestro,Douglas Erickson,2266887309525637,826,02/28
2758,JCB 15 digit,Johnny Francis,4222356833618054092,046,01/27
2759,VISA 16 digit,Paul Bond,6525320923745280,3071,09/34
2760,JCB 16 digit,Lauren Myers DVM,4933852669607810321,717,02/31
2761,JCB 15 digit,Morgan Jones,4647653609909822,978,07/32
2762,VISA 19 digit,Michelle Kim,676254956821,364,07/32
2763,VISA 13 digit,Cody Zavala,4940374094871,081,03/33
2764,VISA 16 digit,Rodney Flores,589694425044,2569,07/29
2765,Maestro,Matthew Wilson,4539096532120573,164,05/34
2766,VISA 16 digit,Tristan Wade,4776349396651005319,725,07/30
2767,JCB 15 digit,Laura Armstrong,30449258604340,340,12/33
2768,Mastercard,Michael Lawrence,30156922104751,9155,01/32
2769,American Express,John Lopez,213135813233340,793,11/27
2770,VISA 16 digit,Scott Rivera,4637742124202912,230,03/31
2771,Diners Club / Carte Blanche,Amber Dunlap,180093566055700,920,06/33
2772,VISA 16 digit,Mark Wright,30304137691838,042,07/35
2773,JCB 16 digit,Christopher Meza,4038901922893265,338,01/32
2774,JCB 16 digit,Jesus Nichols,4753291796589,0233,12/35
2775,JCB 15 digit,Michelle Lynn,4453464469105407822,247,07/34
2776,Diners Club / Carte Blanche,Michael Davis,4091645406037089,014,11/29
2777,VISA 13 digit,Crystal Brown DDS,342025370369476,371,07/26
2778,Mastercard,Christine Riley,2720326988697698,831,04/35
2779,JCB 16 digit,Chloe Rogers,5339413663461735,886,05/30
2780,Diners Club / Carte Blanche,Daniel Matthews,346099035266167,694,11/26
2781,Diners Club / Carte Blanche,Nichole Ramirez,38124262930823,375,07/28
2782,JCB 15 digit,Ashlee Gilbert,5209065995415594,406,07/30
2783,JCB 15 digit,Kathryn James,6523741511286886,000,01/35
2784,JCB 16 digit,Matthew Cervantes,4979694854408692806,615,08/30
2785,VISA 16 digit,Kelly Hicks,3586658775638704,036,04/34
2786,JCB 16 digit,Mrs. Samantha Taylor DVM,4365932264576120,589,07/32
2787,JCB 15 digit,Erin Fitzpatrick,346683096063710,584,10/32
2788,JCB 15 digit,Sherry Craig,4870329394029542,376,08/30
2789,Diners Club / Carte Blanche,Rebecca Fischer MD,2271279722517040,375,03/27
2790,VISA 16 digit,Anna Chen,6546819510408405,539,12/31
2791,Diners Club / Carte Blanche,Joel Williams,3530768391573032,444,10/33
2792,VISA 19 digit,Jesse Rojas,3588723692341432,2165,06/34
2793,American Express,Marcus Beltran,4207988201049268,560,06/28
2794,VISA 19 digit,Robert Lam,180073450540991,833,08/29
2795,VISA 16 digit,Tom Griffin,30030250191369,622,11/27
2796,Mastercard,Felicia Wagner,180060121894253,621,07/33
2797,VISA 16 digit,Danielle Kennedy,4155395377094,056,12/32
2798,JCB 16 digit,Shane Maddox,060474371865,895,09/31
2799,American Express,Lauren Nunez,180068443097240,527,08/29
2800,Discover,Sarah Vega,578180698735,082,01/27
2801,VISA 16 digit,Melissa Smith,4438300919505923,403,09/32
2802,VISA 13 digit,Dr. Matthew Acosta,6011049969854885,198,03/27
2803,Discover,Mary Griffin,3558626220837662,407,01/35
2804,Discover,Steven Black,4686120459042965,056,09/31
2805,VISA 13 digit,Veronica Perez,3561126532707237,061,02/28
2806,JCB 15 digit,Sue Mullins,2707255348689664,397,07/33
2807,Diners Club / Carte Blanche,Nathan Hanson,374067183108213,2196,08/32
2808,JCB 15 digit,Dale Juarez,2257999830440326,807,08/29
2809,VISA 16 digit,Wesley Scott,4529831870807860452,1862,11/29
2810,Mastercard,Thomas White,3585923324928779,472,02/26
2811,JCB 16 digit,Peggy Graham,503828863905,848,09/35
2812,JCB 16 digit,Nicholas Murphy,3509956691767829,845,07/29
2813,VISA 16 digit,Cindy Taylor,4779549283955,707,02/34
2814,Diners Club / Carte Blanche,Carrie Flores,5201394021309763,089,04/34
2815,Mastercard,Sean Martinez,675954551726,962,09/33
2816,VISA 16 digit,Shannon Hall,341682034132269,746,07/31
2817,JCB 16 digit,Erin Foster,4906499957829972,496,12/26
2818,Maestro,Anita Hodges,180041661873527,736,01/33
2819,JCB 16 digit,Mary Blanchard,501841540435,890,02/35
2820,VISA 16 digit,Brittany Singh,30574471721926,876,01/36
2821,VISA 16 digit,Jacqueline Taylor,4369579598621100,513,02/30
2822,VISA 19 digit,Natalie Boyer,3578010160767559,912,03/31
2823,Discover,Penny Ferguson,30286306819086,313,02/32
2824,Diners Club / Carte Blanche,Jacob Robertson,3510250878940194,190,01/36
2825,JCB 16 digit,Stephen Barnes,180035207659085,626,12/27
2826,Diners Club / Carte Blanche,Katie Snyder,30486356798699,4247,09/32
2827,JCB 16 digit,Daniel Sanchez,501820327598,153,05/32
2828,JCB 15 digit,Crystal Rose,30119569827183,379,05/33
2829,VISA 19 digit,Jane Pacheco,6011137371233580,221,11/34
2830,VISA 13 digit,Jessica Brown,30417936325307,778,09/32
2831,VISA 16 digit,Michelle Taylor,4083617598057256562,464,12/31
2832,VISA 19 digit,Becky Gardner,4305058154346560928,163,02/28
2833,American Express,Brooke Smith,180016488350446,722,11/35
2834,American Express,Vanessa Sullivan,30106020723986,124,06/28
2835,VISA 13 digit,Eric Frazier,5487204681085717,533,12/34
2836,VISA 19 digit,Frederick Lewis,3525443795170226,698,11/28
2837,VISA 16 digit,Michael Hogan DVM,30276919031526,841,04/35
2838,Mastercard,Carly Wiggins,370293306545677,743,07/29
2839,VISA 16 digit,Tracy Boyd,38881487929621,6984,05/26
2840,VISA 16 digit,Samuel Moore,38111754528652,6514,09/29
2841,VISA 16 digit,Todd Smith,6011064272289448,152,10/33
2842,Maestro,Kevin Reynolds,346225825074020,951,12/33
2843,Mastercard,Christopher Lucas,4500159998504,887,08/29
2844,VISA 13 digit,Sarah Chavez,4900540600409112,087,05/29
2845,Mastercard,Jennifer Smith,4607067688651966681,5540,02/29
2846,VISA 13 digit,Kelly Sharp,4565718894643,809,03/31
2847,American Express,Cynthia Perez,2280012821088632,635,10/35
2848,JCB 16 digit,Catherine Harris,675931031479,451,05/27
2849,Mastercard,Christine Anthony,4553471662910112,309,10/30
2850,Maestro,Andrew Mckay,4967223547465915,768,03/29
2851,JCB 15 digit,Lauren Hayes,4299885594366995,671,10/34
2852,Diners Club / Carte Blanche,Meghan Taylor,30443023971290,069,07/30
2853,JCB 16 digit,Tim Porter,6532164500065139,441,09/31
2854,VISA 16 digit,Cindy Carter,3520572673348333,976,06/28
2855,VISA 19 digit,Kristin Frank,213198405560850,014,06/30
2856,VISA 16 digit,Sara May,2222670699744585,543,11/35
2857,Maestro,Sharon Dyer,3563043899802063,056,10/31
2858,American Express,Joy Ramirez,6527151541004273,795,05/33
2859,Discover,Julie Ward,2703771797178284,907,06/28
2860,VISA 13 digit,Allison Hunter,3564531519447755,654,01/28
2861,VISA 16 digit,Mrs. Leah Thompson,2285997112286454,714,08/33
2862,Discover,Zachary Key,4640104560901280,503,12/27
2863,VISA 16 digit,Raymond Jenkins,4740476129500277,306,11/26
2864,American Express,Brandon Gonzales,3530831457297944,864,04/34
2865,JCB 15 digit,Brandon Johnson,4120325066293209277,7121,07/34
2866,VISA 16 digit,John Petersen,3544145479414781,781,02/34
2867,Maestro,Mary Garcia,180020140652975,315,08/35
2868,Mastercard,Daniel Friedman,370891996612416,740,03/29
2869,VISA 19 digit,Corey Clark,349511767320373,767,12/34
2870,Maestro,Tyler Guzman,378057297548871,023,04/31
2871,American Express,Elizabeth Grant,3504148832383253,895,07/32
2872,JCB 16 digit,Michael Gomez,676256734358,473,07/29
2873,JCB 16 digit,Lauren Smith,3560099464278934,436,11/32
2874,VISA 13 digit,Nathaniel Haynes,3591393684741554,778,10/35
2875,Discover,Desiree Lopez,4777604687677185186,501,02/28
2876,American Express,Karen Evans,4579929089327822,662,08/27
2877,JCB 16 digit,John Martin,676141684719,122,11/28
2878,JCB 16 digit,Anthony Baker,676234329230,372,06/31
2879,Maestro,Chad Cox,4748371414293,693,12/33
2880,American Express,Earl Gonzales,4908111489909272990,417,11/31
2881,Maestro,Michael Barnes,6011280161862174,048,06/35
2882,Discover,Jason Finley,348972343687944,949,03/28
2883,JCB 16 digit,Alexis Nguyen,180072822796257,395,12/26
2884,JCB 15 digit,Jesus Johnson,4336480136971,459,06/33
2885,VISA 16 digit,Jacob Smith,346286319763650,299,11/28
2886,VISA 16 digit,Tammy Ramos,6011575145849522,262,04/31
2887,Mastercard,Angela Merritt,6555347358314491,120,05/32
2888,American Express,Brett Preston,6011203916984176,779,05/28
2889,VISA 16 digit,Lisa Carter,6011907744477068,549,07/30
2890,Maestro,Daniel Cruz,180014181839047,849,10/34
2891,JCB 16 digit,Thomas Peterson,344699931149219,153,08/28
2892,Discover,Lisa Fields,3559429664038866,165,10/34
2893,VISA 19 digit,Troy Brown,6011493713863893,187,08/29
2894,Maestro,Gabriela Watson,4142724805961,829,11/26
2895,VISA 19 digit,Ashley Jones,2461414064655054,900,08/33
2896,Discover,Stephanie Maldonado,4185787910230763,325,11/32
2897,VISA 13 digit,Jaime Smith,4600799846221995,102,09/29
2898,VISA 16 digit,Carlos Jones,340206000089930,888,04/31
2899,Diners Club / Carte Blanche,Benjamin Fox,4300424475226,5284,03/26
2900,JCB 16 digit,Joyce Thompson,6574437976111077,579,10/29
2901,Maestro,Michael Maldonado,4116670889929444722,982,11/32
2902,VISA 16 digit,John Summers,213103390586910,861,12/34
2903,Mastercard,Julia Howard,3599592202755648,669,07/35
2904,Discover,Kara Rojas,2273260137445272,874,08/26
2905,JCB 15 digit,Carrie Tyler,676133934254,704,02/30
2906,VISA 16 digit,Benjamin Mueller,180086511625452,1733,07/35
2907,VISA 19 digit,Jay Butler,2289448493037336,238,11/30
2908,VISA 13 digit,Craig Weber,4332525418324056,421,09/32
2909,Maestro,Danny Nelson,6011651852789175,733,05/29
2910,Discover,Mike Miller,4595709230202599,903,11/35
2911,Mastercard,Tracey Rodriguez,377407831806189,292,05/33
2912,VISA 13 digit,Joseph Brandt,630464683196,008,04/31
2913,JCB 16 digit,Brian Guerrero,378752055998769,365,07/27
2914,VISA 13 digit,Daniel Franklin,378478814898286,6049,12/29
2915,VISA 16 digit,Catherine Hart,30231732376012,732,03/34
2916,Maestro,Mark Curry,4832007141190475357,783,08/29
2917,VISA 16 digit,Christopher Hill,4567015353568806,474,09/32
2918,JCB 16 digit,Laura Fuller,4286512960905587,737,06/27
2919,VISA 13 digit,Charles Vincent,4330630682094427,245,06/31
2920,JCB 15 digit,Kimberly Mccoy,6011550731767644,209,05/28
2921,Mastercard,Raven Kim,180006975643718,876,11/28
2922,JCB 16 digit,Becky Smith,4500863324620713,539,12/33
2923,American Express,Erin Lucas,6568429752253015,389,07/28
2924,Maestro,Sandra Andrews,3560513237650070,521,10/29
2925,JCB 16 digit,Stephanie Mayer,30314986091378,548,05/33
2926,VISA 19 digit,Heather Marquez,4096630781908,451,04/34
2927,VISA 13 digit,Theresa Wilkins,676182008240,995,01/29
2928,JCB 15 digit,Joseph Mitchell,4201436114193,996,01/33
2929,Mastercard,Amy Valdez,4544401952262256860,022,12/31
2930,VISA 16 digit,Valerie Rosales,213180955583409,773,12/31
2931,Mastercard,Barbara Gilbert,4600683399824384948,2169,02/33
2932,VISA 16 digit,Molly Gomez,341507392914224,620,11/26
2933,JCB 16 digit,Michelle Best,38932202790010,052,07/30
2934,JCB 15 digit,Joseph Bailey,6011620799416473,863,12/31
2935,Diners Club / Carte Blanche,Virginia Coleman,4642412163948444,903,10/33
2936,VISA 19 digit,Virginia Liu,3534516353277746,249,02/35
2937,JCB 15 digit,Karen Howell,36744088669925,508,03/31
2938,VISA 13 digit,Jennifer Perez,675992771732,840,09/30
2939,Discover,April Ho,373937092751074,060,01/32
2940,JCB 16 digit,Amy Vargas,30192867879941,596,05/28
2941,Mastercard,Joseph Gray,4348453520557897,066,02/27
2942,JCB 16 digit,Leah Bruce,340037863503372,321,05/26
2943,American Express,Deborah Pruitt,6525896875182234,704,05/29
2944,Discover,Destiny Johnson MD,378298391384421,4952,06/27
2945,JCB 16 digit,Jeanette Kane,4006080157159934946,459,04/32
2946,VISA 13 digit,Valerie Mcguire,3550431486274249,240,09/32
2947,VISA 19 digit,David Williams,38823601856157,9992,02/32
2948,American Express,William Wise,2455852426330890,7709,03/33
2949,Mastercard,Katherine Chen,4696444529331192,496,05/35
2950,VISA 16 digit,Joseph Smith,3567719007804101,380,04/30
2951,VISA 16 digit,Mary Nelson,4570577306895,698,07/27
2952,JCB 16 digit,Joseph Myers,4605851327405,581,10/31
2953,Mastercard,Samantha Brady DDS,2221005427971955,874,07/31
2954,Diners Club / Carte Blanche,Joseph Allen,30261525320331,298,12/29
2955,American Express,Jamie Hayden,4699254885358,579,09/30
2956,JCB 15 digit,Mr. Edward Nelson,3589635934560802,243,08/30
2957,Diners Club / Carte Blanche,William Taylor,180057028196105,006,08/29
2958,JCB 15 digit,Adrienne Scott,3597672249066506,092,03/26
2959,Discover,Brooke Stokes,180030529435884,483,09/28
2960,Diners Club / Carte Blanche,Amanda Riley,4865080484583370,789,07/34
2961,Discover,Michael Patterson,213159698832885,217,10/30
2962,VISA 16 digit,Sandy Crane,4950775439727864139,162,01/33
2963,American Express,Peter Rivers,213134415528942,062,04/27
2964,VISA 16 digit,Kristi Hunter,503822665843,475,09/31
2965,VISA 13 digit,Cheryl Blankenship,3527861936386450,3075,06/30
2966,VISA 19 digit,Wanda Lopez,3538147456728470,714,05/28
2967,VISA 16 digit,Amber Edwards,30176797732916,019,04/35
2968,VISA 16 digit,Anne Villa,4740333709720,3869,01/36
2969,JCB 16 digit,Lori Smith,3518787979307841,766,11/31
2970,VISA 16 digit,Aaron Johnson,5527287200251623,610,05/30
2971,Maestro,Allen Fernandez,574582384115,171,12/29
2972,American Express,David Swanson,502022717958,113,10/28
2973,VISA 16 digit,Kimberly Petersen,2267541055995879,091,06/26
2974,JCB 15 digit,Linda Coleman,573859537405,721,08/33
2975,JCB 16 digit,James Harper,4378017504065,392,06/30
2976,Maestro,Julie Rodriguez,639079304361,049,09/29
2977,VISA 16 digit,Matthew Walsh,676268007793,032,10/27
2978,Mastercard,Isaiah King,4806098171188065,067,11/28
2979,American Express,Victoria Fisher,340562170168809,616,10/31
2980,VISA 16 digit,James Robinson Jr.,3555597378426462,293,02/34
2981,VISA 16 digit,Gary Reed,4863185355916764758,297,06/32
2982,JCB 16 digit,Bianca Alvarez,4618876949947,162,02/30
2983,VISA 16 digit,James Hart,3567819670913740,103,03/32
2984,VISA 16 digit,Christopher Doyle,30260248881520,578,07/29
2985,JCB 16 digit,Gail Gilmore,6593220436974178,556,11/34
2986,VISA 19 digit,Stacy Baird,4108951777082,660,08/34
2987,VISA 13 digit,John Williams MD,4642346350463073962,4814,04/31
2988,JCB 16 digit,Denise Johnson,4666783989908569,856,03/31
2989,Mastercard,Melanie Moore,5140782097951407,414,09/31
2990,VISA 19 digit,Kelly Flores,3562441027609114,023,06/33
2991,VISA 13 digit,Anthony Mcguire,4326488148924349,586,12/27
2992,Maestro,Ashley Bailey,4394120538356439,779,12/26
2993,VISA 16 digit,Seth Jenkins,4843168436894733461,298,01/34
2994,Discover,Patrick Hill,6011477369502038,685,12/29
2995,VISA 19 digit,Cristian Cochran,4432958944373975,813,12/30
2996,Discover,Adrienne Gonzalez,4814305825657868800,391,01/35
2997,Mastercard,Robert Jones,3598118532893387,775,02/28
2998,VISA 16 digit,Rebecca Mcguire,3537335158513099,5672,07/28
